species,k,sim,smoother,log_likelihood,num_train_states,num_test_states
bird1,0,1,0.001,-1.7686357951862997,1,1
bird1,0,1,0.01,-1.7686357404694906,1,1
bird1,0,1,0.1,-1.7686351938551759,1,1
bird1,1,1,0.001,-0.7878636136716742,9,8
bird1,1,1,0.01,-0.7872107288509241,9,8
bird1,1,1,0.1,-0.7865881912570073,9,8
bird1,2,1,0.001,-0.742944872915362,72,38
bird1,2,1,0.01,-0.7417781775745111,72,38
bird1,2,1,0.1,-0.7409042229842627,72,38
bird1,3,1,0.001,-0.728481124336024,576,78
bird1,3,1,0.01,-0.7264806564902336,576,78
bird1,3,1,0.1,-0.7255135378967265,576,78
bird1,4,1,0.001,-0.7285066107484639,4608,137
bird1,4,1,0.01,-0.7256327031454494,4608,137
bird1,4,1,0.1,-0.7246143927987643,4608,137
bird1,5,1,0.001,-0.7427295534039652,36864,201
bird1,5,1,0.01,-0.7361573591964061,36864,201
bird1,5,1,0.1,-0.7328798353785854,36864,201
bird1,0,2,0.001,-1.7506982690334376,1,1
bird1,0,2,0.01,-1.7506983802730243,1,1
bird1,0,2,0.1,-1.7506994929137782,1,1
bird1,1,2,0.001,-0.7897795409254491,9,8
bird1,1,2,0.01,-0.7897819564543073,9,8
bird1,1,2,0.1,-0.7898066307944261,9,8
bird1,2,2,0.001,-0.747977829107354,72,33
bird1,2,2,0.01,-0.7466034927257731,72,33
bird1,2,2,0.1,-0.74552907516136,72,33
bird1,3,2,0.001,-0.7392531976214003,576,72
bird1,3,2,0.01,-0.7373587795486284,576,72
bird1,3,2,0.1,-0.7363651803415858,576,72
bird1,4,2,0.001,-0.7437838805593121,4608,131
bird1,4,2,0.01,-0.7397172019335879,4608,131
bird1,4,2,0.1,-0.737641934246835,4608,131
bird1,5,2,0.001,-0.7594536256771843,36864,210
bird1,5,2,0.01,-0.7508507419212116,36864,210
bird1,5,2,0.1,-0.7464536546254723,36864,210
bird1,0,3,0.001,-1.7737130037269806,1,1
bird1,0,3,0.01,-1.7737129127301237,1,1
bird1,0,3,0.1,-1.7737120033265705,1,1
bird1,1,3,0.001,-0.7926942306508918,9,8
bird1,1,3,0.01,-0.7923554379393115,9,8
bird1,1,3,0.1,-0.792044350259289,9,8
bird1,2,3,0.001,-0.7468201359871328,72,34
bird1,2,3,0.01,-0.7448959530427028,72,34
bird1,2,3,0.1,-0.7433645894221773,72,34
bird1,3,3,0.001,-0.7341698761319949,576,73
bird1,3,3,0.01,-0.7318729166672471,576,73
bird1,3,3,0.1,-0.730606571587761,576,73
bird1,4,3,0.001,-0.7388931907629099,4608,126
bird1,4,3,0.01,-0.7336255193963442,4608,126
bird1,4,3,0.1,-0.7305172393375219,4608,126
bird1,5,3,0.001,-0.7474534282663451,36864,189
bird1,5,3,0.01,-0.7403282860674373,36864,189
bird1,5,3,0.1,-0.7364837463570724,36864,189
bird1,0,4,0.001,-1.7633669896324675,1,1
bird1,0,4,0.01,-1.763367008588145,1,1
bird1,0,4,0.1,-1.7633671985295631,1,1
bird1,1,4,0.001,-0.7965378850599638,9,8
bird1,1,4,0.01,-0.7958980153014823,9,8
bird1,1,4,0.1,-0.7952834506491548,9,8
bird1,2,4,0.001,-0.7545339844140704,72,36
bird1,2,4,0.01,-0.7528852913350386,72,36
bird1,2,4,0.1,-0.7515353886015603,72,36
bird1,3,4,0.001,-0.7445995319107671,576,81
bird1,3,4,0.01,-0.742658524333548,576,81
bird1,3,4,0.1,-0.7419239570805685,576,81
bird1,4,4,0.001,-0.7493390775267557,4608,140
bird1,4,4,0.01,-0.7453432637553472,4608,140
bird1,4,4,0.1,-0.7436636643799913,4608,140
bird1,5,4,0.001,-0.7668764250315372,36864,217
bird1,5,4,0.01,-0.7581817599362449,36864,217
bird1,5,4,0.1,-0.7538005659614886,36864,217
bird1,0,5,0.001,-1.7539801154373242,1,1
bird1,0,5,0.01,-1.7539801976467804,1,1
bird1,0,5,0.1,-1.7539810200353603,1,1
bird1,1,5,0.001,-0.7827046172139983,9,8
bird1,1,5,0.01,-0.7827069508245488,9,8
bird1,1,5,0.1,-0.7827309109177272,9,8
bird1,2,5,0.001,-0.7363063557028471,72,33
bird1,2,5,0.01,-0.7358094761311705,72,33
bird1,2,5,0.1,-0.7356276179247845,72,33
bird1,3,5,0.001,-0.7244582313941247,576,69
bird1,3,5,0.01,-0.7230953590105001,576,69
bird1,3,5,0.1,-0.722607704616753,576,69
bird1,4,5,0.001,-0.7274716724353945,4608,119
bird1,4,5,0.01,-0.7246732533662141,4608,119
bird1,4,5,0.1,-0.7236477674811759,4608,119
bird1,5,5,0.001,-0.7412968648044073,36864,184
bird1,5,5,0.01,-0.7336525489107009,36864,184
bird1,5,5,0.1,-0.729305635452081,36864,184
bird1,0,6,0.001,-1.7481923500146135,1,1
bird1,0,6,0.01,-1.7481924346049542,1,1
bird1,0,6,0.1,-1.748193280826558,1,1
bird1,1,6,0.001,-0.7837510008822053,9,8
bird1,1,6,0.01,-0.7837549043041228,9,8
bird1,1,6,0.1,-0.7837943700028486,9,8
bird1,2,6,0.001,-0.744027765593794,72,32
bird1,2,6,0.01,-0.7421361498828375,72,32
bird1,2,6,0.1,-0.7405229298258407,72,32
bird1,3,6,0.001,-0.7304918709785392,576,69
bird1,3,6,0.01,-0.729119531614527,576,69
bird1,3,6,0.1,-0.7283899655964414,576,69
bird1,4,6,0.001,-0.7349174791238112,4608,114
bird1,4,6,0.01,-0.7315703155108668,4608,114
bird1,4,6,0.1,-0.7296889384868399,4608,114
bird1,5,6,0.001,-0.7384793325646254,36864,173
bird1,5,6,0.01,-0.7338048387560884,36864,173
bird1,5,6,0.1,-0.731769815205925,36864,173
bird1,0,7,0.001,-1.7673284002522638,1,1
bird1,0,7,0.01,-1.767328398125325,1,1
bird1,0,7,0.1,-1.7673283772513921,1,1
bird1,1,7,0.001,-0.7931948947329817,9,8
bird1,1,7,0.01,-0.7930291895806005,9,8
bird1,1,7,0.1,-0.7928764888880167,9,8
bird1,2,7,0.001,-0.7505441345261579,72,34
bird1,2,7,0.01,-0.748676197908814,72,34
bird1,2,7,0.1,-0.7472890091300045,72,34
bird1,3,7,0.001,-0.736064826549951,576,72
bird1,3,7,0.01,-0.7341819975340486,576,72
bird1,3,7,0.1,-0.7332383722554153,576,72
bird1,4,7,0.001,-0.7453360572639227,4608,125
bird1,4,7,0.01,-0.740410371714836,4608,125
bird1,4,7,0.1,-0.7378287594030404,4608,125
bird1,5,7,0.001,-0.7590689626555056,36864,190
bird1,5,7,0.01,-0.7493479935759564,36864,190
bird1,5,7,0.1,-0.74401212487816,36864,190
bird1,0,8,0.001,-1.7684579731035706,1,1
bird1,0,8,0.01,-1.7684579159761997,1,1
bird1,0,8,0.1,-1.7684573452432468,1,1
bird1,1,8,0.001,-0.7880339511986205,9,8
bird1,1,8,0.01,-0.7877070907862608,9,8
bird1,1,8,0.1,-0.7874013093688613,9,8
bird1,2,8,0.001,-0.7461729828542704,72,34
bird1,2,8,0.01,-0.7441590133719447,72,34
bird1,2,8,0.1,-0.7426019325488051,72,34
bird1,3,8,0.001,-0.7395826080342297,576,78
bird1,3,8,0.01,-0.7364751890050261,576,78
bird1,3,8,0.1,-0.7342846066205819,576,78
bird1,4,8,0.001,-0.7435592997380767,4608,135
bird1,4,8,0.01,-0.7391585970686249,4608,135
bird1,4,8,0.1,-0.7363443407771555,4608,135
bird1,5,8,0.001,-0.7548880858238681,36864,205
bird1,5,8,0.01,-0.7473967338725774,36864,205
bird1,5,8,0.1,-0.7426109504966526,36864,205
bird1,0,9,0.001,-1.7364935332740514,1,1
bird1,0,9,0.01,-1.736493703167779,1,1
bird1,0,9,0.1,-1.7364954022903494,1,1
bird1,1,9,0.001,-0.7906447556065592,9,8
bird1,1,9,0.01,-0.7906472277963176,9,8
bird1,1,9,0.1,-0.790672413908074,9,8
bird1,2,9,0.001,-0.746264163171759,72,31
bird1,2,9,0.01,-0.7452361225887639,72,31
bird1,2,9,0.1,-0.7444730316217757,72,31
bird1,3,9,0.001,-0.7311513975566977,576,74
bird1,3,9,0.01,-0.7296105936921242,576,74
bird1,3,9,0.1,-0.7289146711331476,576,74
bird1,4,9,0.001,-0.7341194169394398,4608,132
bird1,4,9,0.01,-0.731129636166756,4608,132
bird1,4,9,0.1,-0.7297627738594891,4608,132
bird1,5,9,0.001,-0.7445511127911761,36864,206
bird1,5,9,0.01,-0.7383120264533435,36864,206
bird1,5,9,0.1,-0.7350959328316075,36864,206
bird1,0,10,0.001,-1.7465266539328843,1,1
bird1,0,10,0.01,-1.7465267528654878,1,1
bird1,0,10,0.1,-1.7465277424588235,1,1
bird1,1,10,0.001,-0.7890852496179899,9,8
bird1,1,10,0.01,-0.7889127927999484,9,8
bird1,1,10,0.1,-0.7887669488075735,9,8
bird1,2,10,0.001,-0.7489521522865986,72,33
bird1,2,10,0.01,-0.746777903757492,72,33
bird1,2,10,0.1,-0.744911769501681,72,33
bird1,3,10,0.001,-0.7357501010580597,576,69
bird1,3,10,0.01,-0.7333293251188429,576,69
bird1,3,10,0.1,-0.7315004656460341,576,69
bird1,4,10,0.001,-0.7425862350224828,4608,121
bird1,4,10,0.01,-0.7378904065307939,4608,121
bird1,4,10,0.1,-0.7348456272212676,4608,121
bird1,5,10,0.001,-0.7428162210485291,36864,184
bird1,5,10,0.01,-0.7384070873526176,36864,184
bird1,5,10,0.1,-0.7363672426399023,36864,184
bird1,0,11,0.001,-1.7649137499243754,1,1
bird1,0,11,0.01,-1.7649137642300519,1,1
bird1,0,11,0.1,-1.7649139076793834,1,1
bird1,1,11,0.001,-0.7844363783139349,9,8
bird1,1,11,0.01,-0.7837436075504167,9,8
bird1,1,11,0.1,-0.783073987389156,9,8
bird1,2,11,0.001,-0.7424070493663838,72,36
bird1,2,11,0.01,-0.7413437860576161,72,36
bird1,2,11,0.1,-0.740554037236232,72,36
bird1,3,11,0.001,-0.7320430257076179,576,71
bird1,3,11,0.01,-0.7294745897833584,576,71
bird1,3,11,0.1,-0.7276145955218369,576,71
bird1,4,11,0.001,-0.738098445464245,4608,114
bird1,4,11,0.01,-0.7345382566591545,4608,114
bird1,4,11,0.1,-0.7322530578290036,4608,114
bird1,5,11,0.001,-0.7479008527496889,36864,172
bird1,5,11,0.01,-0.7418591214287553,36864,172
bird1,5,11,0.1,-0.7379697404952366,36864,172
bird1,0,12,0.001,-1.7641390237477694,1,1
bird1,0,12,0.01,-1.7641389675153323,1,1
bird1,0,12,0.1,-1.764138405751699,1,1
bird1,1,12,0.001,-0.7905246925230444,9,8
bird1,1,12,0.01,-0.7900211560312816,9,8
bird1,1,12,0.1,-0.7895559800148428,9,8
bird1,2,12,0.001,-0.743884551070471,72,35
bird1,2,12,0.01,-0.7426776288651221,72,35
bird1,2,12,0.1,-0.7418026723201494,72,35
bird1,3,12,0.001,-0.7358436265181878,576,71
bird1,3,12,0.01,-0.7328051870857196,576,71
bird1,3,12,0.1,-0.7306249496807026,576,71
bird1,4,12,0.001,-0.7401719378039711,4608,122
bird1,4,12,0.01,-0.7373155884479633,4608,122
bird1,4,12,0.1,-0.7359458417479421,4608,122
bird1,5,12,0.001,-0.7477100265063555,36864,186
bird1,5,12,0.01,-0.741599599323584,36864,186
bird1,5,12,0.1,-0.7384448174220857,36864,186
bird1,0,13,0.001,-1.7815324397217709,1,1
bird1,0,13,0.01,-1.7815322661896376,1,1
bird1,0,13,0.1,-1.78153053168093,1,1
bird1,1,13,0.001,-0.7905853328748297,9,8
bird1,1,13,0.01,-0.7904370270148937,9,8
bird1,1,13,0.1,-0.7903176378709682,9,8
bird1,2,13,0.001,-0.7511441029272525,72,35
bird1,2,13,0.01,-0.7493037956093621,72,35
bird1,2,13,0.1,-0.7479545235029547,72,35
bird1,3,13,0.001,-0.7425180398321389,576,78
bird1,3,13,0.01,-0.7386155771414211,576,78
bird1,3,13,0.1,-0.7361755716507087,576,78
bird1,4,13,0.001,-0.7484857377236189,4608,142
bird1,4,13,0.01,-0.7427531332048631,4608,142
bird1,4,13,0.1,-0.7394803430393206,4608,142
bird1,5,13,0.001,-0.7597367473853021,36864,216
bird1,5,13,0.01,-0.7523705976624012,36864,216
bird1,5,13,0.1,-0.7486333577309484,36864,216
bird1,0,14,0.001,-1.756205241813597,1,1
bird1,0,14,0.01,-1.7562052574297087,1,1
bird1,0,14,0.1,-1.7562054140006813,1,1
bird1,1,14,0.001,-0.7863631574467375,9,8
bird1,1,14,0.01,-0.7858788507807686,9,8
bird1,1,14,0.1,-0.7854321379635015,9,8
bird1,2,14,0.001,-0.7380331728860094,72,35
bird1,2,14,0.01,-0.7372128787392531,72,35
bird1,2,14,0.1,-0.7366613354744936,72,35
bird1,3,14,0.001,-0.7293051317667997,576,73
bird1,3,14,0.01,-0.7267842055152961,576,73
bird1,3,14,0.1,-0.7252996777534508,576,73
bird1,4,14,0.001,-0.7349438923179952,4608,124
bird1,4,14,0.01,-0.7306339248047143,4608,124
bird1,4,14,0.1,-0.7280878199765424,4608,124
bird1,5,14,0.001,-0.7442836162741789,36864,192
bird1,5,14,0.01,-0.7371561421712557,36864,192
bird1,5,14,0.1,-0.7331320826765894,36864,192
bird1,0,15,0.001,-1.7749759499592959,1,1
bird1,0,15,0.01,-1.7749758079409466,1,1
bird1,0,15,0.1,-1.7749743885152682,1,1
bird1,1,15,0.001,-0.780799536581773,9,8
bird1,1,15,0.01,-0.7808026671202706,9,8
bird1,1,15,0.1,-0.78083510474518,9,8
bird1,2,15,0.001,-0.7389012140761987,72,35
bird1,2,15,0.01,-0.737222718295565,72,35
bird1,2,15,0.1,-0.7359913342655933,72,35
bird1,3,15,0.001,-0.7252247335030131,576,71
bird1,3,15,0.01,-0.7228541154895219,576,71
bird1,3,15,0.1,-0.7216323741930121,576,71
bird1,4,15,0.001,-0.7273566931464835,4608,120
bird1,4,15,0.01,-0.7235221855477396,4608,120
bird1,4,15,0.1,-0.7215507227449853,4608,120
bird1,5,15,0.001,-0.7452121560082807,36864,187
bird1,5,15,0.01,-0.7372074276140029,36864,187
bird1,5,15,0.1,-0.7323681162860243,36864,187
bird1,0,16,0.001,-1.7658006672131923,1,1
bird1,0,16,0.01,-1.765800650010588,1,1
bird1,0,16,0.1,-1.7658004784277812,1,1
bird1,1,16,0.001,-0.7878489948454069,9,8
bird1,1,16,0.01,-0.7873320099950085,9,8
bird1,1,16,0.1,-0.786858213086424,9,8
bird1,2,16,0.001,-0.7407479979203232,72,31
bird1,2,16,0.01,-0.7394920770180524,72,31
bird1,2,16,0.1,-0.7384237010914787,72,31
bird1,3,16,0.001,-0.7258538009759112,576,71
bird1,3,16,0.01,-0.7234900152396309,576,71
bird1,3,16,0.1,-0.7219446893446162,576,71
bird1,4,16,0.001,-0.7263446569133528,4608,116
bird1,4,16,0.01,-0.7229958426987995,4608,116
bird1,4,16,0.1,-0.7210268957046877,4608,116
bird1,5,16,0.001,-0.7296849255165755,36864,171
bird1,5,16,0.01,-0.7242878176787562,36864,171
bird1,5,16,0.1,-0.7211177764855161,36864,171
bird1,0,17,0.001,-1.7609956546804424,1,1
bird1,0,17,0.01,-1.7609956509711442,1,1
bird1,0,17,0.1,-1.760995614336324,1,1
bird1,1,17,0.001,-0.7835799705233393,9,8
bird1,1,17,0.01,-0.7832621772564787,9,8
bird1,1,17,0.1,-0.7829691663668962,9,8
bird1,2,17,0.001,-0.7427169097176076,72,36
bird1,2,17,0.01,-0.7415814619820614,72,36
bird1,2,17,0.1,-0.7407665137910266,72,36
bird1,3,17,0.001,-0.7336154257078976,576,79
bird1,3,17,0.01,-0.7304494258559237,576,79
bird1,3,17,0.1,-0.7284483442079377,576,79
bird1,4,17,0.001,-0.7385257448632226,4608,140
bird1,4,17,0.01,-0.7341702168848229,4608,140
bird1,4,17,0.1,-0.7320986679985094,4608,140
bird1,5,17,0.001,-0.746593393855491,36864,212
bird1,5,17,0.01,-0.7400009701091216,36864,212
bird1,5,17,0.1,-0.7369595677563606,36864,212
bird1,0,18,0.001,-1.762134338907275,1,1
bird1,0,18,0.01,-1.7621343083510634,1,1
bird1,0,18,0.1,-1.7621340032806125,1,1
bird1,1,18,0.001,-0.784485820761495,9,8
bird1,1,18,0.01,-0.7843152866331516,9,8
bird1,1,18,0.1,-0.7841627856984864,9,8
bird1,2,18,0.001,-0.7421034784909943,72,36
bird1,2,18,0.01,-0.7401616767750337,72,36
bird1,2,18,0.1,-0.7386092599012607,72,36
bird1,3,18,0.001,-0.7324057367986606,576,76
bird1,3,18,0.01,-0.7289656646544316,576,76
bird1,3,18,0.1,-0.7264657655496594,576,76
bird1,4,18,0.001,-0.735108797607616,4608,130
bird1,4,18,0.01,-0.7316232838913032,4608,130
bird1,4,18,0.1,-0.7296417630263472,4608,130
bird1,5,18,0.001,-0.7429831776466423,36864,196
bird1,5,18,0.01,-0.7386452904764973,36864,196
bird1,5,18,0.1,-0.7367236791913949,36864,196
bird1,0,19,0.001,-1.7504594409913403,1,1
bird1,0,19,0.01,-1.75045949076559,1,1
bird1,0,19,0.1,-1.750459988879723,1,1
bird1,1,19,0.001,-0.7828733194431755,9,8
bird1,1,19,0.01,-0.7827059236966152,9,8
bird1,1,19,0.1,-0.7825632297967196,9,8
bird1,2,19,0.001,-0.741611598613756,72,34
bird1,2,19,0.01,-0.7400424668826076,72,34
bird1,2,19,0.1,-0.7387787564120881,72,34
bird1,3,19,0.001,-0.7280227937988099,576,73
bird1,3,19,0.01,-0.7262660829049693,576,73
bird1,3,19,0.1,-0.7252767840001407,576,73
bird1,4,19,0.001,-0.7345671305523458,4608,125
bird1,4,19,0.01,-0.7309699861514461,4608,125
bird1,4,19,0.1,-0.7290134733079129,4608,125
bird1,5,19,0.001,-0.7384573130912174,36864,193
bird1,5,19,0.01,-0.734240444250922,36864,193
bird1,5,19,0.1,-0.7326108695454424,36864,193
bird1,0,20,0.001,-1.7523562794706264,1,1
bird1,0,20,0.01,-1.7523563650473641,1,1
bird1,0,20,0.1,-1.7523572211265308,1,1
bird1,1,20,0.001,-0.7791223331216331,9,8
bird1,1,20,0.01,-0.7791265735588,9,8
bird1,1,20,0.1,-0.7791694055087204,9,8
bird1,2,20,0.001,-0.7346845433253575,72,33
bird1,2,20,0.01,-0.7342210892540129,72,33
bird1,2,20,0.1,-0.7340224698163949,72,33
bird1,3,20,0.001,-0.7190856332026433,576,65
bird1,3,20,0.01,-0.718302572483724,576,65
bird1,3,20,0.1,-0.7181120880634939,576,65
bird1,4,20,0.001,-0.7227779096216181,4608,111
bird1,4,20,0.01,-0.7195185030990419,4608,111
bird1,4,20,0.1,-0.7179921159694035,4608,111
bird1,5,20,0.001,-0.7245582467779811,36864,167
bird1,5,20,0.01,-0.7208817825332833,36864,167
bird1,5,20,0.1,-0.7195810961246272,36864,167
bird1,0,21,0.001,-1.7658795286108813,1,1
bird1,0,21,0.01,-1.765879526377161,1,1
bird1,0,21,0.1,-1.7658795044570093,1,1
bird1,1,21,0.001,-0.7844796420310537,9,8
bird1,1,21,0.01,-0.7839656834832752,9,8
bird1,1,21,0.1,-0.7834627046284487,9,8
bird1,2,21,0.001,-0.743330450429389,72,38
bird1,2,21,0.01,-0.7415769661552086,72,38
bird1,2,21,0.1,-0.7402269264708976,72,38
bird1,3,21,0.001,-0.7333511271565867,576,74
bird1,3,21,0.01,-0.7299113418267655,576,74
bird1,3,21,0.1,-0.7274784070081809,576,74
bird1,4,21,0.001,-0.736697462317256,4608,125
bird1,4,21,0.01,-0.7332255059802725,4608,125
bird1,4,21,0.1,-0.7313939889340184,4608,125
bird1,5,21,0.001,-0.7491381978101944,36864,186
bird1,5,21,0.01,-0.7413221587895904,36864,186
bird1,5,21,0.1,-0.736811041326629,36864,186
bird1,0,22,0.001,-1.7746822530614363,1,1
bird1,0,22,0.01,-1.7746821389573164,1,1
bird1,0,22,0.1,-1.7746809985578924,1,1
bird1,1,22,0.001,-0.791695768332955,9,8
bird1,1,22,0.01,-0.7911933682615196,9,8
bird1,1,22,0.1,-0.7907180817956909,9,8
bird1,2,22,0.001,-0.7462618001552057,72,37
bird1,2,22,0.01,-0.7450803699351576,72,37
bird1,2,22,0.1,-0.7443487526684217,72,37
bird1,3,22,0.001,-0.73622898389789,576,79
bird1,3,22,0.01,-0.7341392655466582,576,79
bird1,3,22,0.1,-0.7329483727208321,576,79
bird1,4,22,0.001,-0.7382045023010108,4608,134
bird1,4,22,0.01,-0.7357795240859913,4608,134
bird1,4,22,0.1,-0.7350526135492668,4608,134
bird1,5,22,0.001,-0.755610767831366,36864,201
bird1,5,22,0.01,-0.7474383970494686,36864,201
bird1,5,22,0.1,-0.7425527341955268,36864,201
bird1,0,23,0.001,-1.7634008504565821,1,1
bird1,0,23,0.01,-1.7634008861404156,1,1
bird1,0,23,0.1,-1.763401243324136,1,1
bird1,1,23,0.001,-0.7827395035711255,9,8
bird1,1,23,0.01,-0.7827441433184645,9,8
bird1,1,23,0.1,-0.782790631948056,9,8
bird1,2,23,0.001,-0.7404914270136472,72,29
bird1,2,23,0.01,-0.7398113968443747,72,29
bird1,2,23,0.1,-0.7393439932536339,72,29
bird1,3,23,0.001,-0.7262225215248074,576,64
bird1,3,23,0.01,-0.7255867917354409,576,64
bird1,3,23,0.1,-0.7257358802247126,576,64
bird1,4,23,0.001,-0.7273651041513375,4608,114
bird1,4,23,0.01,-0.724619171183564,4608,114
bird1,4,23,0.1,-0.7238026391204119,4608,114
bird1,5,23,0.001,-0.7452291706254707,36864,185
bird1,5,23,0.01,-0.7381271612323882,36864,185
bird1,5,23,0.1,-0.7344790519572687,36864,185
bird1,0,24,0.001,-1.7840118786505217,1,1
bird1,0,24,0.01,-1.7840116875291785,1,1
bird1,0,24,0.1,-1.7840097771339036,1,1
bird1,1,24,0.001,-0.7867529092097377,9,8
bird1,1,24,0.01,-0.7862577094863843,9,8
bird1,1,24,0.1,-0.7857734272131911,9,8
bird1,2,24,0.001,-0.7458498498057036,72,37
bird1,2,24,0.01,-0.7428112614904874,72,37
bird1,2,24,0.1,-0.7403710576331782,72,37
bird1,3,24,0.001,-0.7353637064022668,576,84
bird1,3,24,0.01,-0.7305030910903252,576,84
bird1,3,24,0.1,-0.7270333303074296,576,84
bird1,4,24,0.001,-0.7405330654799887,4608,146
bird1,4,24,0.01,-0.7348525894554852,4608,146
bird1,4,24,0.1,-0.7312672764488762,4608,146
bird1,5,24,0.001,-0.7588940270775639,36864,218
bird1,5,24,0.01,-0.7504678765628283,36864,218
bird1,5,24,0.1,-0.7454342110803607,36864,218
bird1,0,25,0.001,-1.749500474266641,1,1
bird1,0,25,0.01,-1.7495005288402001,1,1
bird1,0,25,0.1,-1.749501074966472,1,1
bird1,1,25,0.001,-0.7797593868984815,9,8
bird1,1,25,0.01,-0.7792913957056238,9,8
bird1,1,25,0.1,-0.7788566814547602,9,8
bird1,2,25,0.001,-0.741759194705055,72,35
bird1,2,25,0.01,-0.7399804819953041,72,35
bird1,2,25,0.1,-0.7384672301047692,72,35
bird1,3,25,0.001,-0.729470960079118,576,73
bird1,3,25,0.01,-0.7275205405346397,576,73
bird1,3,25,0.1,-0.7262619314945205,576,73
bird1,4,25,0.001,-0.7295204242542819,4608,120
bird1,4,25,0.01,-0.7270643386299054,4608,120
bird1,4,25,0.1,-0.7258957218002435,4608,120
bird1,5,25,0.001,-0.7376405502968633,36864,180
bird1,5,25,0.01,-0.7328514474467868,36864,180
bird1,5,25,0.1,-0.7302299800712011,36864,180
bird1,0,26,0.001,-1.7427724033656782,1,1
bird1,0,26,0.01,-1.7427725135106817,1,1
bird1,0,26,0.1,-1.7427736152429307,1,1
bird1,1,26,0.001,-0.7905626543368992,9,8
bird1,1,26,0.01,-0.7902363731550821,9,8
bird1,1,26,0.1,-0.7899354646575297,9,8
bird1,2,26,0.001,-0.7506437538985239,72,37
bird1,2,26,0.01,-0.7493007614671585,72,37
bird1,2,26,0.1,-0.7482776991036779,72,37
bird1,3,26,0.001,-0.7421254085615022,576,75
bird1,3,26,0.01,-0.7391911024431954,576,75
bird1,3,26,0.1,-0.7371103646198832,576,75
bird1,4,26,0.001,-0.7510436268988615,4608,132
bird1,4,26,0.01,-0.7468571276616311,4608,132
bird1,4,26,0.1,-0.744369282649725,4608,132
bird1,5,26,0.001,-0.7693072993873368,36864,204
bird1,5,26,0.01,-0.7598704151060309,36864,204
bird1,5,26,0.1,-0.7538409538237986,36864,204
bird1,0,27,0.001,-1.75093427819913,1,1
bird1,0,27,0.01,-1.7509343578427756,1,1
bird1,0,27,0.1,-1.7509351545992902,1,1
bird1,1,27,0.001,-0.7815542302946503,9,8
bird1,1,27,0.01,-0.7813943954108662,9,8
bird1,1,27,0.1,-0.7812677077374148,9,8
bird1,2,27,0.001,-0.7362383666632345,72,34
bird1,2,27,0.01,-0.7349108339519349,72,34
bird1,2,27,0.1,-0.7339260969202585,72,34
bird1,3,27,0.001,-0.7234667599442087,576,68
bird1,3,27,0.01,-0.7216081420456263,576,68
bird1,3,27,0.1,-0.7205252953110877,576,68
bird1,4,27,0.001,-0.7409199350991892,4608,115
bird1,4,27,0.01,-0.733372549514163,4608,115
bird1,4,27,0.1,-0.7279997000366368,4608,115
bird1,5,27,0.001,-0.7405534830816275,36864,176
bird1,5,27,0.01,-0.73428998380358,36864,176
bird1,5,27,0.1,-0.7309404194410006,36864,176
bird1,0,28,0.001,-1.7661408172839326,1,1
bird1,0,28,0.01,-1.7661408159423264,1,1
bird1,0,28,0.1,-1.7661408029283485,1,1
bird1,1,28,0.001,-0.7885199531311741,9,8
bird1,1,28,0.01,-0.788352257612483,9,8
bird1,1,28,0.1,-0.7882044315479015,9,8
bird1,2,28,0.001,-0.7467271402481331,72,35
bird1,2,28,0.01,-0.7449889821532765,72,35
bird1,2,28,0.1,-0.743621664838238,72,35
bird1,3,28,0.001,-0.7361603818222715,576,78
bird1,3,28,0.01,-0.7331769940564911,576,78
bird1,3,28,0.1,-0.7314298352652249,576,78
bird1,4,28,0.001,-0.7408957857945798,4608,139
bird1,4,28,0.01,-0.7351667049946977,4608,139
bird1,4,28,0.1,-0.7321249064587878,4608,139
bird1,5,28,0.001,-0.7413206696920313,36864,206
bird1,5,28,0.01,-0.7368452900273561,36864,206
bird1,5,28,0.1,-0.7359468028153806,36864,206
bird1,0,29,0.001,-1.7487984177597584,1,1
bird1,0,29,0.01,-1.7487984996857935,1,1
bird1,0,29,0.1,-1.7487993192682159,1,1
bird1,1,29,0.001,-0.7822605323099029,9,8
bird1,1,29,0.01,-0.7820947900779462,9,8
bird1,1,29,0.1,-0.7819494753478269,9,8
bird1,2,29,0.001,-0.7430699951802198,72,36
bird1,2,29,0.01,-0.7415243906341497,72,36
bird1,2,29,0.1,-0.7403051829743953,72,36
bird1,3,29,0.001,-0.7295001885147162,576,77
bird1,3,29,0.01,-0.7277817526433735,576,77
bird1,3,29,0.1,-0.7269149500812888,576,77
bird1,4,29,0.001,-0.733442178737038,4608,130
bird1,4,29,0.01,-0.7306753963502788,4608,130
bird1,4,29,0.1,-0.7297265607880503,4608,130
bird1,5,29,0.001,-0.7482114895518778,36864,194
bird1,5,29,0.01,-0.7405464392252841,36864,194
bird1,5,29,0.1,-0.7366923269083853,36864,194
bird1,0,30,0.001,-1.7480156945458507,1,1
bird1,0,30,0.01,-1.7480157889101386,1,1
bird1,0,30,0.1,-1.7480167328540974,1,1
bird1,1,30,0.001,-0.7877893427256966,9,8
bird1,1,30,0.01,-0.7877919520340855,9,8
bird1,1,30,0.1,-0.7878186007967583,9,8
bird1,2,30,0.001,-0.7462465984582889,72,34
bird1,2,30,0.01,-0.7448898326818293,72,34
bird1,2,30,0.1,-0.7438312710910994,72,34
bird1,3,30,0.001,-0.7321611311685665,576,77
bird1,3,30,0.01,-0.7310017832321051,576,77
bird1,3,30,0.1,-0.7306802050126552,576,77
bird1,4,30,0.001,-0.7365207520487355,4608,127
bird1,4,30,0.01,-0.7332083126086121,4608,127
bird1,4,30,0.1,-0.7315826870847907,4608,127
bird1,5,30,0.001,-0.7552129486887559,36864,199
bird1,5,30,0.01,-0.7479286039555167,36864,199
bird1,5,30,0.1,-0.7435909693917598,36864,199
bird1,0,31,0.001,-1.763053143632275,1,1
bird1,0,31,0.01,-1.763053168953759,1,1
bird1,0,31,0.1,-1.763053422543756,1,1
bird1,1,31,0.001,-0.7810414294327419,9,8
bird1,1,31,0.01,-0.7810449796848343,9,8
bird1,1,31,0.1,-0.7810807399526085,9,8
bird1,2,31,0.001,-0.7394302214533947,72,33
bird1,2,31,0.01,-0.7391230836241784,72,33
bird1,2,31,0.1,-0.7390796611669381,72,33
bird1,3,31,0.001,-0.7308969407819018,576,75
bird1,3,31,0.01,-0.72879932361186,576,75
bird1,3,31,0.1,-0.7279953193027207,576,75
bird1,4,31,0.001,-0.7311444106538263,4608,135
bird1,4,31,0.01,-0.7276862478684155,4608,135
bird1,4,31,0.1,-0.7266264780035975,4608,135
bird1,5,31,0.001,-0.7481443666827088,36864,210
bird1,5,31,0.01,-0.7401118053031887,36864,210
bird1,5,31,0.1,-0.736116846186097,36864,210
bird1,0,32,0.001,-1.778869781107653,1,1
bird1,0,32,0.01,-1.7788697104643796,1,1
bird1,0,32,0.1,-1.7788690045468387,1,1
bird1,1,32,0.001,-0.7880536740408284,9,8
bird1,1,32,0.01,-0.787878999059026,9,8
bird1,1,32,0.1,-0.787709501131356,9,8
bird1,2,32,0.001,-0.7439948568807514,72,36
bird1,2,32,0.01,-0.7425808032493546,72,36
bird1,2,32,0.1,-0.7415994120598962,72,36
bird1,3,32,0.001,-0.7343064327945625,576,80
bird1,3,32,0.01,-0.7311947761198353,576,80
bird1,3,32,0.1,-0.7291723770442187,576,80
bird1,4,32,0.001,-0.7394889173108263,4608,137
bird1,4,32,0.01,-0.7343939151234598,4608,137
bird1,4,32,0.1,-0.7311873143345612,4608,137
bird1,5,32,0.001,-0.7534705959944221,36864,208
bird1,5,32,0.01,-0.7456371970446136,36864,208
bird1,5,32,0.1,-0.7409487800045698,36864,208
bird1,0,33,0.001,-1.7707283261970295,1,1
bird1,0,33,0.01,-1.7707282410208167,1,1
bird1,0,33,0.1,-1.7707273898070421,1,1
bird1,1,33,0.001,-0.7889271348864947,9,8
bird1,1,33,0.01,-0.7882308970416115,9,8
bird1,1,33,0.1,-0.7875614066214772,9,8
bird1,2,33,0.001,-0.749023159366986,72,37
bird1,2,33,0.01,-0.7472241692658323,72,37
bird1,2,33,0.1,-0.7457797487914484,72,37
bird1,3,33,0.001,-0.7356642601597734,576,78
bird1,3,33,0.01,-0.7330883182017096,576,78
bird1,3,33,0.1,-0.7313499665953478,576,78
bird1,4,33,0.001,-0.7430885892140134,4608,134
bird1,4,33,0.01,-0.7387970038515302,4608,134
bird1,4,33,0.1,-0.7364390237396163,4608,134
bird1,5,33,0.001,-0.7597340176282243,36864,205
bird1,5,33,0.01,-0.7509916842973319,36864,205
bird1,5,33,0.1,-0.7459873027908401,36864,205
bird1,0,34,0.001,-1.7563719641888509,1,1
bird1,0,34,0.01,-1.7563720027367995,1,1
bird1,0,34,0.1,-1.7563723886205225,1,1
bird1,1,34,0.001,-0.7871084073166951,9,8
bird1,1,34,0.01,-0.7867871343680389,9,8
bird1,1,34,0.1,-0.7864916978873007,9,8
bird1,2,34,0.001,-0.740873455795322,72,36
bird1,2,34,0.01,-0.739899282241892,72,36
bird1,2,34,0.1,-0.7392755931781293,72,36
bird1,3,34,0.001,-0.7319785996434207,576,76
bird1,3,34,0.01,-0.7294767651484096,576,76
bird1,3,34,0.1,-0.7280687321682249,576,76
bird1,4,34,0.001,-0.740848820532809,4608,138
bird1,4,34,0.01,-0.7344927642631076,4608,138
bird1,4,34,0.1,-0.7306212138532331,4608,138
bird1,5,34,0.001,-0.7474798508584254,36864,211
bird1,5,34,0.01,-0.7393367116111859,36864,211
bird1,5,34,0.1,-0.7349142622858836,36864,211
bird1,0,35,0.001,-1.7740873122543237,1,1
bird1,0,35,0.01,-1.7740873006366427,1,1
bird1,0,35,0.1,-1.7740871848868187,1,1
bird1,1,35,0.001,-0.783515950726552,9,8
bird1,1,35,0.01,-0.7830046660017476,9,8
bird1,1,35,0.1,-0.782519249626747,9,8
bird1,2,35,0.001,-0.7446145477664013,72,37
bird1,2,35,0.01,-0.7426659506952297,72,37
bird1,2,35,0.1,-0.741030685691871,72,37
bird1,3,35,0.001,-0.7376698235571431,576,79
bird1,3,35,0.01,-0.7346096807925784,576,79
bird1,3,35,0.1,-0.732533060003522,576,79
bird1,4,35,0.001,-0.7400963426837625,4608,130
bird1,4,35,0.01,-0.736240838527327,4608,130
bird1,4,35,0.1,-0.7340013008230608,4608,130
bird1,5,35,0.001,-0.7487113212424206,36864,192
bird1,5,35,0.01,-0.743026962328172,36864,192
bird1,5,35,0.1,-0.7401440230842735,36864,192
bird1,0,36,0.001,-1.7650856480629866,1,1
bird1,0,36,0.01,-1.7650856553081777,1,1
bird1,0,36,0.1,-1.7650857281678305,1,1
bird1,1,36,0.001,-0.778338817529135,9,8
bird1,1,36,0.01,-0.778167186489255,9,8
bird1,1,36,0.1,-0.7780157328217652,9,8
bird1,2,36,0.001,-0.7371741349813451,72,33
bird1,2,36,0.01,-0.7363010206096291,72,33
bird1,2,36,0.1,-0.7357925748455428,72,33
bird1,3,36,0.001,-0.7287875484079734,576,68
bird1,3,36,0.01,-0.7264657593874588,576,68
bird1,3,36,0.1,-0.7253024840891887,576,68
bird1,4,36,0.001,-0.7275124947417931,4608,122
bird1,4,36,0.01,-0.7242785029089087,4608,122
bird1,4,36,0.1,-0.72320691201695,4608,122
bird1,5,36,0.001,-0.7455217125443521,36864,191
bird1,5,36,0.01,-0.7366944244439942,36864,191
bird1,5,36,0.1,-0.7318995198479069,36864,191
bird1,0,37,0.001,-1.7665029037606181,1,1
bird1,0,37,0.01,-1.7665028819941264,1,1
bird1,0,37,0.1,-1.7665026647978406,1,1
bird1,1,37,0.001,-0.7838121178216406,9,8
bird1,1,37,0.01,-0.7836510001811087,9,8
bird1,1,37,0.1,-0.7835207759478583,9,8
bird1,2,37,0.001,-0.7413689960370726,72,35
bird1,2,37,0.01,-0.7398514721354662,72,35
bird1,2,37,0.1,-0.7386427393615118,72,35
bird1,3,37,0.001,-0.7327168424667472,576,74
bird1,3,37,0.01,-0.7301565133187939,576,74
bird1,3,37,0.1,-0.7285634245284406,576,74
bird1,4,37,0.001,-0.733985670626951,4608,123
bird1,4,37,0.01,-0.7312365973416904,4608,123
bird1,4,37,0.1,-0.7300855623067944,4608,123
bird1,5,37,0.001,-0.7448558557882877,36864,183
bird1,5,37,0.01,-0.7387143794348933,36864,183
bird1,5,37,0.1,-0.7354997452025529,36864,183
bird1,0,38,0.001,-1.7676647677217376,1,1
bird1,0,38,0.01,-1.7676647684196005,1,1
bird1,0,38,0.1,-1.7676647758023014,1,1
bird1,1,38,0.001,-0.7923795755050124,9,8
bird1,1,38,0.01,-0.7923820224156379,9,8
bird1,1,38,0.1,-0.7924069372759186,9,8
bird1,2,38,0.001,-0.746998410243349,72,35
bird1,2,38,0.01,-0.7451963746404152,72,35
bird1,2,38,0.1,-0.7438254486892569,72,35
bird1,3,38,0.001,-0.7371259851625082,576,81
bird1,3,38,0.01,-0.7336378880185375,576,81
bird1,3,38,0.1,-0.7315259316067925,576,81
bird1,4,38,0.001,-0.7441484064964087,4608,139
bird1,4,38,0.01,-0.7382096584522937,4608,139
bird1,4,38,0.1,-0.7347869622060383,4608,139
bird1,5,38,0.001,-0.7469538190653244,36864,210
bird1,5,38,0.01,-0.741258669160622,36864,210
bird1,5,38,0.1,-0.7389457057976504,36864,210
bird1,0,39,0.001,-1.75156732410566,1,1
bird1,0,39,0.01,-1.7515673910140814,1,1
bird1,0,39,0.1,-1.7515680604048445,1,1
bird1,1,39,0.001,-0.7846346416193369,9,8
bird1,1,39,0.01,-0.7841116177352774,9,8
bird1,1,39,0.1,-0.7836162062104542,9,8
bird1,2,39,0.001,-0.7428567689874837,72,37
bird1,2,39,0.01,-0.741419156213815,72,37
bird1,2,39,0.1,-0.7402866349926555,72,37
bird1,3,39,0.001,-0.7333464200561909,576,76
bird1,3,39,0.01,-0.7307693389475357,576,76
bird1,3,39,0.1,-0.7290307125533889,576,76
bird1,4,39,0.001,-0.7360707145302747,4608,129
bird1,4,39,0.01,-0.7310272409533924,4608,129
bird1,4,39,0.1,-0.7279440778745783,4608,129
bird1,5,39,0.001,-0.7368621667396388,36864,190
bird1,5,39,0.01,-0.7322906094418078,36864,190
bird1,5,39,0.1,-0.7303235114262244,36864,190
bird1,0,40,0.001,-1.7625739062026218,1,1
bird1,0,40,0.01,-1.7625739376754588,1,1
bird1,0,40,0.1,-1.7625742527649886,1,1
bird1,1,40,0.001,-0.7884643625786892,9,8
bird1,1,40,0.01,-0.7881167913018201,9,8
bird1,1,40,0.1,-0.787801065970162,9,8
bird1,2,40,0.001,-0.7463334948249666,72,35
bird1,2,40,0.01,-0.7439749054144519,72,35
bird1,2,40,0.1,-0.7419146292796128,72,35
bird1,3,40,0.001,-0.7348494058980007,576,72
bird1,3,40,0.01,-0.7319128569278632,576,72
bird1,3,40,0.1,-0.7299441046754426,576,72
bird1,4,40,0.001,-0.736899619796255,4608,117
bird1,4,40,0.01,-0.7320548927673755,4608,117
bird1,4,40,0.1,-0.7292672492485321,4608,117
bird1,5,40,0.001,-0.7430239269751585,36864,174
bird1,5,40,0.01,-0.7363117074722948,36864,174
bird1,5,40,0.1,-0.7329486418382063,36864,174
bird1,0,41,0.001,-1.752720068407401,1,1
bird1,0,41,0.01,-1.752720111060152,1,1
bird1,0,41,0.1,-1.7527205379854618,1,1
bird1,1,41,0.001,-0.7783434937533252,9,8
bird1,1,41,0.01,-0.7783470170552652,9,8
bird1,1,41,0.1,-0.7783828644501121,9,8
bird1,2,41,0.001,-0.7382727669495591,72,32
bird1,2,41,0.01,-0.7372737956588387,72,32
bird1,2,41,0.1,-0.7366155655797593,72,32
bird1,3,41,0.001,-0.7242887884053832,576,64
bird1,3,41,0.01,-0.7234606933100697,576,64
bird1,3,41,0.1,-0.7232491353144963,576,64
bird1,4,41,0.001,-0.7240552587834976,4608,110
bird1,4,41,0.01,-0.7223795018420971,4608,110
bird1,4,41,0.1,-0.7221514963667844,4608,110
bird1,5,41,0.001,-0.733238811051696,36864,175
bird1,5,41,0.01,-0.7295649106830493,36864,175
bird1,5,41,0.1,-0.7286688047305044,36864,175
bird1,0,42,0.001,-1.758685122120462,1,1
bird1,0,42,0.01,-1.7586851436512279,1,1
bird1,0,42,0.1,-1.7586853593477711,1,1
bird1,1,42,0.001,-0.7878272812687732,9,8
bird1,1,42,0.01,-0.7874648782406218,9,8
bird1,1,42,0.1,-0.7871047862687801,9,8
bird1,2,42,0.001,-0.7447141251275338,72,37
bird1,2,42,0.01,-0.7428654088553426,72,37
bird1,2,42,0.1,-0.7414930526004045,72,37
bird1,3,42,0.001,-0.7338761559082243,576,81
bird1,3,42,0.01,-0.7326275588028801,576,81
bird1,3,42,0.1,-0.7325104911353191,576,81
bird1,4,42,0.001,-0.7389717349526723,4608,132
bird1,4,42,0.01,-0.735382101187169,4608,132
bird1,4,42,0.1,-0.7340214202398139,4608,132
bird1,5,42,0.001,-0.7687662817210154,36864,197
bird1,5,42,0.01,-0.7566362985556533,36864,197
bird1,5,42,0.1,-0.7488864110345315,36864,197
bird1,0,43,0.001,-1.7972911920340422,1,1
bird1,0,43,0.01,-1.7972910549892829,1,1
bird1,0,43,0.1,-1.7972896851067892,1,1
bird1,1,43,0.001,-0.7891991942966516,9,8
bird1,1,43,0.01,-0.7885118188511239,9,8
bird1,1,43,0.1,-0.7878663581894048,9,8
bird1,2,43,0.001,-0.7446748260923376,72,34
bird1,2,43,0.01,-0.7428876188050982,72,34
bird1,2,43,0.1,-0.7413938373352865,72,34
bird1,3,43,0.001,-0.7330945091358049,576,74
bird1,3,43,0.01,-0.7305493553304045,576,74
bird1,3,43,0.1,-0.7288273229163742,576,74
bird1,4,43,0.001,-0.7302849503656478,4608,124
bird1,4,43,0.01,-0.7273485973953157,4608,124
bird1,4,43,0.1,-0.7259511529235633,4608,124
bird1,5,43,0.001,-0.7378349373099354,36864,183
bird1,5,43,0.01,-0.7330510448030247,36864,183
bird1,5,43,0.1,-0.7307471976246527,36864,183
bird1,0,44,0.001,-1.7743024997907337,1,1
bird1,0,44,0.01,-1.7743024418320021,1,1
bird1,0,44,0.1,-1.7743018627814324,1,1
bird1,1,44,0.001,-0.7845569941068209,9,8
bird1,1,44,0.01,-0.7845605221834593,9,8
bird1,1,44,0.1,-0.784596099250459,9,8
bird1,2,44,0.001,-0.739812388189525,72,33
bird1,2,44,0.01,-0.7391384772602703,72,33
bird1,2,44,0.1,-0.7388035246530398,72,33
bird1,3,44,0.001,-0.7262419928497007,576,73
bird1,3,44,0.01,-0.725050687302505,576,73
bird1,3,44,0.1,-0.7247478269634229,576,73
bird1,4,44,0.001,-0.7303540605945432,4608,129
bird1,4,44,0.01,-0.7277253044618027,4608,129
bird1,4,44,0.1,-0.7269360263382914,4608,129
bird1,5,44,0.001,-0.7373472986096089,36864,196
bird1,5,44,0.01,-0.7331771578913175,36864,196
bird1,5,44,0.1,-0.7320404893149172,36864,196
bird1,0,45,0.001,-1.7561401252708422,1,1
bird1,0,45,0.01,-1.756140103460466,1,1
bird1,0,45,0.1,-1.756139885863926,1,1
bird1,1,45,0.001,-0.7826396318952619,9,8
bird1,1,45,0.01,-0.7824702222234646,9,8
bird1,1,45,0.1,-0.7823268481918949,9,8
bird1,2,45,0.001,-0.7390571437365229,72,34
bird1,2,45,0.01,-0.7383806452193182,72,34
bird1,2,45,0.1,-0.7381248164407307,72,34
bird1,3,45,0.001,-0.7278178013851099,576,75
bird1,3,45,0.01,-0.7262493987083638,576,75
bird1,3,45,0.1,-0.725703667005572,576,75
bird1,4,45,0.001,-0.7398110417602166,4608,132
bird1,4,45,0.01,-0.7335590898967054,4608,132
bird1,4,45,0.1,-0.7296637857052771,4608,132
bird1,5,45,0.001,-0.758991863018635,36864,199
bird1,5,45,0.01,-0.7486004917669735,36864,199
bird1,5,45,0.1,-0.7416328077508404,36864,199
bird1,0,46,0.001,-1.7783601802648452,1,1
bird1,0,46,0.01,-1.7783600192899922,1,1
bird1,0,46,0.1,-1.778358410298974,1,1
bird1,1,46,0.001,-0.7938442241615722,9,8
bird1,1,46,0.01,-0.7933300017515411,9,8
bird1,1,46,0.1,-0.7928178139466102,9,8
bird1,2,46,0.001,-0.7470586793792771,72,38
bird1,2,46,0.01,-0.7455132792791657,72,38
bird1,2,46,0.1,-0.7445256650984768,72,38
bird1,3,46,0.001,-0.7373239409497006,576,82
bird1,3,46,0.01,-0.7348560367004215,576,82
bird1,3,46,0.1,-0.7335328471684414,576,82
bird1,4,46,0.001,-0.7455258189633617,4608,142
bird1,4,46,0.01,-0.7406239415983814,4608,142
bird1,4,46,0.1,-0.7378942516712373,4608,142
bird1,5,46,0.001,-0.7641715136119331,36864,217
bird1,5,46,0.01,-0.7554782854269023,36864,217
bird1,5,46,0.1,-0.7503998496025501,36864,217
bird1,0,47,0.001,-1.7634035581838838,1,1
bird1,0,47,0.01,-1.7634035581438283,1,1
bird1,0,47,0.1,-1.7634035581595535,1,1
bird1,1,47,0.001,-0.7855017935767393,9,8
bird1,1,47,0.01,-0.7849753164598744,9,8
bird1,1,47,0.1,-0.7844827278606511,9,8
bird1,2,47,0.001,-0.7457410944575448,72,37
bird1,2,47,0.01,-0.7448435154511783,72,37
bird1,2,47,0.1,-0.7442223005564297,72,37
bird1,3,47,0.001,-0.7387044392204719,576,76
bird1,3,47,0.01,-0.7368890416982009,576,76
bird1,3,47,0.1,-0.7360087724693474,576,76
bird1,4,47,0.001,-0.7442278666801307,4608,127
bird1,4,47,0.01,-0.7399256742695904,4608,127
bird1,4,47,0.1,-0.737631457403708,4608,127
bird1,5,47,0.001,-0.7687454615563771,36864,196
bird1,5,47,0.01,-0.7575088873839902,36864,196
bird1,5,47,0.1,-0.7502810183860489,36864,196
bird1,0,48,0.001,-1.7681407139582102,1,1
bird1,0,48,0.01,-1.7681406772652388,1,1
bird1,0,48,0.1,-1.7681403108416303,1,1
bird1,1,48,0.001,-0.788148016469172,9,8
bird1,1,48,0.01,-0.7878252332675505,9,8
bird1,1,48,0.1,-0.7875254623107883,9,8
bird1,2,48,0.001,-0.7488336969666463,72,36
bird1,2,48,0.01,-0.7458057343110717,72,36
bird1,2,48,0.1,-0.7431944528772007,72,36
bird1,3,48,0.001,-0.7391085579779543,576,80
bird1,3,48,0.01,-0.7358669124373411,576,80
bird1,3,48,0.1,-0.7335187419922612,576,80
bird1,4,48,0.001,-0.7463898349929744,4608,134
bird1,4,48,0.01,-0.7410457891556285,4608,134
bird1,4,48,0.1,-0.7377760039623555,4608,134
bird1,5,48,0.001,-0.7507047971563152,36864,207
bird1,5,48,0.01,-0.7449150171386539,36864,207
bird1,5,48,0.1,-0.7422484771925789,36864,207
bird1,0,49,0.001,-1.7549004632382088,1,1
bird1,0,49,0.01,-1.7549005106885738,1,1
bird1,0,49,0.1,-1.7549009855505981,1,1
bird1,1,49,0.001,-0.7851410922441108,9,8
bird1,1,49,0.01,-0.7849733107737692,9,8
bird1,1,49,0.1,-0.7848294847829386,9,8
bird1,2,49,0.001,-0.7436155818277232,72,34
bird1,2,49,0.01,-0.7418721304975749,72,34
bird1,2,49,0.1,-0.7404965746179676,72,34
bird1,3,49,0.001,-0.7316645380206217,576,75
bird1,3,49,0.01,-0.7289722625060604,576,75
bird1,3,49,0.1,-0.7269972819884295,576,75
bird1,4,49,0.001,-0.7338577483330748,4608,128
bird1,4,49,0.01,-0.7309689360192616,4608,128
bird1,4,49,0.1,-0.729427699660981,4608,128
bird1,5,49,0.001,-0.744381820609895,36864,193
bird1,5,49,0.01,-0.7385476988346904,36864,193
bird1,5,49,0.1,-0.7352524481135521,36864,193
bird1,0,50,0.001,-1.757585338623231,1,1
bird1,0,50,0.01,-1.757585340702388,1,1
bird1,0,50,0.1,-1.7575853619390172,1,1
bird1,1,50,0.001,-0.7821374722545004,9,8
bird1,1,50,0.01,-0.7819742085856505,9,8
bird1,1,50,0.1,-0.7818523440303882,9,8
bird1,2,50,0.001,-0.7406906795283305,72,33
bird1,2,50,0.01,-0.739485482754943,72,33
bird1,2,50,0.1,-0.7385263954477843,72,33
bird1,3,50,0.001,-0.7263042573655953,576,69
bird1,3,50,0.01,-0.7243989801207161,576,69
bird1,3,50,0.1,-0.7232983414423771,576,69
bird1,4,50,0.001,-0.7278896345278296,4608,118
bird1,4,50,0.01,-0.7248801056358781,4608,118
bird1,4,50,0.1,-0.7233690989285518,4608,118
bird1,5,50,0.001,-0.7319452140157019,36864,181
bird1,5,50,0.01,-0.7278000795594423,36864,181
bird1,5,50,0.1,-0.726377521247064,36864,181
bird2,0,1,0.001,-1.83288493266302,1,1
bird2,0,1,0.01,-1.8328849218460164,1,1
bird2,0,1,0.1,-1.832884814362191,1,1
bird2,1,1,0.001,-0.7892133619584556,8,7
bird2,1,1,0.01,-0.7887368214047892,8,7
bird2,1,1,0.1,-0.7883427806961998,8,7
bird2,2,1,0.001,-0.7289135625346738,56,29
bird2,2,1,0.01,-0.7258807117171294,56,29
bird2,2,1,0.1,-0.7233870617243866,56,29
bird2,3,1,0.001,-0.7233410157186453,392,61
bird2,3,1,0.01,-0.7173263260248803,392,61
bird2,3,1,0.1,-0.71317008893215,392,61
bird2,4,1,0.001,-0.7353046781126411,2744,108
bird2,4,1,0.01,-0.7216311206546975,2744,108
bird2,4,1,0.1,-0.7120448896013417,2744,108
bird2,5,1,0.001,-0.7732447581904575,19208,165
bird2,5,1,0.01,-0.7502896168627643,19208,165
bird2,5,1,0.1,-0.7339426267882357,19208,165
bird2,0,2,0.001,-1.8258776512166954,1,1
bird2,0,2,0.01,-1.8258776665903063,1,1
bird2,0,2,0.1,-1.8258778210012054,1,1
bird2,1,2,0.001,-0.7986046378757407,8,7
bird2,1,2,0.01,-0.7976221236042217,8,7
bird2,1,2,0.1,-0.7967150058156991,8,7
bird2,2,2,0.001,-0.7344766987124326,56,25
bird2,2,2,0.01,-0.7324382511276647,56,25
bird2,2,2,0.1,-0.7309458864963314,56,25
bird2,3,2,0.001,-0.7361043356410767,392,56
bird2,3,2,0.01,-0.7322163120146126,392,56
bird2,3,2,0.1,-0.7299081025046247,392,56
bird2,4,2,0.001,-0.7513109516996868,2744,99
bird2,4,2,0.01,-0.7410187803597135,2744,99
bird2,4,2,0.1,-0.7344516560674907,2744,99
bird2,5,2,0.001,-0.7991973559851321,19208,149
bird2,5,2,0.01,-0.7762229684553625,19208,149
bird2,5,2,0.1,-0.7599310852973189,19208,149
bird2,0,3,0.001,-1.8213435331581003,1,1
bird2,0,3,0.01,-1.8213435706378598,1,1
bird2,0,3,0.1,-1.8213439460973853,1,1
bird2,1,3,0.001,-0.8096292899760971,8,7
bird2,1,3,0.01,-0.8096338046741424,8,7
bird2,1,3,0.1,-0.8096808882877973,8,7
bird2,2,3,0.001,-0.7496297284413154,56,25
bird2,2,3,0.01,-0.7459850456602447,56,25
bird2,2,3,0.1,-0.7429666559319841,56,25
bird2,3,3,0.001,-0.7561658719339731,392,61
bird2,3,3,0.01,-0.7493844258984128,392,61
bird2,3,3,0.1,-0.7444887225521262,392,61
bird2,4,3,0.001,-0.7846503024195376,2744,112
bird2,4,3,0.01,-0.7634613166720268,2744,112
bird2,4,3,0.1,-0.7472576353008848,2744,112
bird2,5,3,0.001,-0.8242041644381514,19208,177
bird2,5,3,0.01,-0.7921773235388762,19208,177
bird2,5,3,0.1,-0.7684324150384555,19208,177
bird2,0,4,0.001,-1.8315248018163255,1,1
bird2,0,4,0.01,-1.8315248168768157,1,1
bird2,0,4,0.1,-1.8315249681390844,1,1
bird2,1,4,0.001,-0.7915829678079707,8,7
bird2,1,4,0.01,-0.7915932756298767,8,7
bird2,1,4,0.1,-0.7916971127088321,8,7
bird2,2,4,0.001,-0.7292730684573175,56,26
bird2,2,4,0.01,-0.7288344752046738,56,26
bird2,2,4,0.1,-0.7288794720411143,56,26
bird2,3,4,0.001,-0.7457914979192504,392,55
bird2,3,4,0.01,-0.7368884067786604,392,55
bird2,3,4,0.1,-0.7302237492326434,392,55
bird2,4,4,0.001,-0.7530275322418438,2744,97
bird2,4,4,0.01,-0.7389834759202906,2744,97
bird2,4,4,0.1,-0.7290856206552161,2744,97
bird2,5,4,0.001,-0.8019095801250152,19208,145
bird2,5,4,0.01,-0.7735754493663236,19208,145
bird2,5,4,0.1,-0.7527871896385582,19208,145
bird2,0,5,0.001,-1.8380969264286906,1,1
bird2,0,5,0.01,-1.8380968983483732,1,1
bird2,0,5,0.1,-1.8380966182366172,1,1
bird2,1,5,0.001,-0.8159718279254006,8,7
bird2,1,5,0.01,-0.8154772054079985,8,7
bird2,1,5,0.1,-0.8149273766456906,8,7
bird2,2,5,0.001,-0.7534031501817811,56,28
bird2,2,5,0.01,-0.7488851169690149,56,28
bird2,2,5,0.1,-0.745386390279426,56,28
bird2,3,5,0.001,-0.7811031233627852,392,67
bird2,3,5,0.01,-0.7613376801989206,392,67
bird2,3,5,0.1,-0.7454674680916678,392,67
bird2,4,5,0.001,-0.7705430968708058,2744,122
bird2,4,5,0.01,-0.7503978661278249,2744,122
bird2,4,5,0.1,-0.7355008750179679,2744,122
bird2,5,5,0.001,-0.7929611394112883,19208,181
bird2,5,5,0.01,-0.7676512677188212,19208,181
bird2,5,5,0.1,-0.7496361814237952,19208,181
bird2,0,6,0.001,-1.8311259472123158,1,1
bird2,0,6,0.01,-1.8311259400576392,1,1
bird2,0,6,0.1,-1.8311258691976595,1,1
bird2,1,6,0.001,-0.7904970064481684,8,7
bird2,1,6,0.01,-0.7905046854621882,8,7
bird2,1,6,0.1,-0.7905828266101822,8,7
bird2,2,6,0.001,-0.73772285883159,56,24
bird2,2,6,0.01,-0.7346069560172462,56,24
bird2,2,6,0.1,-0.7321705327375247,56,24
bird2,3,6,0.001,-0.7394899659672508,392,58
bird2,3,6,0.01,-0.7332623924691785,392,58
bird2,3,6,0.1,-0.7289462962147732,392,58
bird2,4,6,0.001,-0.7402751914055218,2744,102
bird2,4,6,0.01,-0.7306121585379279,2744,102
bird2,4,6,0.1,-0.7247581171321174,2744,102
bird2,5,6,0.001,-0.8054945948911971,19208,154
bird2,5,6,0.01,-0.7740137059201874,19208,154
bird2,5,6,0.1,-0.7503961144645597,19208,154
bird2,0,7,0.001,-1.835636075236173,1,1
bird2,0,7,0.01,-1.8356360466565484,1,1
bird2,0,7,0.1,-1.8356357615596108,1,1
bird2,1,7,0.001,-0.7864594526398885,8,7
bird2,1,7,0.01,-0.786470285704226,8,7
bird2,1,7,0.1,-0.786579455358958,8,7
bird2,2,7,0.001,-0.7291111706039549,56,23
bird2,2,7,0.01,-0.7265099625396038,56,23
bird2,2,7,0.1,-0.7243457611880457,56,23
bird2,3,7,0.001,-0.726687589822438,392,53
bird2,3,7,0.01,-0.7216560363920571,392,53
bird2,3,7,0.1,-0.718219683382006,392,53
bird2,4,7,0.001,-0.7433062536858888,2744,91
bird2,4,7,0.01,-0.7287169735422616,2744,91
bird2,4,7,0.1,-0.7182110103511078,2744,91
bird2,5,7,0.001,-0.7751052502408198,19208,137
bird2,5,7,0.01,-0.7515705412672951,19208,137
bird2,5,7,0.1,-0.7347484815136945,19208,137
bird2,0,8,0.001,-1.8361465504050156,1,1
bird2,0,8,0.01,-1.8361465173148177,1,1
bird2,0,8,0.1,-1.8361461871171643,1,1
bird2,1,8,0.001,-0.7821859095541895,8,7
bird2,1,8,0.01,-0.7821961728578964,8,7
bird2,1,8,0.1,-0.7823001381211239,8,7
bird2,2,8,0.001,-0.7210529028453524,56,23
bird2,2,8,0.01,-0.717873474899164,56,23
bird2,2,8,0.1,-0.7152142003537704,56,23
bird2,3,8,0.001,-0.7147390547364545,392,49
bird2,3,8,0.01,-0.7107497178741484,392,49
bird2,3,8,0.1,-0.7080917151373882,392,49
bird2,4,8,0.001,-0.7116057960519269,2744,81
bird2,4,8,0.01,-0.7067004076337147,2744,81
bird2,4,8,0.1,-0.7042047056871301,2744,81
bird2,5,8,0.001,-0.7358992626328477,19208,120
bird2,5,8,0.01,-0.723515046690511,19208,120
bird2,5,8,0.1,-0.7161251261889913,19208,120
bird2,0,9,0.001,-1.8396336542509946,1,1
bird2,0,9,0.01,-1.839633633244954,1,1
bird2,0,9,0.1,-1.8396334238628542,1,1
bird2,1,9,0.001,-0.7845382206521557,8,7
bird2,1,9,0.01,-0.7840826624073799,8,7
bird2,1,9,0.1,-0.7837429331022171,8,7
bird2,2,9,0.001,-0.7182463601634186,56,24
bird2,2,9,0.01,-0.7173001278374022,56,24
bird2,2,9,0.1,-0.7167180191975739,56,24
bird2,3,9,0.001,-0.7206154622299075,392,52
bird2,3,9,0.01,-0.7159510639415876,392,52
bird2,3,9,0.1,-0.7127763987819365,392,52
bird2,4,9,0.001,-0.7310328055078983,2744,95
bird2,4,9,0.01,-0.7203637897923297,2744,95
bird2,4,9,0.1,-0.71312270081845,2744,95
bird2,5,9,0.001,-0.7694330769797638,19208,148
bird2,5,9,0.01,-0.7502033447618385,19208,148
bird2,5,9,0.1,-0.7372241538245712,19208,148
bird2,0,10,0.001,-1.8278925082582338,1,1
bird2,0,10,0.01,-1.827892505402972,1,1
bird2,0,10,0.1,-1.8278924775424128,1,1
bird2,1,10,0.001,-0.8166034487522205,8,7
bird2,1,10,0.01,-0.8160846229665474,8,7
bird2,1,10,0.1,-0.815482343230307,8,7
bird2,2,10,0.001,-0.7558081484384589,56,28
bird2,2,10,0.01,-0.7505845619895705,56,28
bird2,2,10,0.1,-0.746576931722059,56,28
bird2,3,10,0.001,-0.7620163780862041,392,63
bird2,3,10,0.01,-0.7510707156263812,392,63
bird2,3,10,0.1,-0.742870865960936,392,63
bird2,4,10,0.001,-0.7666538120763279,2744,112
bird2,4,10,0.01,-0.7509791627387655,2744,112
bird2,4,10,0.1,-0.7403928935210612,2744,112
bird2,5,10,0.001,-0.8144299098178261,19208,167
bird2,5,10,0.01,-0.7859898400874707,19208,167
bird2,5,10,0.1,-0.7652812763981526,19208,167
bird2,0,11,0.001,-1.8269350559357378,1,1
bird2,0,11,0.01,-1.826935064887813,1,1
bird2,0,11,0.1,-1.8269351550891344,1,1
bird2,1,11,0.001,-0.8007952453471141,8,7
bird2,1,11,0.01,-0.8008002499781489,8,7
bird2,1,11,0.1,-0.800852984705622,8,7
bird2,2,11,0.001,-0.735639377565408,56,26
bird2,2,11,0.01,-0.7330625557407152,56,26
bird2,2,11,0.1,-0.7311295991235204,56,26
bird2,3,11,0.001,-0.7480397208299192,392,57
bird2,3,11,0.01,-0.7384097651250303,392,57
bird2,3,11,0.1,-0.7308327056321845,392,57
bird2,4,11,0.001,-0.7592461810965861,2744,102
bird2,4,11,0.01,-0.7414393067417193,2744,102
bird2,4,11,0.1,-0.7287703989704595,2744,102
bird2,5,11,0.001,-0.8032336017407388,19208,155
bird2,5,11,0.01,-0.7748814126774872,19208,155
bird2,5,11,0.1,-0.7546189353504628,19208,155
bird2,0,12,0.001,-1.8322342357243695,1,1
bird2,0,12,0.01,-1.8322342307337294,1,1
bird2,0,12,0.1,-1.8322341815080423,1,1
bird2,1,12,0.001,-0.8060043534069933,8,7
bird2,1,12,0.01,-0.8055209067492641,8,7
bird2,1,12,0.1,-0.8050751361703238,8,7
bird2,2,12,0.001,-0.7390310015251714,56,27
bird2,2,12,0.01,-0.7360259436022212,56,27
bird2,2,12,0.1,-0.733748456599571,56,27
bird2,3,12,0.001,-0.7431035734362033,392,64
bird2,3,12,0.01,-0.7354295084445073,392,64
bird2,3,12,0.1,-0.7295200666420734,392,64
bird2,4,12,0.001,-0.7692991209308093,2744,115
bird2,4,12,0.01,-0.750356885224226,2744,115
bird2,4,12,0.1,-0.7359238881849155,2744,115
bird2,5,12,0.001,-0.7942952916576717,19208,169
bird2,5,12,0.01,-0.7677605470381584,19208,169
bird2,5,12,0.1,-0.748902668882585,19208,169
bird2,0,13,0.001,-1.839540351176701,1,1
bird2,0,13,0.01,-1.8395403233726495,1,1
bird2,0,13,0.1,-1.8395400460197096,1,1
bird2,1,13,0.001,-0.7953121133753795,8,7
bird2,1,13,0.01,-0.795318697543152,8,7
bird2,1,13,0.1,-0.7953869266579566,8,7
bird2,2,13,0.001,-0.7351004408885717,56,25
bird2,2,13,0.01,-0.7305939759287905,56,25
bird2,2,13,0.1,-0.7267702865190296,56,25
bird2,3,13,0.001,-0.7396885745245282,392,59
bird2,3,13,0.01,-0.7310026147360187,392,59
bird2,3,13,0.1,-0.7240517083820276,392,59
bird2,4,13,0.001,-0.7498306690018867,2744,103
bird2,4,13,0.01,-0.7334269606505829,2744,103
bird2,4,13,0.1,-0.7213963547416223,2744,103
bird2,5,13,0.001,-0.7756976765557868,19208,150
bird2,5,13,0.01,-0.7523562841084698,19208,150
bird2,5,13,0.1,-0.7352585748934112,19208,150
bird2,0,14,0.001,-1.823572442587057,1,1
bird2,0,14,0.01,-1.8235724663119697,1,1
bird2,0,14,0.1,-1.823572704234416,1,1
bird2,1,14,0.001,-0.8023046857131728,8,7
bird2,1,14,0.01,-0.8023088806583956,8,7
bird2,1,14,0.1,-0.8023534993823607,8,7
bird2,2,14,0.001,-0.7467542993985389,56,26
bird2,2,14,0.01,-0.7425327826740483,56,26
bird2,2,14,0.1,-0.7390683635496759,56,26
bird2,3,14,0.001,-0.7607461262252455,392,62
bird2,3,14,0.01,-0.751477934095424,392,62
bird2,3,14,0.1,-0.7443659539007141,392,62
bird2,4,14,0.001,-0.7847750493624416,2744,105
bird2,4,14,0.01,-0.7675667846962791,2744,105
bird2,4,14,0.1,-0.7538758144727751,2744,105
bird2,5,14,0.001,-0.8072948800892211,19208,157
bird2,5,14,0.01,-0.7854067287118255,19208,157
bird2,5,14,0.1,-0.7695956016918011,19208,157
bird2,0,15,0.001,-1.8231537669717295,1,1
bird2,0,15,0.01,-1.823153789461069,1,1
bird2,0,15,0.1,-1.8231540150295829,1,1
bird2,1,15,0.001,-0.8323563010346215,8,7
bird2,1,15,0.01,-0.8308286867896565,8,7
bird2,1,15,0.1,-0.8291813395072588,8,7
bird2,2,15,0.001,-0.782032528435759,56,28
bird2,2,15,0.01,-0.772595948305476,56,28
bird2,2,15,0.1,-0.7647302773384392,56,28
bird2,3,15,0.001,-0.7899643057252206,392,69
bird2,3,15,0.01,-0.7739163125452577,392,69
bird2,3,15,0.1,-0.7611421877248921,392,69
bird2,4,15,0.001,-0.7965468073198783,2744,119
bird2,4,15,0.01,-0.7761151271691533,2744,119
bird2,4,15,0.1,-0.7610359469191122,2744,119
bird2,5,15,0.001,-0.8222944358359217,19208,175
bird2,5,15,0.01,-0.7988012101585666,19208,175
bird2,5,15,0.1,-0.7815641384150604,19208,175
bird2,0,16,0.001,-1.8315487286600416,1,1
bird2,0,16,0.01,-1.8315487454673183,1,1
bird2,0,16,0.1,-1.8315489141961974,1,1
bird2,1,16,0.001,-0.793790035949553,8,7
bird2,1,16,0.01,-0.7928764980686281,8,7
bird2,1,16,0.1,-0.7920615188424107,8,7
bird2,2,16,0.001,-0.7282628770654609,56,23
bird2,2,16,0.01,-0.7268554604537779,56,23
bird2,2,16,0.1,-0.7258879789630555,56,23
bird2,3,16,0.001,-0.7242557612387586,392,54
bird2,3,16,0.01,-0.7197194871087392,392,54
bird2,3,16,0.1,-0.717036937292366,392,54
bird2,4,16,0.001,-0.7386336076761261,2744,97
bird2,4,16,0.01,-0.7271695579076978,2744,97
bird2,4,16,0.1,-0.7199581936932308,2744,97
bird2,5,16,0.001,-0.7519982369512418,19208,150
bird2,5,16,0.01,-0.7374369181900209,19208,150
bird2,5,16,0.1,-0.7301532519378406,19208,150
bird2,0,17,0.001,-1.8382141789565505,1,1
bird2,0,17,0.01,-1.8382141532222689,1,1
bird2,0,17,0.1,-1.8382138965683217,1,1
bird2,1,17,0.001,-0.7992504164263693,8,7
bird2,1,17,0.01,-0.7983008600253264,8,7
bird2,1,17,0.1,-0.7974150580357,8,7
bird2,2,17,0.001,-0.7360787645958896,56,28
bird2,2,17,0.01,-0.7326336573130933,56,28
bird2,2,17,0.1,-0.7298663797512466,56,28
bird2,3,17,0.001,-0.7427904969618299,392,61
bird2,3,17,0.01,-0.735772504677627,392,61
bird2,3,17,0.1,-0.7304239250146428,392,61
bird2,4,17,0.001,-0.7638004965095431,2744,107
bird2,4,17,0.01,-0.7491655581308974,2744,107
bird2,4,17,0.1,-0.7382863478959985,2744,107
bird2,5,17,0.001,-0.8029548170618478,19208,160
bird2,5,17,0.01,-0.775560100142505,19208,160
bird2,5,17,0.1,-0.7554436949461982,19208,160
bird2,0,18,0.001,-1.823977567257993,1,1
bird2,0,18,0.01,-1.8239776090269357,1,1
bird2,0,18,0.1,-1.8239780273643436,1,1
bird2,1,18,0.001,-0.8208249696290365,8,7
bird2,1,18,0.01,-0.8203466071901481,8,7
bird2,1,18,0.1,-0.8198944397056724,8,7
bird2,2,18,0.001,-0.7658405040038297,56,28
bird2,2,18,0.01,-0.761855820268938,56,28
bird2,2,18,0.1,-0.7585935463309927,56,28
bird2,3,18,0.001,-0.7846885617896301,392,62
bird2,3,18,0.01,-0.7738675627125854,392,62
bird2,3,18,0.1,-0.7655230305062148,392,62
bird2,4,18,0.001,-0.7998401491650388,2744,116
bird2,4,18,0.01,-0.7831502767931869,2744,116
bird2,4,18,0.1,-0.7720071823092034,2744,116
bird2,5,18,0.001,-0.861020238527483,19208,179
bird2,5,18,0.01,-0.8267460130685025,19208,179
bird2,5,18,0.1,-0.8024383786670399,19208,179
bird2,0,19,0.001,-1.833995534690551,1,1
bird2,0,19,0.01,-1.833995514504237,1,1
bird2,0,19,0.1,-1.8339953133363258,1,1
bird2,1,19,0.001,-0.798063895530397,8,7
bird2,1,19,0.01,-0.7980681735310426,8,7
bird2,1,19,0.1,-0.798113053371761,8,7
bird2,2,19,0.001,-0.7443004119633021,56,28
bird2,2,19,0.01,-0.7391408109254752,56,28
bird2,2,19,0.1,-0.7348011725956809,56,28
bird2,3,19,0.001,-0.7464897234554289,392,66
bird2,3,19,0.01,-0.7375424126352154,392,66
bird2,3,19,0.1,-0.7309979396041559,392,66
bird2,4,19,0.001,-0.7592523017105224,2744,115
bird2,4,19,0.01,-0.744183502814891,2744,115
bird2,4,19,0.1,-0.733932095488892,2744,115
bird2,5,19,0.001,-0.7833551783442673,19208,172
bird2,5,19,0.01,-0.7633235958546566,19208,172
bird2,5,19,0.1,-0.7507727875356798,19208,172
bird2,0,20,0.001,-1.8217891707276623,1,1
bird2,0,20,0.01,-1.8217892013850019,1,1
bird2,0,20,0.1,-1.8217895086273959,1,1
bird2,1,20,0.001,-0.8102785502511276,8,7
bird2,1,20,0.01,-0.8102802206742366,8,7
bird2,1,20,0.1,-0.810301817758828,8,7
bird2,2,20,0.001,-0.7529868397083173,56,24
bird2,2,20,0.01,-0.7482379842556954,56,24
bird2,2,20,0.1,-0.744069997104942,56,24
bird2,3,20,0.001,-0.7539337886438439,392,52
bird2,3,20,0.01,-0.7458291381710701,392,52
bird2,3,20,0.1,-0.7391470694700584,392,52
bird2,4,20,0.001,-0.7595826413419717,2744,95
bird2,4,20,0.01,-0.7451912400855139,2744,95
bird2,4,20,0.1,-0.7341907771667782,2744,95
bird2,5,20,0.001,-0.7890237481900791,19208,143
bird2,5,20,0.01,-0.7680150193798682,19208,143
bird2,5,20,0.1,-0.7528150671082072,19208,143
bird2,0,21,0.001,-1.828793904596385,1,1
bird2,0,21,0.01,-1.8287939120736114,1,1
bird2,0,21,0.1,-1.8287939875221182,1,1
bird2,1,21,0.001,-0.8072751429659557,8,7
bird2,1,21,0.01,-0.8067810942907934,8,7
bird2,1,21,0.1,-0.8063397315488154,8,7
bird2,2,21,0.001,-0.7498390010044264,56,25
bird2,2,21,0.01,-0.7440924249588036,56,25
bird2,2,21,0.1,-0.7390610994120042,56,25
bird2,3,21,0.001,-0.7491936798777143,392,59
bird2,3,21,0.01,-0.7417907996230736,392,59
bird2,3,21,0.1,-0.7360181298927588,392,59
bird2,4,21,0.001,-0.7711743709641405,2744,102
bird2,4,21,0.01,-0.7551318389510192,2744,102
bird2,4,21,0.1,-0.7434188261505725,2744,102
bird2,5,21,0.001,-0.8000535497916722,19208,157
bird2,5,21,0.01,-0.7730486895585256,19208,157
bird2,5,21,0.1,-0.7541362904965505,19208,157
bird2,0,22,0.001,-1.831099820795305,1,1
bird2,0,22,0.01,-1.8310997939728677,1,1
bird2,0,22,0.1,-1.8310995264634184,1,1
bird2,1,22,0.001,-0.8126639579495548,8,7
bird2,1,22,0.01,-0.8115995382624114,8,7
bird2,1,22,0.1,-0.8105527831592368,8,7
bird2,2,22,0.001,-0.7457796776406801,56,28
bird2,2,22,0.01,-0.741322688018869,56,28
bird2,2,22,0.1,-0.737659219632946,56,28
bird2,3,22,0.001,-0.76413240349107,392,64
bird2,3,22,0.01,-0.7511831226487455,392,64
bird2,3,22,0.1,-0.740821538041484,392,64
bird2,4,22,0.001,-0.7686202614852743,2744,111
bird2,4,22,0.01,-0.7511569904688019,2744,111
bird2,4,22,0.1,-0.7383482554433428,2744,111
bird2,5,22,0.001,-0.8009964328450349,19208,160
bird2,5,22,0.01,-0.7769722986417671,19208,160
bird2,5,22,0.1,-0.7598297734454438,19208,160
bird2,0,23,0.001,-1.832686333834978,1,1
bird2,0,23,0.01,-1.8326863096810664,1,1
bird2,0,23,0.1,-1.8326860688476216,1,1
bird2,1,23,0.001,-0.8077712565978832,8,7
bird2,1,23,0.01,-0.8062343241172613,8,7
bird2,1,23,0.1,-0.8047563445553745,8,7
bird2,2,23,0.001,-0.7499193221901136,56,25
bird2,2,23,0.01,-0.7456018291386476,56,25
bird2,2,23,0.1,-0.7418684746531133,56,25
bird2,3,23,0.001,-0.7428168147819529,392,62
bird2,3,23,0.01,-0.736349032227983,392,62
bird2,3,23,0.1,-0.7317057093648859,392,62
bird2,4,23,0.001,-0.748954005615993,2744,115
bird2,4,23,0.01,-0.7368849914331915,2744,115
bird2,4,23,0.1,-0.7293456069316735,2744,115
bird2,5,23,0.001,-0.7752726189928402,19208,170
bird2,5,23,0.01,-0.757988463847092,19208,170
bird2,5,23,0.1,-0.7477753835120825,19208,170
bird2,0,24,0.001,-1.8254969304203255,1,1
bird2,0,24,0.01,-1.8254969462208173,1,1
bird2,0,24,0.1,-1.82549710490273,1,1
bird2,1,24,0.001,-0.8248002680410098,8,7
bird2,1,24,0.01,-0.823276145250327,8,7
bird2,1,24,0.1,-0.8218178650178443,8,7
bird2,2,24,0.001,-0.7652087708125,56,25
bird2,2,24,0.01,-0.7614941181686244,56,25
bird2,2,24,0.1,-0.7583590569601173,56,25
bird2,3,24,0.001,-0.7777977777498836,392,61
bird2,3,24,0.01,-0.7679565405395721,392,61
bird2,3,24,0.1,-0.7603968146850927,392,61
bird2,4,24,0.001,-0.8022575043945639,2744,115
bird2,4,24,0.01,-0.7804139162426219,2744,115
bird2,4,24,0.1,-0.7641703266539454,2744,115
bird2,5,24,0.001,-0.8422292505946644,19208,180
bird2,5,24,0.01,-0.8075602568214891,19208,180
bird2,5,24,0.1,-0.7820479010694382,19208,180
bird2,0,25,0.001,-1.825203931606584,1,1
bird2,0,25,0.01,-1.825203946656822,1,1
bird2,0,25,0.1,-1.8252040978365525,1,1
bird2,1,25,0.001,-0.8146646854784826,8,7
bird2,1,25,0.01,-0.8141632417305514,8,7
bird2,1,25,0.1,-0.8136870149194587,8,7
bird2,2,25,0.001,-0.7573957017792383,56,28
bird2,2,25,0.01,-0.7526909801899795,56,28
bird2,2,25,0.1,-0.7487069533890996,56,28
bird2,3,25,0.001,-0.769251908984266,392,64
bird2,3,25,0.01,-0.7584055848863486,392,64
bird2,3,25,0.1,-0.7497389961252767,392,64
bird2,4,25,0.001,-0.7792396882579276,2744,114
bird2,4,25,0.01,-0.7638168229565179,2744,114
bird2,4,25,0.1,-0.7521987189325631,2744,114
bird2,5,25,0.001,-0.8186097236453227,19208,178
bird2,5,25,0.01,-0.79339295015397,19208,178
bird2,5,25,0.1,-0.7749847963591513,19208,178
bird2,0,26,0.001,-1.8272736903781268,1,1
bird2,0,26,0.01,-1.8272736948665345,1,1
bird2,0,26,0.1,-1.8272737404361459,1,1
bird2,1,26,0.001,-0.8295945105623523,8,7
bird2,1,26,0.01,-0.8285805737215718,8,7
bird2,1,26,0.1,-0.8275322537513664,8,7
bird2,2,26,0.001,-0.7564514371327142,56,28
bird2,2,26,0.01,-0.7512187925766132,56,28
bird2,2,26,0.1,-0.7469714178573009,56,28
bird2,3,26,0.001,-0.7790500834156898,392,67
bird2,3,26,0.01,-0.7647135912935137,392,67
bird2,3,26,0.1,-0.7532896310234501,392,67
bird2,4,26,0.001,-0.8013812831301219,2744,120
bird2,4,26,0.01,-0.7809934878883539,2744,120
bird2,4,26,0.1,-0.765959362924688,2744,120
bird2,5,26,0.001,-0.8538119665051881,19208,185
bird2,5,26,0.01,-0.819333739572381,19208,185
bird2,5,26,0.1,-0.7933666124729536,19208,185
bird2,0,27,0.001,-1.8352327742301493,1,1
bird2,0,27,0.01,-1.8352327237132244,1,1
bird2,0,27,0.1,-1.8352322192736417,1,1
bird2,1,27,0.001,-0.8229141084695167,8,7
bird2,1,27,0.01,-0.8223738802933905,8,7
bird2,1,27,0.1,-0.8217469687813527,8,7
bird2,2,27,0.001,-0.7498034920763355,56,29
bird2,2,27,0.01,-0.745479362372396,56,29
bird2,2,27,0.1,-0.742444274046027,56,29
bird2,3,27,0.001,-0.7673067534385954,392,65
bird2,3,27,0.01,-0.7527748777018619,392,65
bird2,3,27,0.1,-0.7414748269187027,392,65
bird2,4,27,0.001,-0.7697600746060063,2744,118
bird2,4,27,0.01,-0.7507956965611562,2744,118
bird2,4,27,0.1,-0.7371055622158035,2744,118
bird2,5,27,0.001,-0.8144743023852972,19208,170
bird2,5,27,0.01,-0.7835248509191216,19208,170
bird2,5,27,0.1,-0.7605554346023947,19208,170
bird2,0,28,0.001,-1.8319360351316547,1,1
bird2,0,28,0.01,-1.83193602064822,1,1
bird2,0,28,0.1,-1.8319358765092248,1,1
bird2,1,28,0.001,-0.8037843075595836,8,7
bird2,1,28,0.01,-0.8027619813142969,8,7
bird2,1,28,0.1,-0.8018116018843728,8,7
bird2,2,28,0.001,-0.7408994483693976,56,22
bird2,2,28,0.01,-0.7349015128811502,56,22
bird2,2,28,0.1,-0.7294185430212324,56,22
bird2,3,28,0.001,-0.734382835942448,392,56
bird2,3,28,0.01,-0.7272560092061274,392,56
bird2,3,28,0.1,-0.7216793320973672,392,56
bird2,4,28,0.001,-0.7436732248276792,2744,103
bird2,4,28,0.01,-0.7295010022776296,2744,103
bird2,4,28,0.1,-0.7190548458740494,2744,103
bird2,5,28,0.001,-0.7725998607104915,19208,152
bird2,5,28,0.01,-0.751005025120564,19208,152
bird2,5,28,0.1,-0.7351566494786916,19208,152
bird2,0,29,0.001,-1.8379487800356469,1,1
bird2,0,29,0.01,-1.837948747592236,1,1
bird2,0,29,0.1,-1.8379484238566715,1,1
bird2,1,29,0.001,-0.8068862311010092,8,7
bird2,1,29,0.01,-0.806885056808829,8,7
bird2,1,29,0.1,-0.8068795424193521,8,7
bird2,2,29,0.001,-0.7579303078014857,56,24
bird2,2,29,0.01,-0.7511527111365641,56,24
bird2,2,29,0.1,-0.7454023618474347,56,24
bird2,3,29,0.001,-0.7553804385541594,392,63
bird2,3,29,0.01,-0.7480148779739941,392,63
bird2,3,29,0.1,-0.7424176732793374,392,63
bird2,4,29,0.001,-0.7594748044773841,2744,109
bird2,4,29,0.01,-0.7472398374651207,2744,109
bird2,4,29,0.1,-0.7386061890317486,2744,109
bird2,5,29,0.001,-0.78432474151988,19208,154
bird2,5,29,0.01,-0.7664171249096532,19208,154
bird2,5,29,0.1,-0.754123933187361,19208,154
bird2,0,30,0.001,-1.8237722231428082,1,1
bird2,0,30,0.01,-1.823772249090677,1,1
bird2,0,30,0.1,-1.8237725092374655,1,1
bird2,1,30,0.001,-0.7822335411834189,8,7
bird2,1,30,0.01,-0.7812714369043597,8,7
bird2,1,30,0.1,-0.7804152986274215,8,7
bird2,2,30,0.001,-0.7206705883639014,56,24
bird2,2,30,0.01,-0.71708583661559,56,24
bird2,2,30,0.1,-0.7138712043788952,56,24
bird2,3,30,0.001,-0.7210945600718408,392,56
bird2,3,30,0.01,-0.7122020259741223,392,56
bird2,3,30,0.1,-0.7053674637247319,392,56
bird2,4,30,0.001,-0.7385330355303651,2744,93
bird2,4,30,0.01,-0.7232841400896316,2744,93
bird2,4,30,0.1,-0.7115998577114877,2744,93
bird2,5,30,0.001,-0.7470177082925346,19208,134
bird2,5,30,0.01,-0.7311878611821998,19208,134
bird2,5,30,0.1,-0.7204732468453375,19208,134
bird2,0,31,0.001,-1.8217646952552684,1,1
bird2,0,31,0.01,-1.8217647187061001,1,1
bird2,0,31,0.1,-1.8217649538927159,1,1
bird2,1,31,0.001,-0.8153162503691489,8,7
bird2,1,31,0.01,-0.8142834681906479,8,7
bird2,1,31,0.1,-0.8132508590763075,8,7
bird2,2,31,0.001,-0.7482941138471392,56,27
bird2,2,31,0.01,-0.745113429012244,56,27
bird2,2,31,0.1,-0.7427791169145636,56,27
bird2,3,31,0.001,-0.7532229582163062,392,60
bird2,3,31,0.01,-0.7432928782077233,392,60
bird2,3,31,0.1,-0.7358686626262807,392,60
bird2,4,31,0.001,-0.7637279446163914,2744,110
bird2,4,31,0.01,-0.7439802051411122,2744,110
bird2,4,31,0.1,-0.729606187362382,2744,110
bird2,5,31,0.001,-0.7954303351117854,19208,165
bird2,5,31,0.01,-0.7700280229666845,19208,165
bird2,5,31,0.1,-0.7518631579382721,19208,165
bird2,0,32,0.001,-1.8187921076481748,1,1
bird2,0,32,0.01,-1.818792164011882,1,1
bird2,0,32,0.1,-1.8187927282940748,1,1
bird2,1,32,0.001,-0.796186574307036,8,7
bird2,1,32,0.01,-0.7957075444845042,8,7
bird2,1,32,0.1,-0.7952963937492581,8,7
bird2,2,32,0.001,-0.7315755287994503,56,26
bird2,2,32,0.01,-0.7295987576348671,56,26
bird2,2,32,0.1,-0.7281987409756832,56,26
bird2,3,32,0.001,-0.7301587544281423,392,55
bird2,3,32,0.01,-0.7264194346201676,392,55
bird2,3,32,0.1,-0.7242673956855789,392,55
bird2,4,32,0.001,-0.7420442738128081,2744,97
bird2,4,32,0.01,-0.7296060035501806,2744,97
bird2,4,32,0.1,-0.7211933683716178,2744,97
bird2,5,32,0.001,-0.7621819255030844,19208,143
bird2,5,32,0.01,-0.7454911628011001,19208,143
bird2,5,32,0.1,-0.7348323481110736,19208,143
bird2,0,33,0.001,-1.8371963513946192,1,1
bird2,0,33,0.01,-1.8371963067904733,1,1
bird2,0,33,0.1,-1.8371958614669477,1,1
bird2,1,33,0.001,-0.8055832031089941,8,7
bird2,1,33,0.01,-0.8045413259115927,8,7
bird2,1,33,0.1,-0.8035775498856976,8,7
bird2,2,33,0.001,-0.7486977102642347,56,24
bird2,2,33,0.01,-0.7431791429585051,56,24
bird2,2,33,0.1,-0.7381808204329533,56,24
bird2,3,33,0.001,-0.7469621154510245,392,54
bird2,3,33,0.01,-0.7379939034272455,392,54
bird2,3,33,0.1,-0.7306123185498031,392,54
bird2,4,33,0.001,-0.7670288286207084,2744,95
bird2,4,33,0.01,-0.7488001244657768,2744,95
bird2,4,33,0.1,-0.7344020201988983,2744,95
bird2,5,33,0.001,-0.8047102323473576,19208,141
bird2,5,33,0.01,-0.7767824296282939,19208,141
bird2,5,33,0.1,-0.754794957168415,19208,141
bird2,0,34,0.001,-1.8428705350911516,1,1
bird2,0,34,0.01,-1.842870475415473,1,1
bird2,0,34,0.1,-1.8428698793765559,1,1
bird2,1,34,0.001,-0.788800172993584,8,7
bird2,1,34,0.01,-0.7888042391379904,8,7
bird2,1,34,0.1,-0.788848498577266,8,7
bird2,2,34,0.001,-0.7295575949558525,56,26
bird2,2,34,0.01,-0.724316518811655,56,26
bird2,2,34,0.1,-0.7198461970811929,56,26
bird2,3,34,0.001,-0.7308440305471564,392,60
bird2,3,34,0.01,-0.722841605860479,392,60
bird2,3,34,0.1,-0.716571186740572,392,60
bird2,4,34,0.001,-0.7470051330706894,2744,100
bird2,4,34,0.01,-0.7315859549105614,2744,100
bird2,4,34,0.1,-0.7196678942034778,2744,100
bird2,5,34,0.001,-0.7638853543241652,19208,146
bird2,5,34,0.01,-0.7459606820642609,19208,146
bird2,5,34,0.1,-0.7333878797001353,19208,146
bird2,0,35,0.001,-1.8221167430328096,1,1
bird2,0,35,0.01,-1.8221167801151328,1,1
bird2,0,35,0.1,-1.8221171515983592,1,1
bird2,1,35,0.001,-0.7951753882345631,8,7
bird2,1,35,0.01,-0.7951773428471042,8,7
bird2,1,35,0.1,-0.7952008948186959,8,7
bird2,2,35,0.001,-0.7452032636725374,56,27
bird2,2,35,0.01,-0.7370905110368795,56,27
bird2,2,35,0.1,-0.7300209692044347,56,27
bird2,3,35,0.001,-0.7481790931161295,392,62
bird2,3,35,0.01,-0.7387238035392055,392,62
bird2,3,35,0.1,-0.7308352530850073,392,62
bird2,4,35,0.001,-0.7531189501578649,2744,103
bird2,4,35,0.01,-0.7388099087080519,2744,103
bird2,4,35,0.1,-0.7279141627672426,2744,103
bird2,5,35,0.001,-0.7796819452120031,19208,151
bird2,5,35,0.01,-0.7578579381585698,19208,151
bird2,5,35,0.1,-0.7421442732345352,19208,151
bird2,0,36,0.001,-1.8277325726061209,1,1
bird2,0,36,0.01,-1.8277325807062936,1,1
bird2,0,36,0.1,-1.8277326623865953,1,1
bird2,1,36,0.001,-0.8034899641536866,8,7
bird2,1,36,0.01,-0.8034958409560428,8,7
bird2,1,36,0.1,-0.803556654376888,8,7
bird2,2,36,0.001,-0.7308020628551758,56,24
bird2,2,36,0.01,-0.7287577832079047,56,24
bird2,2,36,0.1,-0.7273266581290412,56,24
bird2,3,36,0.001,-0.7345777496770566,392,51
bird2,3,36,0.01,-0.7289179932678647,392,51
bird2,3,36,0.1,-0.7245151500967284,392,51
bird2,4,36,0.001,-0.7444237175836442,2744,91
bird2,4,36,0.01,-0.7291494419990333,2744,91
bird2,4,36,0.1,-0.7173297780386614,2744,91
bird2,5,36,0.001,-0.7675172408107159,19208,139
bird2,5,36,0.01,-0.747010978687462,19208,139
bird2,5,36,0.1,-0.7315959311846572,19208,139
bird2,0,37,0.001,-1.8319051540913487,1,1
bird2,0,37,0.01,-1.83190514153592,1,1
bird2,0,37,0.1,-1.831905016673114,1,1
bird2,1,37,0.001,-0.8021607290098555,8,7
bird2,1,37,0.01,-0.8021626116066188,8,7
bird2,1,37,0.1,-0.802185197304499,8,7
bird2,2,37,0.001,-0.739091698428244,56,26
bird2,2,37,0.01,-0.7354489208588653,56,26
bird2,2,37,0.1,-0.7326326961739028,56,26
bird2,3,37,0.001,-0.7508224843959064,392,61
bird2,3,37,0.01,-0.7398817839127246,392,61
bird2,3,37,0.1,-0.730972029467056,392,61
bird2,4,37,0.001,-0.7628796140110641,2744,108
bird2,4,37,0.01,-0.745418943079482,2744,108
bird2,4,37,0.1,-0.7315936784470845,2744,108
bird2,5,37,0.001,-0.7907172587468948,19208,162
bird2,5,37,0.01,-0.7686687064488305,19208,162
bird2,5,37,0.1,-0.7525243539394564,19208,162
bird2,0,38,0.001,-1.839859145786291,1,1
bird2,0,38,0.01,-1.8398591081921183,1,1
bird2,0,38,0.1,-1.8398587329490135,1,1
bird2,1,38,0.001,-0.79250410194326,8,7
bird2,1,38,0.01,-0.7920214548485781,8,7
bird2,1,38,0.1,-0.7916277356035712,8,7
bird2,2,38,0.001,-0.7270929090590703,56,25
bird2,2,38,0.01,-0.7260984422157237,56,25
bird2,2,38,0.1,-0.7255242094211518,56,25
bird2,3,38,0.001,-0.7226649333106496,392,54
bird2,3,38,0.01,-0.7177472144832543,392,54
bird2,3,38,0.1,-0.7146284436276714,392,54
bird2,4,38,0.001,-0.725205613534816,2744,98
bird2,4,38,0.01,-0.7164586381304442,2744,98
bird2,4,38,0.1,-0.7117731948093702,2744,98
bird2,5,38,0.001,-0.7795706652024008,19208,155
bird2,5,38,0.01,-0.7528825522484249,19208,155
bird2,5,38,0.1,-0.7342033746017264,19208,155
bird2,0,39,0.001,-1.8391274250827105,1,1
bird2,0,39,0.01,-1.8391274000905655,1,1
bird2,0,39,0.1,-1.8391271508537608,1,1
bird2,1,39,0.001,-0.7818234381998912,8,7
bird2,1,39,0.01,-0.7808821225639765,8,7
bird2,1,39,0.1,-0.7800227068962519,8,7
bird2,2,39,0.001,-0.7204532644920252,56,23
bird2,2,39,0.01,-0.7165100369519988,56,23
bird2,2,39,0.1,-0.7130238449619168,56,23
bird2,3,39,0.001,-0.7234177960899494,392,53
bird2,3,39,0.01,-0.7170509129694708,392,53
bird2,3,39,0.1,-0.7122886680346312,392,53
bird2,4,39,0.001,-0.7291880688442677,2744,90
bird2,4,39,0.01,-0.7182603791151414,2744,90
bird2,4,39,0.1,-0.7107989398909937,2744,90
bird2,5,39,0.001,-0.7580057873498416,19208,138
bird2,5,39,0.01,-0.7393874060553561,19208,138
bird2,5,39,0.1,-0.7265073744568108,19208,138
bird2,0,40,0.001,-1.8290593196970215,1,1
bird2,0,40,0.01,-1.8290593159977602,1,1
bird2,0,40,0.1,-1.829059279694862,1,1
bird2,1,40,0.001,-0.8221250723538532,8,7
bird2,1,40,0.01,-0.820585640358462,8,7
bird2,1,40,0.1,-0.8190068318128626,8,7
bird2,2,40,0.001,-0.7558648537020822,56,28
bird2,2,40,0.01,-0.752725231309344,56,28
bird2,2,40,0.1,-0.7504986581905335,56,28
bird2,3,40,0.001,-0.7609471301984106,392,65
bird2,3,40,0.01,-0.7512183039588325,392,65
bird2,3,40,0.1,-0.7444990815728584,392,65
bird2,4,40,0.001,-0.7855092962760227,2744,115
bird2,4,40,0.01,-0.7660892506657603,2744,115
bird2,4,40,0.1,-0.7522924109152014,2744,115
bird2,5,40,0.001,-0.8161912909427876,19208,173
bird2,5,40,0.01,-0.7898826619291012,19208,173
bird2,5,40,0.1,-0.7712190400079647,19208,173
bird2,0,41,0.001,-1.8383242995426559,1,1
bird2,0,41,0.01,-1.8383242699590625,1,1
bird2,0,41,0.1,-1.8383239748164821,1,1
bird2,1,41,0.001,-0.808032444116454,8,7
bird2,1,41,0.01,-0.8075477323736643,8,7
bird2,1,41,0.1,-0.8070844591484786,8,7
bird2,2,41,0.001,-0.7591651991891456,56,28
bird2,2,41,0.01,-0.7561545969628506,56,28
bird2,2,41,0.1,-0.7538705774333911,56,28
bird2,3,41,0.001,-0.7863664737357053,392,68
bird2,3,41,0.01,-0.7731470690569684,392,68
bird2,3,41,0.1,-0.762846752512146,392,68
bird2,4,41,0.001,-0.7965213825928011,2744,123
bird2,4,41,0.01,-0.77817475125157,2744,123
bird2,4,41,0.1,-0.7647672748920336,2744,123
bird2,5,41,0.001,-0.8485164892626837,19208,186
bird2,5,41,0.01,-0.8175006591488334,19208,186
bird2,5,41,0.1,-0.7944612208519305,19208,186
bird2,0,42,0.001,-1.8480282976079896,1,1
bird2,0,42,0.01,-1.848028212605338,1,1
bird2,0,42,0.1,-1.848027363313264,1,1
bird2,1,42,0.001,-0.799532270194294,8,7
bird2,1,42,0.01,-0.7985316344575715,8,7
bird2,1,42,0.1,-0.7975665399300497,8,7
bird2,2,42,0.001,-0.740671272582736,56,29
bird2,2,42,0.01,-0.7343859704849116,56,29
bird2,2,42,0.1,-0.7288971444981936,56,29
bird2,3,42,0.001,-0.7467378272539246,392,68
bird2,3,42,0.01,-0.7370219145646824,392,68
bird2,3,42,0.1,-0.7290490388713583,392,68
bird2,4,42,0.001,-0.7563596090801424,2744,121
bird2,4,42,0.01,-0.740295661112133,2744,121
bird2,4,42,0.1,-0.7282886243697188,2744,121
bird2,5,42,0.001,-0.7854199156161745,19208,170
bird2,5,42,0.01,-0.7636761662795961,19208,170
bird2,5,42,0.1,-0.7483252215592664,19208,170
bird2,0,43,0.001,-1.821158971551711,1,1
bird2,0,43,0.01,-1.8211590057552949,1,1
bird2,0,43,0.1,-1.821159348457898,1,1
bird2,1,43,0.001,-0.8046551054476435,8,7
bird2,1,43,0.01,-0.8046635478129113,8,7
bird2,1,43,0.1,-0.8047494216970497,8,7
bird2,2,43,0.001,-0.7372531043957659,56,23
bird2,2,43,0.01,-0.7346289842922048,56,23
bird2,2,43,0.1,-0.7325588026312168,56,23
bird2,3,43,0.001,-0.7413177553670313,392,51
bird2,3,43,0.01,-0.7367461937094285,392,51
bird2,3,43,0.1,-0.7334038696924889,392,51
bird2,4,43,0.001,-0.7498724495314206,2744,90
bird2,4,43,0.01,-0.7387032541932153,2744,90
bird2,4,43,0.1,-0.7308919527842213,2744,90
bird2,5,43,0.001,-0.7845467415781728,19208,141
bird2,5,43,0.01,-0.7625041241721838,19208,141
bird2,5,43,0.1,-0.7471813216283356,19208,141
bird2,0,44,0.001,-1.8316759288926467,1,1
bird2,0,44,0.01,-1.8316759127892477,1,1
bird2,0,44,0.1,-1.831675752453583,1,1
bird2,1,44,0.001,-0.8153892050788331,8,7
bird2,1,44,0.01,-0.814370118259636,8,7
bird2,1,44,0.1,-0.8133733807336836,8,7
bird2,2,44,0.001,-0.7477420208350731,56,24
bird2,2,44,0.01,-0.7424147682357668,56,24
bird2,2,44,0.1,-0.7378180340016968,56,24
bird2,3,44,0.001,-0.7423065012455455,392,59
bird2,3,44,0.01,-0.7359555022427974,392,59
bird2,3,44,0.1,-0.7313579982325819,392,59
bird2,4,44,0.001,-0.7690577995888167,2744,103
bird2,4,44,0.01,-0.7515215318214896,2744,103
bird2,4,44,0.1,-0.7386261571181211,2744,103
bird2,5,44,0.001,-0.784828723196303,19208,150
bird2,5,44,0.01,-0.763937064784928,19208,150
bird2,5,44,0.1,-0.7498563074656447,19208,150
bird2,0,45,0.001,-1.8111060968633816,1,1
bird2,0,45,0.01,-1.8111061587291524,1,1
bird2,0,45,0.1,-1.8111067780500576,1,1
bird2,1,45,0.001,-0.8413213966568871,8,7
bird2,1,45,0.01,-0.8392173616142573,8,7
bird2,1,45,0.1,-0.8370652694182602,8,7
bird2,2,45,0.001,-0.7826683175062852,56,30
bird2,2,45,0.01,-0.7766532358580641,56,30
bird2,2,45,0.1,-0.7716502712431121,56,30
bird2,3,45,0.001,-0.7988820055634226,392,68
bird2,3,45,0.01,-0.7819065480034231,392,68
bird2,3,45,0.1,-0.7678563293008932,392,68
bird2,4,45,0.001,-0.791036613918971,2744,118
bird2,4,45,0.01,-0.7712587441817107,2744,118
bird2,4,45,0.1,-0.756711013741942,2744,118
bird2,5,45,0.001,-0.8537591717871663,19208,173
bird2,5,45,0.01,-0.8153351275057664,19208,173
bird2,5,45,0.1,-0.7860930803179734,19208,173
bird2,0,46,0.001,-1.8317925518572118,1,1
bird2,0,46,0.01,-1.8317925477851285,1,1
bird2,0,46,0.1,-1.8317925077461024,1,1
bird2,1,46,0.001,-0.8009954507666115,8,7
bird2,1,46,0.01,-0.8010039792598209,8,7
bird2,1,46,0.1,-0.8010902455857414,8,7
bird2,2,46,0.001,-0.7427767837636755,56,25
bird2,2,46,0.01,-0.7401763000159055,56,25
bird2,2,46,0.1,-0.7380420377730438,56,25
bird2,3,46,0.001,-0.7433877869037879,392,56
bird2,3,46,0.01,-0.73663870629636,392,56
bird2,3,46,0.1,-0.7316096513842117,392,56
bird2,4,46,0.001,-0.7695337818349841,2744,99
bird2,4,46,0.01,-0.7504579992354853,2744,99
bird2,4,46,0.1,-0.7353058455332278,2744,99
bird2,5,46,0.001,-0.7930015673428064,19208,151
bird2,5,46,0.01,-0.7692012722446251,19208,151
bird2,5,46,0.1,-0.7509001459037885,19208,151
bird2,0,47,0.001,-1.8452016141115342,1,1
bird2,0,47,0.01,-1.8452015485149094,1,1
bird2,0,47,0.1,-1.8452008932670851,1,1
bird2,1,47,0.001,-0.8213491690753228,8,7
bird2,1,47,0.01,-0.8178855436177278,8,7
bird2,1,47,0.1,-0.8144361081613997,8,7
bird2,2,47,0.001,-0.7696629815721825,56,28
bird2,2,47,0.01,-0.7598346122739434,56,28
bird2,2,47,0.1,-0.7509752082871565,56,28
bird2,3,47,0.001,-0.7629767136426661,392,66
bird2,3,47,0.01,-0.7501036640785177,392,66
bird2,3,47,0.1,-0.7393781434579115,392,66
bird2,4,47,0.001,-0.7585544042540441,2744,119
bird2,4,47,0.01,-0.7430176968408162,2744,119
bird2,4,47,0.1,-0.7319646143160302,2744,119
bird2,5,47,0.001,-0.7783375143842407,19208,173
bird2,5,47,0.01,-0.7578264702308325,19208,173
bird2,5,47,0.1,-0.743855878870332,19208,173
bird2,0,48,0.001,-1.8257356600556323,1,1
bird2,0,48,0.01,-1.8257356735020105,1,1
bird2,0,48,0.1,-1.8257358086441886,1,1
bird2,1,48,0.001,-0.86200763682412,8,7
bird2,1,48,0.01,-0.859477487780885,8,7
bird2,1,48,0.1,-0.8568096486378751,8,7
bird2,2,48,0.001,-0.8115652852507768,56,31
bird2,2,48,0.01,-0.800616276411762,56,31
bird2,2,48,0.1,-0.7911995620901704,56,31
bird2,3,48,0.001,-0.8252823540917893,392,80
bird2,3,48,0.01,-0.8053550584598939,392,80
bird2,3,48,0.1,-0.7890141780551562,392,80
bird2,4,48,0.001,-0.8456534348959037,2744,151
bird2,4,48,0.01,-0.8166390353592599,2744,151
bird2,4,48,0.1,-0.793775635409237,2744,151
bird2,5,48,0.001,-0.8918784604068194,19208,231
bird2,5,48,0.01,-0.849789469729163,19208,231
bird2,5,48,0.1,-0.8173337241988247,19208,231
bird2,0,49,0.001,-1.8350648020242504,1,1
bird2,0,49,0.01,-1.8350647768484474,1,1
bird2,0,49,0.1,-1.8350645257893943,1,1
bird2,1,49,0.001,-0.8117621186287464,8,7
bird2,1,49,0.01,-0.8112574127282521,8,7
bird2,1,49,0.1,-0.8107881927768801,8,7
bird2,2,49,0.001,-0.7555088442067291,56,28
bird2,2,49,0.01,-0.7512794293705908,56,28
bird2,2,49,0.1,-0.7477927625119261,56,28
bird2,3,49,0.001,-0.7593573012513916,392,68
bird2,3,49,0.01,-0.7513255790732652,392,68
bird2,3,49,0.1,-0.7454500816963572,392,68
bird2,4,49,0.001,-0.7857500475316165,2744,118
bird2,4,49,0.01,-0.7676615301152505,2744,118
bird2,4,49,0.1,-0.7544274609169256,2744,118
bird2,5,49,0.001,-0.8177973064484487,19208,178
bird2,5,49,0.01,-0.7885014997111021,19208,178
bird2,5,49,0.1,-0.7680257341254116,19208,178
bird2,0,50,0.001,-1.8353096411555723,1,1
bird2,0,50,0.01,-1.8353096093178427,1,1
bird2,0,50,0.1,-1.8353092916450489,1,1
bird2,1,50,0.001,-0.8209883687238136,8,7
bird2,1,50,0.01,-0.8179744465466507,8,7
bird2,1,50,0.1,-0.8149202167229648,8,7
bird2,2,50,0.001,-0.7710003505077789,56,29
bird2,2,50,0.01,-0.7626270165158677,56,29
bird2,2,50,0.1,-0.7553903640790367,56,29
bird2,3,50,0.001,-0.7771889606942256,392,67
bird2,3,50,0.01,-0.7611436426620908,392,67
bird2,3,50,0.1,-0.7477639603288487,392,67
bird2,4,50,0.001,-0.7725043497616815,2744,122
bird2,4,50,0.01,-0.7526564781384796,2744,122
bird2,4,50,0.1,-0.7377416572384354,2744,122
bird2,5,50,0.001,-0.8033208292299308,19208,183
bird2,5,50,0.01,-0.7760621418157486,19208,183
bird2,5,50,0.1,-0.756362919823337,19208,183
bird4,0,1,0.001,-1.2720301475284859,1,1
bird4,0,1,0.01,-1.2720301583379277,1,1
bird4,0,1,0.1,-1.272030266582467,1,1
bird4,1,1,0.001,-0.5683016773155397,5,4
bird4,1,1,0.01,-0.5683014718511977,5,4
bird4,1,1,0.1,-0.5682994526608881,5,4
bird4,2,1,0.001,-0.5448825139123773,20,12
bird4,2,1,0.01,-0.5444395630449667,20,12
bird4,2,1,0.1,-0.5439912525301271,20,12
bird4,3,1,0.001,-0.5575679268320114,80,32
bird4,3,1,0.01,-0.5553799995670547,80,32
bird4,3,1,0.1,-0.553243118670115,80,32
bird4,4,1,0.001,-0.5874815965430157,320,66
bird4,4,1,0.01,-0.578833593137764,320,66
bird4,4,1,0.1,-0.5707972074459315,320,66
bird4,5,1,0.001,-0.5949276127121426,1280,110
bird4,5,1,0.01,-0.5846908111645632,1280,110
bird4,5,1,0.1,-0.5758469393947103,1280,110
bird4,0,2,0.001,-1.2765903903864806,1,1
bird4,0,2,0.01,-1.276590390253899,1,1
bird4,0,2,0.1,-1.2765903890836026,1,1
bird4,1,2,0.001,-0.5644542869586401,5,4
bird4,1,2,0.01,-0.5644547287562776,5,4
bird4,1,2,0.1,-0.564459161395893,5,4
bird4,2,2,0.001,-0.5368884035358804,20,11
bird4,2,2,0.01,-0.536889872393993,20,11
bird4,2,2,0.1,-0.5369047096627891,20,11
bird4,3,2,0.001,-0.537869672018451,80,28
bird4,3,2,0.01,-0.537629401887752,80,28
bird4,3,2,0.1,-0.5374536980972463,80,28
bird4,4,2,0.001,-0.5528994002783119,320,52
bird4,4,2,0.01,-0.5520930079271937,320,52
bird4,4,2,0.1,-0.5515666623016107,320,52
bird4,5,2,0.001,-0.5672559412201698,1280,87
bird4,5,2,0.01,-0.5624217853744096,1280,87
bird4,5,2,0.1,-0.5585688119230198,1280,87
bird4,0,3,0.001,-1.2753219354199357,1,1
bird4,0,3,0.01,-1.2753219531273536,1,1
bird4,0,3,0.1,-1.27532213034408,1,1
bird4,1,3,0.001,-0.5677994499296098,5,4
bird4,1,3,0.01,-0.5677996353239182,5,4
bird4,1,3,0.1,-0.5678015120583252,5,4
bird4,2,3,0.001,-0.5473249074297942,20,12
bird4,2,3,0.01,-0.5471163300830836,20,12
bird4,2,3,0.1,-0.5469019518088457,20,12
bird4,3,3,0.001,-0.5550987311463854,80,31
bird4,3,3,0.01,-0.5537436689189233,80,31
bird4,3,3,0.1,-0.5524605224905961,80,31
bird4,4,3,0.001,-0.5819534880569355,320,60
bird4,4,3,0.01,-0.5761797822844548,320,60
bird4,4,3,0.1,-0.5710202838027422,320,60
bird4,5,3,0.001,-0.5882662222673528,1280,97
bird4,5,3,0.01,-0.5801370868373976,1280,97
bird4,5,3,0.1,-0.5730576336985106,1280,97
bird4,0,4,0.001,-1.270802238655742,1,1
bird4,0,4,0.01,-1.2708022534344818,1,1
bird4,0,4,0.1,-1.2708024013688437,1,1
bird4,1,4,0.001,-0.5709321493863144,5,4
bird4,1,4,0.01,-0.57093135118484,5,4
bird4,1,4,0.1,-0.5709234331247939,5,4
bird4,2,4,0.001,-0.5460368397811131,20,12
bird4,2,4,0.01,-0.545605931273906,20,12
bird4,2,4,0.1,-0.5451760827923242,20,12
bird4,3,4,0.001,-0.545838449237413,80,34
bird4,3,4,0.01,-0.5451562233052984,80,34
bird4,3,4,0.1,-0.5446413446222403,80,34
bird4,4,4,0.001,-0.5722377195894912,320,66
bird4,4,4,0.01,-0.5673379983321309,320,66
bird4,4,4,0.1,-0.5631925952524635,320,66
bird4,5,4,0.001,-0.5872569559965346,1280,111
bird4,5,4,0.01,-0.5773695991665982,1280,111
bird4,5,4,0.1,-0.5691052191131932,1280,111
bird4,0,5,0.001,-1.283433025089013,1,1
bird4,0,5,0.01,-1.2834330155047413,1,1
bird4,0,5,0.1,-1.2834329198195842,1,1
bird4,1,5,0.001,-0.57874729794109,5,4
bird4,1,5,0.01,-0.5787466737755097,5,4
bird4,1,5,0.1,-0.5787404853719411,5,4
bird4,2,5,0.001,-0.5572274279864879,20,12
bird4,2,5,0.01,-0.556536785849907,20,12
bird4,2,5,0.1,-0.5558594003626455,20,12
bird4,3,5,0.001,-0.556971827660352,80,34
bird4,3,5,0.01,-0.5552412988516361,80,34
bird4,3,5,0.1,-0.5536743170966032,80,34
bird4,4,5,0.001,-0.595273857509897,320,70
bird4,4,5,0.01,-0.5858201413833898,320,70
bird4,4,5,0.1,-0.5772732268025624,320,70
bird4,5,5,0.001,-0.608577898325921,1280,117
bird4,5,5,0.01,-0.597491999720722,1280,117
bird4,5,5,0.1,-0.5880739702158677,1280,117
bird4,0,6,0.001,-1.2819431713876168,1,1
bird4,0,6,0.01,-1.2819431646560042,1,1
bird4,0,6,0.1,-1.281943097496199,1,1
bird4,1,6,0.001,-0.577944672757073,5,4
bird4,1,6,0.01,-0.5779438033568239,5,4
bird4,1,6,0.1,-0.5779351798532616,5,4
bird4,2,6,0.001,-0.5553092626520272,20,12
bird4,2,6,0.01,-0.5544049191258492,20,12
bird4,2,6,0.1,-0.5535020688406194,20,12
bird4,3,6,0.001,-0.5595895131012374,80,35
bird4,3,6,0.01,-0.5571541956477426,80,35
bird4,3,6,0.1,-0.55478273989394,80,35
bird4,4,6,0.001,-0.5887674485387384,320,69
bird4,4,6,0.01,-0.5819647907690824,320,69
bird4,4,6,0.1,-0.5759660090695088,320,69
bird4,5,6,0.001,-0.6021022267364594,1280,118
bird4,5,6,0.01,-0.5927811688277731,1280,118
bird4,5,6,0.1,-0.5849058544515439,1280,118
bird4,0,7,0.001,-1.2845508318411596,1,1
bird4,0,7,0.01,-1.2845508239649872,1,1
bird4,0,7,0.1,-1.2845507453588432,1,1
bird4,1,7,0.001,-0.5703435104616652,5,4
bird4,1,7,0.01,-0.5703433294265393,5,4
bird4,1,7,0.1,-0.5703415583500716,5,4
bird4,2,7,0.001,-0.5477952485803329,20,12
bird4,2,7,0.01,-0.5475708356067295,20,12
bird4,2,7,0.1,-0.5473502724732583,20,12
bird4,3,7,0.001,-0.5556292435494667,80,33
bird4,3,7,0.01,-0.5544103566822117,80,33
bird4,3,7,0.1,-0.553280746063619,80,33
bird4,4,7,0.001,-0.591028016708023,320,63
bird4,4,7,0.01,-0.5844265572286138,320,63
bird4,4,7,0.1,-0.5788585576921395,320,63
bird4,5,7,0.001,-0.6032197270840742,1280,102
bird4,5,7,0.01,-0.5917544493961118,1280,102
bird4,5,7,0.1,-0.582241179281873,1280,102
bird4,0,8,0.001,-1.2732834835597155,1,1
bird4,0,8,0.01,-1.2732834931191375,1,1
bird4,0,8,0.1,-1.2732835888637217,1,1
bird4,1,8,0.001,-0.5571064728185048,5,4
bird4,1,8,0.01,-0.5571066965318463,5,4
bird4,1,8,0.1,-0.5571089676546578,5,4
bird4,2,8,0.001,-0.5346705872365498,20,12
bird4,2,8,0.01,-0.5344509893892696,20,12
bird4,2,8,0.1,-0.5342385112467689,20,12
bird4,3,8,0.001,-0.5374757612005547,80,30
bird4,3,8,0.01,-0.5367664702504258,80,30
bird4,3,8,0.1,-0.536131837634547,80,30
bird4,4,8,0.001,-0.553908986258057,320,57
bird4,4,8,0.01,-0.5520715174236273,320,57
bird4,4,8,0.1,-0.5505129735784019,320,57
bird4,5,8,0.001,-0.5570573174562347,1280,93
bird4,5,8,0.01,-0.5545128059036499,1280,93
bird4,5,8,0.1,-0.5527612295695585,1280,93
bird4,0,9,0.001,-1.2657569121515901,1,1
bird4,0,9,0.01,-1.2657569271854756,1,1
bird4,0,9,0.1,-1.265757077676567,1,1
bird4,1,9,0.001,-0.5757249667790462,5,4
bird4,1,9,0.01,-0.5757247208337557,5,4
bird4,1,9,0.1,-0.5757222898924842,5,4
bird4,2,9,0.001,-0.5502581906984759,20,12
bird4,2,9,0.01,-0.5500320077632003,20,12
bird4,2,9,0.1,-0.549804138264292,20,12
bird4,3,9,0.001,-0.5567774217935666,80,32
bird4,3,9,0.01,-0.5555452960723043,80,32
bird4,3,9,0.1,-0.5543752097775303,80,32
bird4,4,9,0.001,-0.573897322078806,320,65
bird4,4,9,0.01,-0.5695160278185413,320,65
bird4,4,9,0.1,-0.565606673337804,320,65
bird4,5,9,0.001,-0.5827115978680694,1280,104
bird4,5,9,0.01,-0.5752665736697095,1280,104
bird4,5,9,0.1,-0.5688170271116987,1280,104
bird4,0,10,0.001,-1.2823273080330577,1,1
bird4,0,10,0.01,-1.282327308017317,1,1
bird4,0,10,0.1,-1.2823273080113509,1,1
bird4,1,10,0.001,-0.5595244243576494,5,4
bird4,1,10,0.01,-0.5595245912349512,5,4
bird4,1,10,0.1,-0.5595262880424418,5,4
bird4,2,10,0.001,-0.5410848503989091,20,12
bird4,2,10,0.01,-0.5408641125593168,20,12
bird4,2,10,0.1,-0.5406460734600241,20,12
bird4,3,10,0.001,-0.54210082472658,80,29
bird4,3,10,0.01,-0.5418664678629737,80,29
bird4,3,10,0.1,-0.5416967050006768,80,29
bird4,4,10,0.001,-0.5561975138307715,320,55
bird4,4,10,0.01,-0.5543602565993624,320,55
bird4,4,10,0.1,-0.5528711666284237,320,55
bird4,5,10,0.001,-0.5683383425991951,1280,85
bird4,5,10,0.01,-0.5628839466210991,1280,85
bird4,5,10,0.1,-0.5583389353492274,1280,85
bird4,0,11,0.001,-1.2797390014669965,1,1
bird4,0,11,0.01,-1.2797390083092703,1,1
bird4,0,11,0.1,-1.2797390768788597,1,1
bird4,1,11,0.001,-0.5686647258181282,5,4
bird4,1,11,0.01,-0.5686646152992934,5,4
bird4,1,11,0.1,-0.5686635407261716,5,4
bird4,2,11,0.001,-0.5485477134293775,20,12
bird4,2,11,0.01,-0.5481214845865436,20,12
bird4,2,11,0.1,-0.5476916790021917,20,12
bird4,3,11,0.001,-0.5507892766915081,80,31
bird4,3,11,0.01,-0.549421759909084,80,31
bird4,3,11,0.1,-0.5481609978068503,80,31
bird4,4,11,0.001,-0.5683254014600331,320,57
bird4,4,11,0.01,-0.5640482425374505,320,57
bird4,4,11,0.1,-0.5603512795668442,320,57
bird4,5,11,0.001,-0.5775437969761769,1280,93
bird4,5,11,0.01,-0.5720534355133009,1280,93
bird4,5,11,0.1,-0.5673712705831466,1280,93
bird4,0,12,0.001,-1.2936517791249464,1,1
bird4,0,12,0.01,-1.2936517644104464,1,1
bird4,0,12,0.1,-1.293651617420194,1,1
bird4,1,12,0.001,-0.583845460612477,5,4
bird4,1,12,0.01,-0.5838453980737783,5,4
bird4,1,12,0.1,-0.5838447985334763,5,4
bird4,2,12,0.001,-0.5641185733104093,20,12
bird4,2,12,0.01,-0.5638915260237898,20,12
bird4,2,12,0.1,-0.5636576781717171,20,12
bird4,3,12,0.001,-0.5661677736421779,80,30
bird4,3,12,0.01,-0.564946652750557,80,30
bird4,3,12,0.1,-0.5638133433702506,80,30
bird4,4,12,0.001,-0.5824040859374264,320,57
bird4,4,12,0.01,-0.5778406169592054,320,57
bird4,4,12,0.1,-0.5737228398849819,320,57
bird4,5,12,0.001,-0.5900384321476076,1280,93
bird4,5,12,0.01,-0.5832796726468982,1280,93
bird4,5,12,0.1,-0.5773065814123762,1280,93
bird4,0,13,0.001,-1.2772795856222354,1,1
bird4,0,13,0.01,-1.2772795764130085,1,1
bird4,0,13,0.1,-1.2772794844824287,1,1
bird4,1,13,0.001,-0.5661234622959062,5,4
bird4,1,13,0.01,-0.5661224168900577,5,4
bird4,1,13,0.1,-0.5661120609952206,5,4
bird4,2,13,0.001,-0.5430506053795784,20,12
bird4,2,13,0.01,-0.5425801267592513,20,12
bird4,2,13,0.1,-0.5421105304369594,20,12
bird4,3,13,0.001,-0.5476348475750894,80,34
bird4,3,13,0.01,-0.5461023818549783,80,34
bird4,3,13,0.1,-0.544665642768764,80,34
bird4,4,13,0.001,-0.5758210568297054,320,69
bird4,4,13,0.01,-0.5703647333281469,320,69
bird4,4,13,0.1,-0.5657723693791558,320,69
bird4,5,13,0.001,-0.5855636876087408,1280,112
bird4,5,13,0.01,-0.577619713545423,1280,112
bird4,5,13,0.1,-0.571463484665418,1280,112
bird4,0,14,0.001,-1.288526142385463,1,1
bird4,0,14,0.01,-1.2885261128255534,1,1
bird4,0,14,0.1,-1.2885258173958714,1,1
bird4,1,14,0.001,-0.5695924252190148,5,4
bird4,1,14,0.01,-0.5695922506537093,5,4
bird4,1,14,0.1,-0.5695905455086024,5,4
bird4,2,14,0.001,-0.5454531234287753,20,12
bird4,2,14,0.01,-0.5454530253820252,20,12
bird4,2,14,0.1,-0.5454524236670423,20,12
bird4,3,14,0.001,-0.551482640101354,80,33
bird4,3,14,0.01,-0.5498807774817778,80,33
bird4,3,14,0.1,-0.5483887611266517,80,33
bird4,4,14,0.001,-0.583061421969565,320,60
bird4,4,14,0.01,-0.575205450491536,320,60
bird4,4,14,0.1,-0.5682208206554367,320,60
bird4,5,14,0.001,-0.5916766378389823,1280,93
bird4,5,14,0.01,-0.5823578684723771,1280,93
bird4,5,14,0.1,-0.5744003851385917,1280,93
bird4,0,15,0.001,-1.2794177572872283,1,1
bird4,0,15,0.01,-1.27941775654281,1,1
bird4,0,15,0.1,-1.279417749251532,1,1
bird4,1,15,0.001,-0.5740015112795892,5,4
bird4,1,15,0.01,-0.5740010352882501,5,4
bird4,1,15,0.1,-0.5739963317094037,5,4
bird4,2,15,0.001,-0.5575219853064066,20,12
bird4,2,15,0.01,-0.556401617195501,20,12
bird4,2,15,0.1,-0.5552816533706452,20,12
bird4,3,15,0.001,-0.562526996661347,80,32
bird4,3,15,0.01,-0.5593490974151689,80,32
bird4,3,15,0.1,-0.5562514726647735,80,32
bird4,4,15,0.001,-0.5847988888098321,320,62
bird4,4,15,0.01,-0.5788465800610707,320,62
bird4,4,15,0.1,-0.5733837234381212,320,62
bird4,5,15,0.001,-0.6000601972198764,1280,104
bird4,5,15,0.01,-0.5902655170555325,1280,104
bird4,5,15,0.1,-0.5816017014390402,1280,104
bird4,0,16,0.001,-1.2869554904520333,1,1
bird4,0,16,0.01,-1.2869554702559833,1,1
bird4,0,16,0.1,-1.2869552684585035,1,1
bird4,1,16,0.001,-0.5734034879881529,5,4
bird4,1,16,0.01,-0.5734033122975329,5,4
bird4,1,16,0.1,-0.57340159363246,5,4
bird4,2,16,0.001,-0.5501826348986435,20,12
bird4,2,16,0.01,-0.549470852288073,20,12
bird4,2,16,0.1,-0.5487698155579471,20,12
bird4,3,16,0.001,-0.5529794718390068,80,28
bird4,3,16,0.01,-0.5519398623977385,80,28
bird4,3,16,0.1,-0.550976394476379,80,28
bird4,4,16,0.001,-0.5800280250505393,320,52
bird4,4,16,0.01,-0.574525705718575,320,52
bird4,4,16,0.1,-0.5696167106506814,320,52
bird4,5,16,0.001,-0.5920217888910855,1280,85
bird4,5,16,0.01,-0.5821703887728019,1280,85
bird4,5,16,0.1,-0.5735868560356424,1280,85
bird4,0,17,0.001,-1.2804909629862136,1,1
bird4,0,17,0.01,-1.2804909536293592,1,1
bird4,0,17,0.1,-1.280490860221855,1,1
bird4,1,17,0.001,-0.5625610709753102,5,4
bird4,1,17,0.01,-0.562561138402201,5,4
bird4,1,17,0.1,-0.5625618432752162,5,4
bird4,2,17,0.001,-0.5418370764270585,20,12
bird4,2,17,0.01,-0.541130016250558,20,12
bird4,2,17,0.1,-0.5404321230162571,20,12
bird4,3,17,0.001,-0.5467379897088831,80,32
bird4,3,17,0.01,-0.5449351224904568,80,32
bird4,3,17,0.1,-0.5432266060489923,80,32
bird4,4,17,0.001,-0.5628495226100279,320,62
bird4,4,17,0.01,-0.5614121628835138,320,62
bird4,4,17,0.1,-0.560250372865427,320,62
bird4,5,17,0.001,-0.5821738178942722,1280,96
bird4,5,17,0.01,-0.5757501021711754,1280,96
bird4,5,17,0.1,-0.5702437731053865,1280,96
bird4,0,18,0.001,-1.280485950598939,1,1
bird4,0,18,0.01,-1.2804859492981402,1,1
bird4,0,18,0.1,-1.2804859364436747,1,1
bird4,1,18,0.001,-0.5616715433832775,5,4
bird4,1,18,0.01,-0.5616716643500971,5,4
bird4,1,18,0.1,-0.5616729052973883,5,4
bird4,2,18,0.001,-0.5383195001387994,20,12
bird4,2,18,0.01,-0.5383209687198333,20,12
bird4,2,18,0.1,-0.5383358289806409,20,12
bird4,3,18,0.001,-0.5458248590721977,80,31
bird4,3,18,0.01,-0.5458360707094917,80,31
bird4,3,18,0.1,-0.5459478348582103,80,31
bird4,4,18,0.001,-0.5633438717808805,320,60
bird4,4,18,0.01,-0.5601371870336515,320,60
bird4,4,18,0.1,-0.5575917383262244,320,60
bird4,5,18,0.001,-0.5852265127311461,1280,100
bird4,5,18,0.01,-0.5744428337349657,1280,100
bird4,5,18,0.1,-0.5655132838331529,1280,100
bird4,0,19,0.001,-1.280108874176348,1,1
bird4,0,19,0.01,-1.280108862207667,1,1
bird4,0,19,0.1,-1.2801087426823112,1,1
bird4,1,19,0.001,-0.5682199303639711,5,4
bird4,1,19,0.01,-0.5682197593654906,5,4
bird4,1,19,0.1,-0.5682180790773115,5,4
bird4,2,19,0.001,-0.5462517264442125,20,12
bird4,2,19,0.01,-0.5457767524353545,20,12
bird4,2,19,0.1,-0.5452960247404199,20,12
bird4,3,19,0.001,-0.5484074960754697,80,32
bird4,3,19,0.01,-0.5473857328856292,80,32
bird4,3,19,0.1,-0.5464955258866491,80,32
bird4,4,19,0.001,-0.5671636567065278,320,60
bird4,4,19,0.01,-0.5643028928569086,320,60
bird4,4,19,0.1,-0.5619865084044324,320,60
bird4,5,19,0.001,-0.5860062288735539,1280,98
bird4,5,19,0.01,-0.5786350211500825,1280,98
bird4,5,19,0.1,-0.5726077499694042,1280,98
bird4,0,20,0.001,-1.2805739095626625,1,1
bird4,0,20,0.01,-1.2805738983169572,1,1
bird4,0,20,0.1,-1.2805737860223645,1,1
bird4,1,20,0.001,-0.5641907792550315,5,4
bird4,1,20,0.01,-0.5641904018657438,5,4
bird4,1,20,0.1,-0.5641866766984558,5,4
bird4,2,20,0.001,-0.5430921206345559,20,12
bird4,2,20,0.01,-0.5426144395642389,20,12
bird4,2,20,0.1,-0.5421279217899854,20,12
bird4,3,20,0.001,-0.549222363235383,80,34
bird4,3,20,0.01,-0.5471507807272946,80,34
bird4,3,20,0.1,-0.5452128230261405,80,34
bird4,4,20,0.001,-0.565517422090331,320,67
bird4,4,20,0.01,-0.5623456170106856,320,67
bird4,4,20,0.1,-0.5597517607398917,320,67
bird4,5,20,0.001,-0.5754615711096415,1280,101
bird4,5,20,0.01,-0.5690551893569921,1280,101
bird4,5,20,0.1,-0.5637486760694155,1280,101
bird4,0,21,0.001,-1.280620515209458,1,1
bird4,0,21,0.01,-1.28062051975273,1,1
bird4,0,21,0.1,-1.280620565334022,1,1
bird4,1,21,0.001,-0.5563669741437289,5,4
bird4,1,21,0.01,-0.5563671557953239,5,4
bird4,1,21,0.1,-0.5563690026111713,5,4
bird4,2,21,0.001,-0.5301281752271575,20,12
bird4,2,21,0.01,-0.5301291784023457,20,12
bird4,2,21,0.1,-0.530139517485917,20,12
bird4,3,21,0.001,-0.5328353634685793,80,30
bird4,3,21,0.01,-0.5323813612914758,80,30
bird4,3,21,0.1,-0.5320265834350072,80,30
bird4,4,21,0.001,-0.5507023276176402,320,57
bird4,4,21,0.01,-0.5494315477950704,320,57
bird4,4,21,0.1,-0.548533308520214,320,57
bird4,5,21,0.001,-0.5754365988344884,1280,91
bird4,5,21,0.01,-0.5663639554440414,1280,91
bird4,5,21,0.1,-0.5585713946304426,1280,91
bird4,0,22,0.001,-1.279505125912097,1,1
bird4,0,22,0.01,-1.2795051170344687,1,1
bird4,0,22,0.1,-1.2795050284187015,1,1
bird4,1,22,0.001,-0.5737708659996691,5,4
bird4,1,22,0.01,-0.5737705307341371,5,4
bird4,1,22,0.1,-0.5737672304889886,5,4
bird4,2,22,0.001,-0.5481630833530349,20,12
bird4,2,22,0.01,-0.5479291606273354,20,12
bird4,2,22,0.1,-0.5477079374490387,20,12
bird4,3,22,0.001,-0.5556746844546628,80,33
bird4,3,22,0.01,-0.5531278292111047,80,33
bird4,3,22,0.1,-0.5507947891385488,80,33
bird4,4,22,0.001,-0.5758526667988321,320,63
bird4,4,22,0.01,-0.5709991080650514,320,63
bird4,4,22,0.1,-0.566743156743986,320,63
bird4,5,22,0.001,-0.5805888714873808,1280,105
bird4,5,22,0.01,-0.5743242308515762,1280,105
bird4,5,22,0.1,-0.5691384804699016,1280,105
bird4,0,23,0.001,-1.2757903316852859,1,1
bird4,0,23,0.01,-1.2757903334886578,1,1
bird4,0,23,0.1,-1.2757903516777649,1,1
bird4,1,23,0.001,-0.5728199407889921,5,4
bird4,1,23,0.01,-0.572819825892765,5,4
bird4,1,23,0.1,-0.5728187061361777,5,4
bird4,2,23,0.001,-0.5487520170939721,20,12
bird4,2,23,0.01,-0.5487495685112416,20,12
bird4,2,23,0.1,-0.5487260704234682,20,12
bird4,3,23,0.001,-0.5546436042150005,80,31
bird4,3,23,0.01,-0.5529168329286079,80,31
bird4,3,23,0.1,-0.5512841597203104,80,31
bird4,4,23,0.001,-0.5824364486999906,320,60
bird4,4,23,0.01,-0.5755669262539905,320,60
bird4,4,23,0.1,-0.5695153636173483,320,60
bird4,5,23,0.001,-0.597156819906549,1280,100
bird4,5,23,0.01,-0.5871790032871747,1280,100
bird4,5,23,0.1,-0.5786755154716727,1280,100
bird4,0,24,0.001,-1.2864512620233024,1,1
bird4,0,24,0.01,-1.2864512497802245,1,1
bird4,0,24,0.1,-1.286451127506742,1,1
bird4,1,24,0.001,-0.5670355654570195,5,4
bird4,1,24,0.01,-0.5670359083209745,5,4
bird4,1,24,0.1,-0.5670393549695293,5,4
bird4,2,24,0.001,-0.5402168272271148,20,11
bird4,2,24,0.01,-0.5399920357968617,20,11
bird4,2,24,0.1,-0.5397817098920056,20,11
bird4,3,24,0.001,-0.5427508660990064,80,28
bird4,3,24,0.01,-0.5425128981697201,80,28
bird4,3,24,0.1,-0.5423659629345131,80,28
bird4,4,24,0.001,-0.5635341978767493,320,49
bird4,4,24,0.01,-0.5616188858148689,320,49
bird4,4,24,0.1,-0.5600625490486759,320,49
bird4,5,24,0.001,-0.5688090831215173,1280,78
bird4,5,24,0.01,-0.5667171715295525,1280,78
bird4,5,24,0.1,-0.5652395994193523,1280,78
bird4,0,25,0.001,-1.2913388106900812,1,1
bird4,0,25,0.01,-1.291338798746895,1,1
bird4,0,25,0.1,-1.291338679468908,1,1
bird4,1,25,0.001,-0.5701033539596134,5,4
bird4,1,25,0.01,-0.5701037537906145,5,4
bird4,1,25,0.1,-0.5701077671114947,5,4
bird4,2,25,0.001,-0.5506657055840977,20,11
bird4,2,25,0.01,-0.5504445281903275,20,11
bird4,2,25,0.1,-0.5502205557651376,20,11
bird4,3,25,0.001,-0.5504457579654672,80,28
bird4,3,25,0.01,-0.5499734636068093,80,28
bird4,3,25,0.1,-0.5495586539341173,80,28
bird4,4,25,0.001,-0.571876949549485,320,53
bird4,4,25,0.01,-0.5700146699870066,320,53
bird4,4,25,0.1,-0.5683715835314196,320,53
bird4,5,25,0.001,-0.580537657985376,1280,90
bird4,5,25,0.01,-0.5756250430523294,1280,90
bird4,5,25,0.1,-0.5716043576691553,1280,90
bird4,0,26,0.001,-1.2817731707752995,1,1
bird4,0,26,0.01,-1.2817731634899154,1,1
bird4,0,26,0.1,-1.2817730907936389,1,1
bird4,1,26,0.001,-0.5682516086597823,5,4
bird4,1,26,0.01,-0.5682517079747054,5,4
bird4,1,26,0.1,-0.5682527278805265,5,4
bird4,2,26,0.001,-0.5486876806497236,20,12
bird4,2,26,0.01,-0.5486879060017582,20,12
bird4,2,26,0.1,-0.5486905275554431,20,12
bird4,3,26,0.001,-0.5516506511901659,80,29
bird4,3,26,0.01,-0.5514022180845016,80,29
bird4,3,26,0.1,-0.551180128636562,80,29
bird4,4,26,0.001,-0.5664555828326796,320,54
bird4,4,26,0.01,-0.5648009370871278,320,54
bird4,4,26,0.1,-0.5633836879695835,320,54
bird4,5,26,0.001,-0.5817593860506437,1280,85
bird4,5,26,0.01,-0.5762426874797099,1280,85
bird4,5,26,0.1,-0.5715393143428433,1280,85
bird4,0,27,0.001,-1.2747954971977968,1,1
bird4,0,27,0.01,-1.274795499657547,1,1
bird4,0,27,0.1,-1.2747955244092757,1,1
bird4,1,27,0.001,-0.5626202305157191,5,4
bird4,1,27,0.01,-0.5626204075458582,5,4
bird4,1,27,0.1,-0.5626222030660629,5,4
bird4,2,27,0.001,-0.5447237084528773,20,12
bird4,2,27,0.01,-0.5440441593887309,20,12
bird4,2,27,0.1,-0.543364516072565,20,12
bird4,3,27,0.001,-0.5538117576028108,80,28
bird4,3,27,0.01,-0.5510798926463624,80,28
bird4,3,27,0.1,-0.5484210385308695,80,28
bird4,4,27,0.001,-0.5777566263659908,320,54
bird4,4,27,0.01,-0.5711964463567132,320,54
bird4,4,27,0.1,-0.5654155859530795,320,54
bird4,5,27,0.001,-0.5972750131334931,1280,89
bird4,5,27,0.01,-0.5857297612266933,1280,89
bird4,5,27,0.1,-0.5756554386846354,1280,89
bird4,0,28,0.001,-1.2747502547643752,1,1
bird4,0,28,0.01,-1.2747502602581464,1,1
bird4,0,28,0.1,-1.2747503153482822,1,1
bird4,1,28,0.001,-0.5625575515789877,5,4
bird4,1,28,0.01,-0.5625575150222414,5,4
bird4,1,28,0.1,-0.5625571765232202,5,4
bird4,2,28,0.001,-0.536862965668281,20,12
bird4,2,28,0.01,-0.536639656135443,20,12
bird4,2,28,0.1,-0.536418010503478,20,12
bird4,3,28,0.001,-0.5379012386447808,80,29
bird4,3,28,0.01,-0.53669219155434,80,29
bird4,3,28,0.1,-0.535540754066021,80,29
bird4,4,28,0.001,-0.5576966584516156,320,55
bird4,4,28,0.01,-0.5544437234821321,320,55
bird4,4,28,0.1,-0.5515927488811527,320,55
bird4,5,28,0.001,-0.5717273129217841,1280,91
bird4,5,28,0.01,-0.5646410250883613,1280,91
bird4,5,28,0.1,-0.5590004097140203,1280,91
bird4,0,29,0.001,-1.2696119737996954,1,1
bird4,0,29,0.01,-1.2696119847149194,1,1
bird4,0,29,0.1,-1.2696120940194897,1,1
bird4,1,29,0.001,-0.5637547272683954,5,4
bird4,1,29,0.01,-0.5637546479056686,5,4
bird4,1,29,0.1,-0.5637538796018089,5,4
bird4,2,29,0.001,-0.5421805439962688,20,12
bird4,2,29,0.01,-0.5419534849801694,20,12
bird4,2,29,0.1,-0.5417197977493865,20,12
bird4,3,29,0.001,-0.5468820943049962,80,29
bird4,3,29,0.01,-0.5451808276774585,80,29
bird4,3,29,0.1,-0.5436912288795527,80,29
bird4,4,29,0.001,-0.5610485798264214,320,53
bird4,4,29,0.01,-0.5575351305325553,320,53
bird4,4,29,0.1,-0.5546404239103029,320,53
bird4,5,29,0.001,-0.5915563246216952,1280,87
bird4,5,29,0.01,-0.5777915084190896,1280,87
bird4,5,29,0.1,-0.5663108023202754,1280,87
bird4,0,30,0.001,-1.283726304196152,1,1
bird4,0,30,0.01,-1.2837262972858594,1,1
bird4,0,30,0.1,-1.2837262283388395,1,1
bird4,1,30,0.001,-0.5616198892458836,5,4
bird4,1,30,0.01,-0.5616203292172379,5,4
bird4,1,30,0.1,-0.5616247446316628,5,4
bird4,2,30,0.001,-0.5402328937576852,20,11
bird4,2,30,0.01,-0.5402346693949952,20,11
bird4,2,30,0.1,-0.5402524966181895,20,11
bird4,3,30,0.001,-0.5424895811674421,80,27
bird4,3,30,0.01,-0.5424952528219382,80,27
bird4,3,30,0.1,-0.542552838432845,80,27
bird4,4,30,0.001,-0.5554563012436323,320,52
bird4,4,30,0.01,-0.5543848823778015,320,52
bird4,4,30,0.1,-0.553635108780605,320,52
bird4,5,30,0.001,-0.5659630554804971,1280,87
bird4,5,30,0.01,-0.5605883891126663,1280,87
bird4,5,30,0.1,-0.5560361659483302,1280,87
bird4,0,31,0.001,-1.2732508773534235,1,1
bird4,0,31,0.01,-1.2732508876440356,1,1
bird4,0,31,0.1,-1.2732509906996172,1,1
bird4,1,31,0.001,-0.5620844407204745,5,4
bird4,1,31,0.01,-0.5620847195401035,5,4
bird4,1,31,0.1,-0.5620875268552984,5,4
bird4,2,31,0.001,-0.5411527119886629,20,11
bird4,2,31,0.01,-0.5411526583889096,20,11
bird4,2,31,0.1,-0.5411527271364064,20,11
bird4,3,31,0.001,-0.5463777440980914,80,28
bird4,3,31,0.01,-0.5456758711691837,80,28
bird4,3,31,0.1,-0.5451325621678683,80,28
bird4,4,31,0.001,-0.5639807549850009,320,55
bird4,4,31,0.01,-0.5611161769221864,320,55
bird4,4,31,0.1,-0.559012859578748,320,55
bird4,5,31,0.001,-0.5789877331908367,1280,91
bird4,5,31,0.01,-0.5715837187555993,1280,91
bird4,5,31,0.1,-0.565659333674796,1280,91
bird4,0,32,0.001,-1.275136940081093,1,1
bird4,0,32,0.01,-1.2751369468557503,1,1
bird4,0,32,0.1,-1.275137014753026,1,1
bird4,1,32,0.001,-0.5556364062208596,5,4
bird4,1,32,0.01,-0.5556365662221792,5,4
bird4,1,32,0.1,-0.5556381971198221,5,4
bird4,2,32,0.001,-0.5393150886470022,20,12
bird4,2,32,0.01,-0.5388736653887989,20,12
bird4,2,32,0.1,-0.5384444096684018,20,12
bird4,3,32,0.001,-0.5470776804552905,80,30
bird4,3,32,0.01,-0.5446773400496978,80,30
bird4,3,32,0.1,-0.5423710760038136,80,30
bird4,4,32,0.001,-0.5637665913571186,320,58
bird4,4,32,0.01,-0.5603065877547002,320,58
bird4,4,32,0.1,-0.5572873969926748,320,58
bird4,5,32,0.001,-0.5797899335762297,1280,89
bird4,5,32,0.01,-0.571590684739514,1280,89
bird4,5,32,0.1,-0.5644911543380244,1280,89
bird4,0,33,0.001,-1.2882340536384513,1,1
bird4,0,33,0.01,-1.2882340410629831,1,1
bird4,0,33,0.1,-1.2882339154648499,1,1
bird4,1,33,0.001,-0.5716245503169278,5,4
bird4,1,33,0.01,-0.5716238894317868,5,4
bird4,1,33,0.1,-0.5716173617916052,5,4
bird4,2,33,0.001,-0.5480251785702042,20,12
bird4,2,33,0.01,-0.5475713685229169,20,12
bird4,2,33,0.1,-0.5471206735959093,20,12
bird4,3,33,0.001,-0.5504827063237124,80,34
bird4,3,33,0.01,-0.5485239651692856,80,34
bird4,3,33,0.1,-0.5467520557417492,80,34
bird4,4,33,0.001,-0.5661895056992224,320,63
bird4,4,33,0.01,-0.5626792156556967,320,63
bird4,4,33,0.1,-0.5597202081017237,320,63
bird4,5,33,0.001,-0.5740185457138031,1280,97
bird4,5,33,0.01,-0.568101930717241,1280,97
bird4,5,33,0.1,-0.5634938921500529,1280,97
bird4,0,34,0.001,-1.2780755152170165,1,1
bird4,0,34,0.01,-1.2780755108628907,1,1
bird4,0,34,0.1,-1.2780754674787735,1,1
bird4,1,34,0.001,-0.5644307303889562,5,4
bird4,1,34,0.01,-0.564430706777052,5,4
bird4,1,34,0.1,-0.564430499251442,5,4
bird4,2,34,0.001,-0.5423568088702088,20,12
bird4,2,34,0.01,-0.5418970859535158,20,12
bird4,2,34,0.1,-0.5414484739873361,20,12
bird4,3,34,0.001,-0.5476321279233187,80,30
bird4,3,34,0.01,-0.5468828892827052,80,30
bird4,3,34,0.1,-0.5462472834535343,80,30
bird4,4,34,0.001,-0.5652660183376313,320,55
bird4,4,34,0.01,-0.5627510567547211,320,55
bird4,4,34,0.1,-0.5606419040350328,320,55
bird4,5,34,0.001,-0.5776801875806196,1280,87
bird4,5,34,0.01,-0.5721415959845408,1280,87
bird4,5,34,0.1,-0.5674251318643438,1280,87
bird4,0,35,0.001,-1.2745056415472933,1,1
bird4,0,35,0.01,-1.2745056463704876,1,1
bird4,0,35,0.1,-1.27450569475559,1,1
bird4,1,35,0.001,-0.5592483500733045,5,4
bird4,1,35,0.01,-0.559248706714354,5,4
bird4,1,35,0.1,-0.5592522917789815,5,4
bird4,2,35,0.001,-0.5337339070471755,20,12
bird4,2,35,0.01,-0.5337355503789637,20,12
bird4,2,35,0.1,-0.5337521517164573,20,12
bird4,3,35,0.001,-0.534329796562669,80,31
bird4,3,35,0.01,-0.5340974121386606,80,31
bird4,3,35,0.1,-0.5339598855562346,80,31
bird4,4,35,0.001,-0.5533234538918095,320,58
bird4,4,35,0.01,-0.5514478680778493,320,58
bird4,4,35,0.1,-0.5499260963518995,320,58
bird4,5,35,0.001,-0.5597234548669913,1280,92
bird4,5,35,0.01,-0.5555912336143125,1280,92
bird4,5,35,0.1,-0.5522512086264116,1280,92
bird4,0,36,0.001,-1.2894697713318337,1,1
bird4,0,36,0.01,-1.2894697506720796,1,1
bird4,0,36,0.1,-1.2894695442373598,1,1
bird4,1,36,0.001,-0.5765030251604104,5,4
bird4,1,36,0.01,-0.5765031691444487,5,4
bird4,1,36,0.1,-0.57650463183947,5,4
bird4,2,36,0.001,-0.5519060594861099,20,12
bird4,2,36,0.01,-0.5516715902609786,20,12
bird4,2,36,0.1,-0.551433151234985,20,12
bird4,3,36,0.001,-0.5565115535507049,80,30
bird4,3,36,0.01,-0.5552383931661505,80,30
bird4,3,36,0.1,-0.5540188474981446,80,30
bird4,4,36,0.001,-0.5795402427841179,320,59
bird4,4,36,0.01,-0.5758163213541041,320,59
bird4,4,36,0.1,-0.5725256610861459,320,59
bird4,5,36,0.001,-0.590970300929114,1280,95
bird4,5,36,0.01,-0.5840337772137381,1280,95
bird4,5,36,0.1,-0.5781214404582803,1280,95
bird4,0,37,0.001,-1.282409809709606,1,1
bird4,0,37,0.01,-1.2824098092918612,1,1
bird4,0,37,0.1,-1.2824098052652326,1,1
bird4,1,37,0.001,-0.5616359690087438,5,4
bird4,1,37,0.01,-0.5616361999394713,5,4
bird4,1,37,0.1,-0.5616385370065197,5,4
bird4,2,37,0.001,-0.5408584539515618,20,12
bird4,2,37,0.01,-0.5408596999351765,20,12
bird4,2,37,0.1,-0.5408725707856622,20,12
bird4,3,37,0.001,-0.5452113720336119,80,29
bird4,3,37,0.01,-0.5444951386731303,80,29
bird4,3,37,0.1,-0.5438244542908799,80,29
bird4,4,37,0.001,-0.5723186584334832,320,56
bird4,4,37,0.01,-0.5644558730253733,320,56
bird4,4,37,0.1,-0.5577348587023494,320,56
bird4,5,37,0.001,-0.584025195615781,1280,95
bird4,5,37,0.01,-0.5750796010789705,1280,95
bird4,5,37,0.1,-0.5676775259629251,1280,95
bird4,0,38,0.001,-1.2830825150559595,1,1
bird4,0,38,0.01,-1.2830825120984906,1,1
bird4,0,38,0.1,-1.283082482677009,1,1
bird4,1,38,0.001,-0.5724963715689928,5,4
bird4,1,38,0.01,-0.5724964598585667,5,4
bird4,1,38,0.1,-0.5724973657057816,5,4
bird4,2,38,0.001,-0.5466368160843268,20,12
bird4,2,38,0.01,-0.5464149178963105,20,12
bird4,2,38,0.1,-0.5461959200966625,20,12
bird4,3,38,0.001,-0.5505369772953649,80,30
bird4,3,38,0.01,-0.5493378164948457,80,30
bird4,3,38,0.1,-0.5482658690084009,80,30
bird4,4,38,0.001,-0.5744998989780757,320,61
bird4,4,38,0.01,-0.5696446310892738,320,61
bird4,4,38,0.1,-0.5653296888881049,320,61
bird4,5,38,0.001,-0.5868710872908423,1280,97
bird4,5,38,0.01,-0.5779981310004519,1280,97
bird4,5,38,0.1,-0.5701431752422036,1280,97
bird4,0,39,0.001,-1.2852251408407105,1,1
bird4,0,39,0.01,-1.2852251233372354,1,1
bird4,0,39,0.1,-1.2852249484645937,1,1
bird4,1,39,0.001,-0.5784621026290455,5,4
bird4,1,39,0.01,-0.5784615156620072,5,4
bird4,1,39,0.1,-0.5784557047632721,5,4
bird4,2,39,0.001,-0.5505252732528135,20,12
bird4,2,39,0.01,-0.5502906718265453,20,12
bird4,2,39,0.1,-0.5500613916617413,20,12
bird4,3,39,0.001,-0.5567837116428224,80,33
bird4,3,39,0.01,-0.5557617750519538,80,33
bird4,3,39,0.1,-0.5548818714306665,80,33
bird4,4,39,0.001,-0.5845113539748681,320,65
bird4,4,39,0.01,-0.5781708199787655,320,65
bird4,4,39,0.1,-0.5726217096589825,320,65
bird4,5,39,0.001,-0.5990563115482235,1280,110
bird4,5,39,0.01,-0.5897749118456982,1280,110
bird4,5,39,0.1,-0.5819556822875439,1280,110
bird4,0,40,0.001,-1.281094120157379,1,1
bird4,0,40,0.01,-1.2810941229729484,1,1
bird4,0,40,0.1,-1.2810941512791807,1,1
bird4,1,40,0.001,-0.5645070768814803,5,4
bird4,1,40,0.01,-0.5645070769428544,5,4
bird4,1,40,0.1,-0.5645071235752785,5,4
bird4,2,40,0.001,-0.5390104704917571,20,12
bird4,2,40,0.01,-0.5385773912466052,20,12
bird4,2,40,0.1,-0.5381728013336342,20,12
bird4,3,40,0.001,-0.5442455514216835,80,29
bird4,3,40,0.01,-0.5437807232235005,80,29
bird4,3,40,0.1,-0.5434421663586694,80,29
bird4,4,40,0.001,-0.5669886160439958,320,51
bird4,4,40,0.01,-0.5632842861726657,320,51
bird4,4,40,0.1,-0.5601622829267213,320,51
bird4,5,40,0.001,-0.5735092070952119,1280,82
bird4,5,40,0.01,-0.5674414677896567,1280,82
bird4,5,40,0.1,-0.5624584375919808,1280,82
bird4,0,41,0.001,-1.277102446746246,1,1
bird4,0,41,0.01,-1.2771024562593967,1,1
bird4,0,41,0.1,-1.2771025515372325,1,1
bird4,1,41,0.001,-0.5621511601701493,5,4
bird4,1,41,0.01,-0.5621514489738152,5,4
bird4,1,41,0.1,-0.5621543567784081,5,4
bird4,2,41,0.001,-0.5466652865311322,20,12
bird4,2,41,0.01,-0.5466651831595987,20,12
bird4,2,41,0.1,-0.5466649792452198,20,12
bird4,3,41,0.001,-0.5502810376900877,80,29
bird4,3,41,0.01,-0.5491325279503291,80,29
bird4,3,41,0.1,-0.54810577864579,80,29
bird4,4,41,0.001,-0.5786821850913739,320,59
bird4,4,41,0.01,-0.5718000346911067,320,59
bird4,4,41,0.1,-0.5659749996065959,320,59
bird4,5,41,0.001,-0.5943732490114609,1280,97
bird4,5,41,0.01,-0.5828307190602104,1280,97
bird4,5,41,0.1,-0.5732475615430811,1280,97
bird4,0,42,0.001,-1.2782168206016755,1,1
bird4,0,42,0.01,-1.2782168125295796,1,1
bird4,0,42,0.1,-1.2782167319683098,1,1
bird4,1,42,0.001,-0.5657435874681203,5,4
bird4,1,42,0.01,-0.5657435798255728,5,4
bird4,1,42,0.1,-0.5657435299049085,5,4
bird4,2,42,0.001,-0.5437131511583749,20,12
bird4,2,42,0.01,-0.5427772212282346,20,12
bird4,2,42,0.1,-0.5418525453793487,20,12
bird4,3,42,0.001,-0.5488628926134063,80,31
bird4,3,42,0.01,-0.5468178559160615,80,31
bird4,3,42,0.1,-0.5448756967051003,80,31
bird4,4,42,0.001,-0.5696332078718565,320,55
bird4,4,42,0.01,-0.5658599745887686,320,55
bird4,4,42,0.1,-0.562396411087152,320,55
bird4,5,42,0.001,-0.581613265979344,1280,87
bird4,5,42,0.01,-0.5745716636567906,1280,87
bird4,5,42,0.1,-0.5684230512403748,1280,87
bird4,0,43,0.001,-1.2822749507735471,1,1
bird4,0,43,0.01,-1.2822749566565073,1,1
bird4,0,43,0.1,-1.2822750156316804,1,1
bird4,1,43,0.001,-0.5660711208428127,5,4
bird4,1,43,0.01,-0.5660713551706507,5,4
bird4,1,43,0.1,-0.5660737245360105,5,4
bird4,2,43,0.001,-0.5439298640227402,20,12
bird4,2,43,0.01,-0.5439290796754268,20,12
bird4,2,43,0.1,-0.5439219255001828,20,12
bird4,3,43,0.001,-0.5478841057852897,80,31
bird4,3,43,0.01,-0.5472109444859254,80,31
bird4,3,43,0.1,-0.5466555300255885,80,31
bird4,4,43,0.001,-0.5673459610889535,320,58
bird4,4,43,0.01,-0.5645798741945615,320,58
bird4,4,43,0.1,-0.5622431146088296,320,58
bird4,5,43,0.001,-0.5813547129009422,1280,98
bird4,5,43,0.01,-0.5753089242693177,1280,98
bird4,5,43,0.1,-0.5703334215884716,1280,98
bird4,0,44,0.001,-1.2785795776635487,1,1
bird4,0,44,0.01,-1.2785795805006137,1,1
bird4,0,44,0.1,-1.2785796090222363,1,1
bird4,1,44,0.001,-0.5587094120752174,5,4
bird4,1,44,0.01,-0.558709829515904,5,4
bird4,1,44,0.1,-0.5587140225770773,5,4
bird4,2,44,0.001,-0.5345351207974566,20,12
bird4,2,44,0.01,-0.5343168966238717,20,12
bird4,2,44,0.1,-0.5341106909077291,20,12
bird4,3,44,0.001,-0.5364422324266994,80,30
bird4,3,44,0.01,-0.5362077516874805,80,30
bird4,3,44,0.1,-0.5360137587287254,80,30
bird4,4,44,0.001,-0.5552376975297941,320,53
bird4,4,44,0.01,-0.5539109549736257,320,53
bird4,4,44,0.1,-0.552749564054411,320,53
bird4,5,44,0.001,-0.5666270889180218,1280,80
bird4,5,44,0.01,-0.5614197480645533,1280,80
bird4,5,44,0.1,-0.556934865713512,1280,80
bird4,0,45,0.001,-1.267170747429088,1,1
bird4,0,45,0.01,-1.2671707460966317,1,1
bird4,0,45,0.1,-1.2671707329355106,1,1
bird4,1,45,0.001,-0.5621305006603234,5,4
bird4,1,45,0.01,-0.5621300980592172,5,4
bird4,1,45,0.1,-0.5621261131518046,5,4
bird4,2,45,0.001,-0.5448868880254385,20,12
bird4,2,45,0.01,-0.5444011074760944,20,12
bird4,2,45,0.1,-0.5438984857031607,20,12
bird4,3,45,0.001,-0.5484189797572577,80,32
bird4,3,45,0.01,-0.5460707596208654,80,32
bird4,3,45,0.1,-0.5438459638559857,80,32
bird4,4,45,0.001,-0.5682725287357042,320,63
bird4,4,45,0.01,-0.563861519571227,320,63
bird4,4,45,0.1,-0.5600256245388217,320,63
bird4,5,45,0.001,-0.5857184110749609,1280,104
bird4,5,45,0.01,-0.5762062846202614,1280,104
bird4,5,45,0.1,-0.567987966346971,1280,104
bird4,0,46,0.001,-1.2942017250035502,1,1
bird4,0,46,0.01,-1.294201702049373,1,1
bird4,0,46,0.1,-1.2942014726683848,1,1
bird4,1,46,0.001,-0.5796804215248869,5,4
bird4,1,46,0.01,-0.5796802061462223,5,4
bird4,1,46,0.1,-0.5796781060993131,5,4
bird4,2,46,0.001,-0.5592456757642301,20,12
bird4,2,46,0.01,-0.5592453608826035,20,12
bird4,2,46,0.1,-0.5592436817655076,20,12
bird4,3,46,0.001,-0.5599447747967132,80,30
bird4,3,46,0.01,-0.5587044090285327,80,30
bird4,3,46,0.1,-0.5575876093617201,80,30
bird4,4,46,0.001,-0.595877723709586,320,58
bird4,4,46,0.01,-0.5869929789862163,320,58
bird4,4,46,0.1,-0.5793514697794118,320,58
bird4,5,46,0.001,-0.6073895393757078,1280,95
bird4,5,46,0.01,-0.5959932242341203,1280,95
bird4,5,46,0.1,-0.5863450507393819,1280,95
bird4,0,47,0.001,-1.2654503142442197,1,1
bird4,0,47,0.01,-1.2654503411488902,1,1
bird4,0,47,0.1,-1.2654506103369627,1,1
bird4,1,47,0.001,-0.5617544553261885,5,4
bird4,1,47,0.01,-0.5617545929481077,5,4
bird4,1,47,0.1,-0.5617559963780853,5,4
bird4,2,47,0.001,-0.5381522174678215,20,12
bird4,2,47,0.01,-0.537736261170882,20,12
bird4,2,47,0.1,-0.537325446304977,20,12
bird4,3,47,0.001,-0.543102999054535,80,30
bird4,3,47,0.01,-0.5401858028493784,80,30
bird4,3,47,0.1,-0.5373466676515359,80,30
bird4,4,47,0.001,-0.563462472393735,320,61
bird4,4,47,0.01,-0.5574834903043685,320,61
bird4,4,47,0.1,-0.5518664775760392,320,61
bird4,5,47,0.001,-0.5752856128128495,1280,102
bird4,5,47,0.01,-0.5679486979571234,1280,102
bird4,5,47,0.1,-0.5614512353448264,1280,102
bird4,0,48,0.001,-1.2756617291857686,1,1
bird4,0,48,0.01,-1.2756617316858616,1,1
bird4,0,48,0.1,-1.2756617568391655,1,1
bird4,1,48,0.001,-0.5624001072850691,5,4
bird4,1,48,0.01,-0.5624002018511237,5,4
bird4,1,48,0.1,-0.5624011750520191,5,4
bird4,2,48,0.001,-0.5386677327457065,20,12
bird4,2,48,0.01,-0.5384466529046859,20,12
bird4,2,48,0.1,-0.5382390509999521,20,12
bird4,3,48,0.001,-0.5416014432919436,80,32
bird4,3,48,0.01,-0.5406375388081217,80,32
bird4,3,48,0.1,-0.5397536320315702,80,32
bird4,4,48,0.001,-0.560670165750213,320,61
bird4,4,48,0.01,-0.557692000773393,320,61
bird4,4,48,0.1,-0.5551582379277886,320,61
bird4,5,48,0.001,-0.5784759228337986,1280,97
bird4,5,48,0.01,-0.5706947891477502,1280,97
bird4,5,48,0.1,-0.5640663048529669,1280,97
bird4,0,49,0.001,-1.2779692841102834,1,1
bird4,0,49,0.01,-1.2779692864969057,1,1
bird4,0,49,0.1,-1.2779693105146688,1,1
bird4,1,49,0.001,-0.5554567434521092,5,4
bird4,1,49,0.01,-0.5554572253648429,5,4
bird4,1,49,0.1,-0.5554620588204668,5,4
bird4,2,49,0.001,-0.532273541683374,20,11
bird4,2,49,0.01,-0.5322751363802927,20,11
bird4,2,49,0.1,-0.5322911996666705,20,11
bird4,3,49,0.001,-0.5345671561947343,80,27
bird4,3,49,0.01,-0.5343314206815377,80,27
bird4,3,49,0.1,-0.5341597973053103,80,27
bird4,4,49,0.001,-0.550749179745574,320,52
bird4,4,49,0.01,-0.5499479478595758,320,52
bird4,4,49,0.1,-0.549373118652674,320,52
bird4,5,49,0.001,-0.5519166849545264,1280,83
bird4,5,49,0.01,-0.5495735144975424,1280,83
bird4,5,49,0.1,-0.5478316296924843,1280,83
bird4,0,50,0.001,-1.2758221649264538,1,1
bird4,0,50,0.01,-1.2758221683880784,1,1
bird4,0,50,0.1,-1.275822203158011,1,1
bird4,1,50,0.001,-0.5598706603949302,5,4
bird4,1,50,0.01,-0.5598706293012422,5,4
bird4,1,50,0.1,-0.5598703497621055,5,4
bird4,2,50,0.001,-0.5363221805657418,20,12
bird4,2,50,0.01,-0.5360967076474379,20,12
bird4,2,50,0.1,-0.5358801177332532,20,12
bird4,3,50,0.001,-0.5391750629240533,80,30
bird4,3,50,0.01,-0.5389357104752825,80,30
bird4,3,50,0.1,-0.5387675993891613,80,30
bird4,4,50,0.001,-0.5581123208101363,320,56
bird4,4,50,0.01,-0.5551192279227459,320,56
bird4,4,50,0.1,-0.5524477367246887,320,56
bird4,5,50,0.001,-0.568632994223401,1280,93
bird4,5,50,0.01,-0.56231266819971,1280,93
bird4,5,50,0.1,-0.5568883694149807,1280,93
