species,k,sim,smoother,log_likelihood,num_train_states,num_test_states
bird1,0,1,0.001,-1.938697372039431,1,1
bird1,0,1,0.01,-1.9386973659701672,1,1
bird1,0,1,0.1,-1.9386973054160963,1,1
bird1,1,1,0.001,-0.7270821127483178,9,8
bird1,1,1,0.01,-0.7266904687108593,9,8
bird1,1,1,0.1,-0.7263217434582955,9,8
bird1,2,1,0.001,-0.7066875298646315,72,36
bird1,2,1,0.01,-0.7058662061590816,72,36
bird1,2,1,0.1,-0.7052825560091711,72,36
bird1,3,1,0.001,-0.692771415833006,576,85
bird1,3,1,0.01,-0.6907939244247161,576,85
bird1,3,1,0.1,-0.6896678420669173,576,85
bird1,4,1,0.001,-0.7115032284666348,4608,149
bird1,4,1,0.01,-0.7077031667290619,4608,149
bird1,4,1,0.1,-0.7054595062652016,4608,149
bird1,5,1,0.001,-0.7392685956136058,36864,231
bird1,5,1,0.01,-0.7324897711466883,36864,231
bird1,5,1,0.1,-0.7286020259156822,36864,231
bird1,0,2,0.001,-1.9286409423034696,1,1
bird1,0,2,0.01,-1.9286409557830284,1,1
bird1,0,2,0.1,-1.9286410907101896,1,1
bird1,1,2,0.001,-0.7283643409775392,9,8
bird1,1,2,0.01,-0.7282410870608218,9,8
bird1,1,2,0.1,-0.7281354779930025,9,8
bird1,2,2,0.001,-0.7053868657008212,72,36
bird1,2,2,0.01,-0.7044849567896379,72,36
bird1,2,2,0.1,-0.7038828023989274,72,36
bird1,3,2,0.001,-0.6872682798333886,576,83
bird1,3,2,0.01,-0.6851161450324297,576,83
bird1,3,2,0.1,-0.6837702154484752,576,83
bird1,4,2,0.001,-0.7042482439757253,4608,151
bird1,4,2,0.01,-0.7003728284085972,4608,151
bird1,4,2,0.1,-0.6981005860787665,4608,151
bird1,5,2,0.001,-0.7270141571929117,36864,238
bird1,5,2,0.01,-0.7202041473614084,36864,238
bird1,5,2,0.1,-0.7163684316081012,36864,238
bird1,0,3,0.001,-1.9372188714548648,1,1
bird1,0,3,0.01,-1.9372188732330733,1,1
bird1,0,3,0.1,-1.9372188911498602,1,1
bird1,1,3,0.001,-0.7244786191142215,9,8
bird1,1,3,0.01,-0.7243525166487581,9,8
bird1,1,3,0.1,-0.7242457435773146,9,8
bird1,2,3,0.001,-0.7068872910736034,72,34
bird1,2,3,0.01,-0.7059513925600928,72,34
bird1,2,3,0.1,-0.7052609614403683,72,34
bird1,3,3,0.001,-0.6955462091051257,576,78
bird1,3,3,0.01,-0.6923130112968786,576,78
bird1,3,3,0.1,-0.6898908602057321,576,78
bird1,4,3,0.001,-0.7122995262946009,4608,149
bird1,4,3,0.01,-0.7072358490483075,4608,149
bird1,4,3,0.1,-0.7040405604347999,4608,149
bird1,5,3,0.001,-0.7486930769754028,36864,237
bird1,5,3,0.01,-0.7383863067284915,36864,237
bird1,5,3,0.1,-0.7314483962617753,36864,237
bird1,0,4,0.001,-1.9445336631398489,1,1
bird1,0,4,0.01,-1.944533651775536,1,1
bird1,0,4,0.1,-1.9445335382708477,1,1
bird1,1,4,0.001,-0.7202102136344838,9,8
bird1,1,4,0.01,-0.7202117773421749,9,8
bird1,1,4,0.1,-0.7202281515147445,9,8
bird1,2,4,0.001,-0.7033825853709874,72,34
bird1,2,4,0.01,-0.7025754937696237,72,34
bird1,2,4,0.1,-0.7020232615782265,72,34
bird1,3,4,0.001,-0.683598730467921,576,80
bird1,3,4,0.01,-0.6820903392604775,576,80
bird1,3,4,0.1,-0.681422963711611,576,80
bird1,4,4,0.001,-0.7048524845204149,4608,143
bird1,4,4,0.01,-0.6992049777135173,4608,143
bird1,4,4,0.1,-0.6960500177133782,4608,143
bird1,5,4,0.001,-0.7264528650429619,36864,222
bird1,5,4,0.01,-0.7202009824751483,36864,222
bird1,5,4,0.1,-0.7175530597608644,36864,222
bird1,0,5,0.001,-1.941487225600483,1,1
bird1,0,5,0.01,-1.9414872176405265,1,1
bird1,0,5,0.1,-1.9414871381797718,1,1
bird1,1,5,0.001,-0.7222948959773324,9,8
bird1,1,5,0.01,-0.7222971937413428,9,8
bird1,1,5,0.1,-0.7223204820943407,9,8
bird1,2,5,0.001,-0.704945885727665,72,32
bird1,2,5,0.01,-0.7039806911386096,72,32
bird1,2,5,0.1,-0.7032768684237645,72,32
bird1,3,5,0.001,-0.6862718161658364,576,70
bird1,3,5,0.01,-0.6842824941553904,576,70
bird1,3,5,0.1,-0.6831123954067831,576,70
bird1,4,5,0.001,-0.6967248923855113,4608,127
bird1,4,5,0.01,-0.6935315786890771,4608,127
bird1,4,5,0.1,-0.6918781360034144,4608,127
bird1,5,5,0.001,-0.7182239180779346,36864,200
bird1,5,5,0.01,-0.713723453279561,36864,200
bird1,5,5,0.1,-0.7116812422485118,36864,200
bird1,0,6,0.001,-1.9334981622686709,1,1
bird1,0,6,0.01,-1.9334981670441316,1,1
bird1,0,6,0.1,-1.9334982149335656,1,1
bird1,1,6,0.001,-0.7225531423625419,9,8
bird1,1,6,0.01,-0.722427559315441,9,8
bird1,1,6,0.1,-0.7223341066588238,9,8
bird1,2,6,0.001,-0.7021025808724441,72,32
bird1,2,6,0.01,-0.7015706219285521,72,32
bird1,2,6,0.1,-0.7012248818301804,72,32
bird1,3,6,0.001,-0.6839156034805968,576,69
bird1,3,6,0.01,-0.6823769880739057,576,69
bird1,3,6,0.1,-0.681381098045001,576,69
bird1,4,6,0.001,-0.6968569406075057,4608,125
bird1,4,6,0.01,-0.6943639549048105,4608,125
bird1,4,6,0.1,-0.693237101426702,4608,125
bird1,5,6,0.001,-0.7192979149247163,36864,197
bird1,5,6,0.01,-0.7149433812675525,36864,197
bird1,5,6,0.1,-0.7130492459270197,36864,197
bird1,0,7,0.001,-1.9382418221008464,1,1
bird1,0,7,0.01,-1.938241818177928,1,1
bird1,0,7,0.1,-1.938241779086023,1,1
bird1,1,7,0.001,-0.7300232239287615,9,8
bird1,1,7,0.01,-0.7295045185975669,9,8
bird1,1,7,0.1,-0.7290053788467376,9,8
bird1,2,7,0.001,-0.7129616415810869,72,37
bird1,2,7,0.01,-0.7120077205525913,72,37
bird1,2,7,0.1,-0.7112600666196943,72,37
bird1,3,7,0.001,-0.6978202066219541,576,81
bird1,3,7,0.01,-0.695415118160014,576,81
bird1,3,7,0.1,-0.69378487966819,576,81
bird1,4,7,0.001,-0.7130263303499772,4608,142
bird1,4,7,0.01,-0.7083598717874999,4608,142
bird1,4,7,0.1,-0.7054755392437471,4608,142
bird1,5,7,0.001,-0.7401257459419861,36864,219
bird1,5,7,0.01,-0.7331189454089786,36864,219
bird1,5,7,0.1,-0.7292126911053559,36864,219
bird1,0,8,0.001,-1.932421651958298,1,1
bird1,0,8,0.01,-1.932421657492818,1,1
bird1,0,8,0.1,-1.9324217129727193,1,1
bird1,1,8,0.001,-0.7209500544115645,9,8
bird1,1,8,0.01,-0.7206945607382278,9,8
bird1,1,8,0.1,-0.7204707185958574,9,8
bird1,2,8,0.001,-0.7027621328620353,72,31
bird1,2,8,0.01,-0.7022243271525405,72,31
bird1,2,8,0.1,-0.70185986554266,72,31
bird1,3,8,0.001,-0.6874230753107078,576,72
bird1,3,8,0.01,-0.685150311257634,576,72
bird1,3,8,0.1,-0.6834624540685748,576,72
bird1,4,8,0.001,-0.7019223244015546,4608,132
bird1,4,8,0.01,-0.6978464116071509,4608,132
bird1,4,8,0.1,-0.6951877963038338,4608,132
bird1,5,8,0.001,-0.7245699677320232,36864,208
bird1,5,8,0.01,-0.7186665185584378,36864,208
bird1,5,8,0.1,-0.7152062666419169,36864,208
bird1,0,9,0.001,-1.9388307761683972,1,1
bird1,0,9,0.01,-1.9388307714829478,1,1
bird1,0,9,0.1,-1.9388307247668919,1,1
bird1,1,9,0.001,-0.7211144207907636,9,8
bird1,1,9,0.01,-0.7207179514861326,9,8
bird1,1,9,0.1,-0.7203395712192715,9,8
bird1,2,9,0.001,-0.7046704890314414,72,38
bird1,2,9,0.01,-0.703128308692325,72,38
bird1,2,9,0.1,-0.7018656579381692,72,38
bird1,3,9,0.001,-0.6922323251860093,576,85
bird1,3,9,0.01,-0.6891776347532822,576,85
bird1,3,9,0.1,-0.6870103144479995,576,85
bird1,4,9,0.001,-0.7078784430369621,4608,150
bird1,4,9,0.01,-0.703252569854526,4608,150
bird1,4,9,0.1,-0.700465144198262,4608,150
bird1,5,9,0.001,-0.7298924392928967,36864,227
bird1,5,9,0.01,-0.7230452598889172,36864,227
bird1,5,9,0.1,-0.7192624280019813,36864,227
bird1,0,10,0.001,-1.9317056376034132,1,1
bird1,0,10,0.01,-1.9317056454202306,1,1
bird1,0,10,0.1,-1.9317057237231325,1,1
bird1,1,10,0.001,-0.7239829388643985,9,8
bird1,1,10,0.01,-0.7235949734818894,9,8
bird1,1,10,0.1,-0.7232209019227,9,8
bird1,2,10,0.001,-0.7061596709034788,72,40
bird1,2,10,0.01,-0.7052114626835722,72,40
bird1,2,10,0.1,-0.7045072142958203,72,40
bird1,3,10,0.001,-0.6898589993270026,576,86
bird1,3,10,0.01,-0.6883524664245294,576,86
bird1,3,10,0.1,-0.687681008224721,576,86
bird1,4,10,0.001,-0.7107024866326533,4608,149
bird1,4,10,0.01,-0.7048753695804202,4608,149
bird1,4,10,0.1,-0.7014620124744116,4608,149
bird1,5,10,0.001,-0.7359736378220997,36864,223
bird1,5,10,0.01,-0.7271268642192088,36864,223
bird1,5,10,0.1,-0.7220403114041758,36864,223
bird1,0,11,0.001,-1.9346247896840822,1,1
bird1,0,11,0.01,-1.9346247959945622,1,1
bird1,0,11,0.1,-1.9346248592321234,1,1
bird1,1,11,0.001,-0.71906642589255,9,8
bird1,1,11,0.01,-0.7188152561596935,9,8
bird1,1,11,0.1,-0.7185920436910979,9,8
bird1,2,11,0.001,-0.7031676594738563,72,36
bird1,2,11,0.01,-0.702370611967311,72,36
bird1,2,11,0.1,-0.7017772162769487,72,36
bird1,3,11,0.001,-0.683340400206522,576,79
bird1,3,11,0.01,-0.6816966446854039,576,79
bird1,3,11,0.1,-0.6807181108402306,576,79
bird1,4,11,0.001,-0.7010737380737053,4608,141
bird1,4,11,0.01,-0.6972304963037813,4608,141
bird1,4,11,0.1,-0.6948038219819264,4608,141
bird1,5,11,0.001,-0.7257668645721259,36864,209
bird1,5,11,0.01,-0.721761935984298,36864,209
bird1,5,11,0.1,-0.7200308715202162,36864,209
bird1,0,12,0.001,-1.9287561742410317,1,1
bird1,0,12,0.01,-1.9287561859939681,1,1
bird1,0,12,0.1,-1.928756303655972,1,1
bird1,1,12,0.001,-0.7294855473517396,9,8
bird1,1,12,0.01,-0.7286030527071528,9,8
bird1,1,12,0.1,-0.7277465134785733,9,8
bird1,2,12,0.001,-0.7096589398610159,72,37
bird1,2,12,0.01,-0.7087378406814775,72,37
bird1,2,12,0.1,-0.708054128424063,72,37
bird1,3,12,0.001,-0.6896432591866332,576,79
bird1,3,12,0.01,-0.6880078022954119,576,79
bird1,3,12,0.1,-0.6869792566922011,576,79
bird1,4,12,0.001,-0.6961997185101155,4608,138
bird1,4,12,0.01,-0.6942238490012056,4608,138
bird1,4,12,0.1,-0.6935613025009185,4608,138
bird1,5,12,0.001,-0.7117006767293516,36864,207
bird1,5,12,0.01,-0.7084423217863031,36864,207
bird1,5,12,0.1,-0.7075925098781389,36864,207
bird1,0,13,0.001,-1.9367068669717762,1,1
bird1,0,13,0.01,-1.9367068668730985,1,1
bird1,0,13,0.1,-1.936706866021633,1,1
bird1,1,13,0.001,-0.7334576801263887,9,8
bird1,1,13,0.01,-0.733077256681786,9,8
bird1,1,13,0.1,-0.7327196349028441,9,8
bird1,2,13,0.001,-0.7155918577252589,72,34
bird1,2,13,0.01,-0.7142450689614547,72,34
bird1,2,13,0.1,-0.7131137302447296,72,34
bird1,3,13,0.001,-0.7031370267435427,576,77
bird1,3,13,0.01,-0.6989405740304259,576,77
bird1,3,13,0.1,-0.6956846119023506,576,77
bird1,4,13,0.001,-0.7182407090877347,4608,146
bird1,4,13,0.01,-0.7117252101784918,4608,146
bird1,4,13,0.1,-0.707269597890605,4608,146
bird1,5,13,0.001,-0.7392889973946276,36864,225
bird1,5,13,0.01,-0.7314948972796993,36864,225
bird1,5,13,0.1,-0.7267867444806635,36864,225
bird1,0,14,0.001,-1.9372697121343518,1,1
bird1,0,14,0.01,-1.9372697123635338,1,1
bird1,0,14,0.1,-1.937269714790107,1,1
bird1,1,14,0.001,-0.7243468779451087,9,8
bird1,1,14,0.01,-0.723966005554127,9,8
bird1,1,14,0.1,-0.7236126943645771,9,8
bird1,2,14,0.001,-0.7063466734912097,72,36
bird1,2,14,0.01,-0.7055443550602615,72,36
bird1,2,14,0.1,-0.7049446322783639,72,36
bird1,3,14,0.001,-0.6929556627232663,576,81
bird1,3,14,0.01,-0.6903101155326045,576,81
bird1,3,14,0.1,-0.688496303059284,576,81
bird1,4,14,0.001,-0.7170143790972225,4608,149
bird1,4,14,0.01,-0.7098416921388396,4608,149
bird1,4,14,0.1,-0.7049195220417366,4608,149
bird1,5,14,0.001,-0.7436746494847997,36864,224
bird1,5,14,0.01,-0.7349999903685042,36864,224
bird1,5,14,0.1,-0.7296132883555013,36864,224
bird1,0,15,0.001,-1.9312604505694682,1,1
bird1,0,15,0.01,-1.9312604617853093,1,1
bird1,0,15,0.1,-1.9312605740751918,1,1
bird1,1,15,0.001,-0.7285574366243309,9,8
bird1,1,15,0.01,-0.7283047943191832,9,8
bird1,1,15,0.1,-0.7280543975612633,9,8
bird1,2,15,0.001,-0.7114416856946963,72,36
bird1,2,15,0.01,-0.7105339282843098,72,36
bird1,2,15,0.1,-0.7099595035374476,72,36
bird1,3,15,0.001,-0.6962533111882739,576,85
bird1,3,15,0.01,-0.6936540346590895,576,85
bird1,3,15,0.1,-0.6919932547740295,576,85
bird1,4,15,0.001,-0.7151043804614521,4608,156
bird1,4,15,0.01,-0.7101445577445165,4608,156
bird1,4,15,0.1,-0.7072281060579447,4608,156
bird1,5,15,0.001,-0.7438066021045601,36864,246
bird1,5,15,0.01,-0.7351739791690004,36864,246
bird1,5,15,0.1,-0.730360861635443,36864,246
bird1,0,16,0.001,-1.9381673720747037,1,1
bird1,0,16,0.01,-1.9381673703100213,1,1
bird1,0,16,0.1,-1.9381673527988874,1,1
bird1,1,16,0.001,-0.730613356637668,9,8
bird1,1,16,0.01,-0.7301018283945434,9,8
bird1,1,16,0.1,-0.729608725316494,9,8
bird1,2,16,0.001,-0.7166567803986085,72,37
bird1,2,16,0.01,-0.7150263549304475,72,37
bird1,2,16,0.1,-0.71366198061576,72,37
bird1,3,16,0.001,-0.7067116468739963,576,84
bird1,3,16,0.01,-0.7020504996190718,576,84
bird1,3,16,0.1,-0.6984361383314542,576,84
bird1,4,16,0.001,-0.7232332035006408,4608,156
bird1,4,16,0.01,-0.7174273404592901,4608,156
bird1,4,16,0.1,-0.7136816361610379,4608,156
bird1,5,16,0.001,-0.7563749583158466,36864,251
bird1,5,16,0.01,-0.7456243031286239,36864,251
bird1,5,16,0.1,-0.738601785913503,36864,251
bird1,0,17,0.001,-1.9446244891134223,1,1
bird1,0,17,0.01,-1.9446244751071387,1,1
bird1,0,17,0.1,-1.9446243351855816,1,1
bird1,1,17,0.001,-0.722278872857363,9,8
bird1,1,17,0.01,-0.7220116733396273,9,8
bird1,1,17,0.1,-0.7217649395166578,9,8
bird1,2,17,0.001,-0.7068605669839775,72,38
bird1,2,17,0.01,-0.7057249339002684,72,38
bird1,2,17,0.1,-0.7048316830006434,72,38
bird1,3,17,0.001,-0.6881258625859031,576,83
bird1,3,17,0.01,-0.6857976168013262,576,83
bird1,3,17,0.1,-0.6843893344279602,576,83
bird1,4,17,0.001,-0.7054049914511967,4608,154
bird1,4,17,0.01,-0.6996487581791229,4608,154
bird1,4,17,0.1,-0.6964566386584176,4608,154
bird1,5,17,0.001,-0.7324333532431558,36864,231
bird1,5,17,0.01,-0.7251395375429824,36864,231
bird1,5,17,0.1,-0.7214073948026368,36864,231
bird1,0,18,0.001,-1.9407105102704814,1,1
bird1,0,18,0.01,-1.9407105058676304,1,1
bird1,0,18,0.1,-1.9407104619745075,1,1
bird1,1,18,0.001,-0.7168658783877848,9,8
bird1,1,18,0.01,-0.7166123986268659,9,8
bird1,1,18,0.1,-0.7163831457235615,9,8
bird1,2,18,0.001,-0.7017612814793946,72,34
bird1,2,18,0.01,-0.700556314846378,72,34
bird1,2,18,0.1,-0.6996729792232772,72,34
bird1,3,18,0.001,-0.6820940713101289,576,70
bird1,3,18,0.01,-0.6802743521112987,576,70
bird1,3,18,0.1,-0.6790577649886432,576,70
bird1,4,18,0.001,-0.6974466403702313,4608,120
bird1,4,18,0.01,-0.694464233772652,4608,120
bird1,4,18,0.1,-0.6926804817403788,4608,120
bird1,5,18,0.001,-0.7190128329907189,36864,188
bird1,5,18,0.01,-0.7138043763138239,36864,188
bird1,5,18,0.1,-0.7110398845614816,36864,188
bird1,0,19,0.001,-1.9381850058976906,1,1
bird1,0,19,0.01,-1.9381850061582928,1,1
bird1,0,19,0.1,-1.9381850088999568,1,1
bird1,1,19,0.001,-0.7219137156837008,9,8
bird1,1,19,0.01,-0.7215279963473673,9,8
bird1,1,19,0.1,-0.7211621827968586,9,8
bird1,2,19,0.001,-0.7039855135989265,72,33
bird1,2,19,0.01,-0.7028946990845407,72,33
bird1,2,19,0.1,-0.7020146732778669,72,33
bird1,3,19,0.001,-0.6916292980449105,576,76
bird1,3,19,0.01,-0.688223874606908,576,76
bird1,3,19,0.1,-0.6857123239798096,576,76
bird1,4,19,0.001,-0.7105872229512485,4608,138
bird1,4,19,0.01,-0.7042061361395008,4608,138
bird1,4,19,0.1,-0.6996487315291019,4608,138
bird1,5,19,0.001,-0.7212016290155969,36864,207
bird1,5,19,0.01,-0.7169863975431077,36864,207
bird1,5,19,0.1,-0.7151222293928353,36864,207
bird1,0,20,0.001,-1.9377689904873308,1,1
bird1,0,20,0.01,-1.9377689864995915,1,1
bird1,0,20,0.1,-1.9377689467607226,1,1
bird1,1,20,0.001,-0.7187172562326927,9,8
bird1,1,20,0.01,-0.718451649462278,9,8
bird1,1,20,0.1,-0.7181957888630374,9,8
bird1,2,20,0.001,-0.7016374206770973,72,37
bird1,2,20,0.01,-0.7008112240884535,72,37
bird1,2,20,0.1,-0.7002812154154526,72,37
bird1,3,20,0.001,-0.6854539409203272,576,78
bird1,3,20,0.01,-0.6831472063397622,576,78
bird1,3,20,0.1,-0.6817553114917078,576,78
bird1,4,20,0.001,-0.7054113025871768,4608,137
bird1,4,20,0.01,-0.6999969016343426,4608,137
bird1,4,20,0.1,-0.6968135452144048,4608,137
bird1,5,20,0.001,-0.7315041673203543,36864,216
bird1,5,20,0.01,-0.7239703774400718,36864,216
bird1,5,20,0.1,-0.7201742518362914,36864,216
bird1,0,21,0.001,-1.9270388580751463,1,1
bird1,0,21,0.01,-1.927038872991043,1,1
bird1,0,21,0.1,-1.9270390222816018,1,1
bird1,1,21,0.001,-0.7300433955733132,9,8
bird1,1,21,0.01,-0.7297930735967041,9,8
bird1,1,21,0.1,-0.7295611687623775,9,8
bird1,2,21,0.001,-0.7100035689744978,72,37
bird1,2,21,0.01,-0.7088130561624256,72,37
bird1,2,21,0.1,-0.7078722410974218,72,37
bird1,3,21,0.001,-0.6903317199539494,576,86
bird1,3,21,0.01,-0.688302006487718,576,86
bird1,3,21,0.1,-0.6871228319333905,576,86
bird1,4,21,0.001,-0.7006629135870879,4608,156
bird1,4,21,0.01,-0.6971007932407545,4608,156
bird1,4,21,0.1,-0.6955432484340247,4608,156
bird1,5,21,0.001,-0.724163458694961,36864,236
bird1,5,21,0.01,-0.7184158421737548,36864,236
bird1,5,21,0.1,-0.715764764172895,36864,236
bird1,0,22,0.001,-1.9384052704784789,1,1
bird1,0,22,0.01,-1.9384052670847436,1,1
bird1,0,22,0.1,-1.9384052332839548,1,1
bird1,1,22,0.001,-0.7243046586082468,9,8
bird1,1,22,0.01,-0.7241762851245638,9,8
bird1,1,22,0.1,-0.7240623535964594,9,8
bird1,2,22,0.001,-0.7069918327377621,72,37
bird1,2,22,0.01,-0.7063272111453862,72,37
bird1,2,22,0.1,-0.7059740846313014,72,37
bird1,3,22,0.001,-0.690150154527781,576,85
bird1,3,22,0.01,-0.6884893115943098,576,85
bird1,3,22,0.1,-0.6877241827836926,576,85
bird1,4,22,0.001,-0.7066398176552693,4608,154
bird1,4,22,0.01,-0.7035454256488349,4608,154
bird1,4,22,0.1,-0.7023714904618757,4608,154
bird1,5,22,0.001,-0.7335196919818069,36864,239
bird1,5,22,0.01,-0.7258877203159917,36864,239
bird1,5,22,0.1,-0.721789696712915,36864,239
bird1,0,23,0.001,-1.939870523187369,1,1
bird1,0,23,0.01,-1.9398705211754266,1,1
bird1,0,23,0.1,-1.9398705011910888,1,1
bird1,1,23,0.001,-0.7304866305247741,9,8
bird1,1,23,0.01,-0.7304879279162748,9,8
bird1,1,23,0.1,-0.7305015038903475,9,8
bird1,2,23,0.001,-0.7174523952944791,72,34
bird1,2,23,0.01,-0.7154130101555419,72,34
bird1,2,23,0.1,-0.7136568332583109,72,34
bird1,3,23,0.001,-0.7010645726776303,576,83
bird1,3,23,0.01,-0.6980974676262036,576,83
bird1,3,23,0.1,-0.6958589318735308,576,83
bird1,4,23,0.001,-0.7194780743482752,4608,150
bird1,4,23,0.01,-0.7147218941512626,4608,150
bird1,4,23,0.1,-0.7117969545944579,4608,150
bird1,5,23,0.001,-0.7486555988128294,36864,235
bird1,5,23,0.01,-0.7414126392800419,36864,235
bird1,5,23,0.1,-0.7373184754694221,36864,235
bird1,0,24,0.001,-1.9322179640552717,1,1
bird1,0,24,0.01,-1.9322179720516544,1,1
bird1,0,24,0.1,-1.9322180521481511,1,1
bird1,1,24,0.001,-0.7223615222552024,9,8
bird1,1,24,0.01,-0.7222361255714098,9,8
bird1,1,24,0.1,-0.7221348080737904,9,8
bird1,2,24,0.001,-0.7089520220032276,72,36
bird1,2,24,0.01,-0.7085633600492781,72,36
bird1,2,24,0.1,-0.7084023766035715,72,36
bird1,3,24,0.001,-0.6913952758273304,576,78
bird1,3,24,0.01,-0.6896083000771847,576,78
bird1,3,24,0.1,-0.6886047183212649,576,78
bird1,4,24,0.001,-0.7057748732111966,4608,142
bird1,4,24,0.01,-0.7022499811054129,4608,142
bird1,4,24,0.1,-0.700407005452321,4608,142
bird1,5,24,0.001,-0.7408883058715633,36864,223
bird1,5,24,0.01,-0.732350207170994,36864,223
bird1,5,24,0.1,-0.7269903157198974,36864,223
bird1,0,25,0.001,-1.9271083640967634,1,1
bird1,0,25,0.01,-1.9271083817806476,1,1
bird1,0,25,0.1,-1.9271085587500958,1,1
bird1,1,25,0.001,-0.7302975971875632,9,8
bird1,1,25,0.01,-0.7300455140247221,9,8
bird1,1,25,0.1,-0.729815920548576,9,8
bird1,2,25,0.001,-0.7109821009469818,72,35
bird1,2,25,0.01,-0.7104625139043304,72,35
bird1,2,25,0.1,-0.7101749147601188,72,35
bird1,3,25,0.001,-0.6970876514728449,576,75
bird1,3,25,0.01,-0.6954772358423212,576,75
bird1,3,25,0.1,-0.6947534590350307,576,75
bird1,4,25,0.001,-0.7095925370793706,4608,133
bird1,4,25,0.01,-0.7064414781273439,4608,133
bird1,4,25,0.1,-0.7051031243385372,4608,133
bird1,5,25,0.001,-0.7481836908260714,36864,208
bird1,5,25,0.01,-0.7369965677687454,36864,208
bird1,5,25,0.1,-0.7296455257886051,36864,208
bird1,0,26,0.001,-1.932903984322545,1,1
bird1,0,26,0.01,-1.9329039871994378,1,1
bird1,0,26,0.1,-1.9329040161043372,1,1
bird1,1,26,0.001,-0.7245007953240915,9,8
bird1,1,26,0.01,-0.7245030015295993,9,8
bird1,1,26,0.1,-0.7245255298756442,9,8
bird1,2,26,0.001,-0.7052040759825665,72,33
bird1,2,26,0.01,-0.7050955289387014,72,33
bird1,2,26,0.1,-0.7052561337489949,72,33
bird1,3,26,0.001,-0.6835724350231891,576,75
bird1,3,26,0.01,-0.6825099109184954,576,75
bird1,3,26,0.1,-0.6823424531006534,576,75
bird1,4,26,0.001,-0.702700995207327,4608,143
bird1,4,26,0.01,-0.6979508801930836,4608,143
bird1,4,26,0.1,-0.6953528481618756,4608,143
bird1,5,26,0.001,-0.7240134332146364,36864,221
bird1,5,26,0.01,-0.7179309604559302,36864,221
bird1,5,26,0.1,-0.7152658365856095,36864,221
bird1,0,27,0.001,-1.9332459151048158,1,1
bird1,0,27,0.01,-1.9332459192588116,1,1
bird1,0,27,0.1,-1.9332459609345152,1,1
bird1,1,27,0.001,-0.7158782579431741,9,8
bird1,1,27,0.01,-0.7157515330342544,9,8
bird1,1,27,0.1,-0.7156571559418794,9,8
bird1,2,27,0.001,-0.6974396617801891,72,33
bird1,2,27,0.01,-0.6973197864521928,72,33
bird1,2,27,0.1,-0.6973811620692082,72,33
bird1,3,27,0.001,-0.6781247039078493,576,72
bird1,3,27,0.01,-0.6773133859170021,576,72
bird1,3,27,0.1,-0.677132660611566,576,72
bird1,4,27,0.001,-0.6943531832541223,4608,133
bird1,4,27,0.01,-0.6918263339528798,4608,133
bird1,4,27,0.1,-0.6907302368101803,4608,133
bird1,5,27,0.001,-0.7168535876188377,36864,205
bird1,5,27,0.01,-0.7129434526815638,36864,205
bird1,5,27,0.1,-0.7115900532124617,36864,205
bird1,0,28,0.001,-1.9311270106266958,1,1
bird1,0,28,0.01,-1.9311270223815054,1,1
bird1,0,28,0.1,-1.9311271400600207,1,1
bird1,1,28,0.001,-0.7241001589822331,9,8
bird1,1,28,0.01,-0.7238563986044388,9,8
bird1,1,28,0.1,-0.7236360560604075,9,8
bird1,2,28,0.001,-0.706178599655559,72,36
bird1,2,28,0.01,-0.7055397978716985,72,36
bird1,2,28,0.1,-0.7050973673222896,72,36
bird1,3,28,0.001,-0.686355548459549,576,86
bird1,3,28,0.01,-0.6849421552685906,576,86
bird1,3,28,0.1,-0.6844315400184099,576,86
bird1,4,28,0.001,-0.7067589581306701,4608,156
bird1,4,28,0.01,-0.701535831496857,4608,156
bird1,4,28,0.1,-0.6984412132864304,4608,156
bird1,5,28,0.001,-0.7273261899276703,36864,239
bird1,5,28,0.01,-0.7212532017161778,36864,239
bird1,5,28,0.1,-0.7184062530251714,36864,239
bird1,0,29,0.001,-1.9361650347273518,1,1
bird1,0,29,0.01,-1.9361650366250194,1,1
bird1,0,29,0.1,-1.936165055737203,1,1
bird1,1,29,0.001,-0.7237377188623798,9,8
bird1,1,29,0.01,-0.7234833435057754,9,8
bird1,1,29,0.1,-0.7232509598374836,9,8
bird1,2,29,0.001,-0.7047233910495722,72,35
bird1,2,29,0.01,-0.7030966423935164,72,35
bird1,2,29,0.1,-0.7017100889165172,72,35
bird1,3,29,0.001,-0.6898643836117992,576,82
bird1,3,29,0.01,-0.6867867338592071,576,82
bird1,3,29,0.1,-0.6845574945567601,576,82
bird1,4,29,0.001,-0.7083898886902698,4608,149
bird1,4,29,0.01,-0.7019466287261034,4608,149
bird1,4,29,0.1,-0.6973942431763347,4608,149
bird1,5,29,0.001,-0.7291698749153687,36864,228
bird1,5,29,0.01,-0.7220915430589212,36864,228
bird1,5,29,0.1,-0.7178550227128991,36864,228
bird1,0,30,0.001,-1.9315151924903142,1,1
bird1,0,30,0.01,-1.931515202155411,1,1
bird1,0,30,0.1,-1.9315152989386903,1,1
bird1,1,30,0.001,-0.7318520105402546,9,8
bird1,1,30,0.01,-0.7314751934055851,9,8
bird1,1,30,0.1,-0.731111260746105,9,8
bird1,2,30,0.001,-0.7136662436930095,72,37
bird1,2,30,0.01,-0.7120939637947074,72,37
bird1,2,30,0.1,-0.7109095564081563,72,37
bird1,3,30,0.001,-0.7071818353464796,576,87
bird1,3,30,0.01,-0.7026691305017629,576,87
bird1,3,30,0.1,-0.6993939479805806,576,87
bird1,4,30,0.001,-0.7183613623895291,4608,162
bird1,4,30,0.01,-0.7139124881079465,4608,162
bird1,4,30,0.1,-0.7114753117222352,4608,162
bird1,5,30,0.001,-0.7485597956064981,36864,257
bird1,5,30,0.01,-0.7388000498029057,36864,257
bird1,5,30,0.1,-0.7329643423549599,36864,257
bird1,0,31,0.001,-1.932219069807708,1,1
bird1,0,31,0.01,-1.9322190784363982,1,1
bird1,0,31,0.1,-1.9322191648560478,1,1
bird1,1,31,0.001,-0.7240679621270436,9,8
bird1,1,31,0.01,-0.723558892306541,9,8
bird1,1,31,0.1,-0.7230773268826227,9,8
bird1,2,31,0.001,-0.7087223287480064,72,38
bird1,2,31,0.01,-0.7081961106202111,72,38
bird1,2,31,0.1,-0.7078965333241394,72,38
bird1,3,31,0.001,-0.6926459750985847,576,84
bird1,3,31,0.01,-0.6912847247745926,576,84
bird1,3,31,0.1,-0.6906678337301848,576,84
bird1,4,31,0.001,-0.7082586986375559,4608,152
bird1,4,31,0.01,-0.7056416861878753,4608,152
bird1,4,31,0.1,-0.7045224554123395,4608,152
bird1,5,31,0.001,-0.7458052214525688,36864,233
bird1,5,31,0.01,-0.7356549909044252,36864,233
bird1,5,31,0.1,-0.7289822778958277,36864,233
bird1,0,32,0.001,-1.9432012086682624,1,1
bird1,0,32,0.01,-1.943201195302074,1,1
bird1,0,32,0.1,-1.9432010617822093,1,1
bird1,1,32,0.001,-0.7231587715603498,9,8
bird1,1,32,0.01,-0.7231604508438967,9,8
bird1,1,32,0.1,-0.7231776792879976,9,8
bird1,2,32,0.001,-0.7049556346236483,72,33
bird1,2,32,0.01,-0.7044086316891204,72,33
bird1,2,32,0.1,-0.7040918187855786,72,33
bird1,3,32,0.001,-0.6874980507674079,576,75
bird1,3,32,0.01,-0.6850442329556773,576,75
bird1,3,32,0.1,-0.6834878717033497,576,75
bird1,4,32,0.001,-0.7033895174448058,4608,132
bird1,4,32,0.01,-0.6981053141748077,4608,132
bird1,4,32,0.1,-0.6947223773791177,4608,132
bird1,5,32,0.001,-0.7221145223955666,36864,200
bird1,5,32,0.01,-0.7152373065381881,36864,200
bird1,5,32,0.1,-0.7113822473625745,36864,200
bird1,0,33,0.001,-1.9392697447167693,1,1
bird1,0,33,0.01,-1.9392697448984633,1,1
bird1,0,33,0.1,-1.9392697468488231,1,1
bird1,1,33,0.001,-0.7250596269481897,9,8
bird1,1,33,0.01,-0.7249380778348312,9,8
bird1,1,33,0.1,-0.7248422783521475,9,8
bird1,2,33,0.001,-0.7056507392422217,72,34
bird1,2,33,0.01,-0.7046096288127066,72,34
bird1,2,33,0.1,-0.7037856605139717,72,34
bird1,3,33,0.001,-0.6900992576361568,576,78
bird1,3,33,0.01,-0.6882405768957364,576,78
bird1,3,33,0.1,-0.6871604973406538,576,78
bird1,4,33,0.001,-0.7014355879630689,4608,143
bird1,4,33,0.01,-0.698348843883492,4608,143
bird1,4,33,0.1,-0.6969312221143691,4608,143
bird1,5,33,0.001,-0.7249698665574874,36864,224
bird1,5,33,0.01,-0.7183608486485644,36864,224
bird1,5,33,0.1,-0.714843738302724,36864,224
bird1,0,34,0.001,-1.9415335743952533,1,1
bird1,0,34,0.01,-1.9415335664182356,1,1
bird1,0,34,0.1,-1.9415334867864553,1,1
bird1,1,34,0.001,-0.7235211494149946,9,8
bird1,1,34,0.01,-0.7232608984079065,9,8
bird1,1,34,0.1,-0.7230101043567184,9,8
bird1,2,34,0.001,-0.7091358819740322,72,38
bird1,2,34,0.01,-0.7070679941207083,72,38
bird1,2,34,0.1,-0.7053206413289342,72,38
bird1,3,34,0.001,-0.6981033167452472,576,83
bird1,3,34,0.01,-0.6946410878034043,576,83
bird1,3,34,0.1,-0.6918920738827633,576,83
bird1,4,34,0.001,-0.7171085740106437,4608,143
bird1,4,34,0.01,-0.7122101723465801,4608,143
bird1,4,34,0.1,-0.7087447408640406,4608,143
bird1,5,34,0.001,-0.7440990680517439,36864,222
bird1,5,34,0.01,-0.7355427749890694,36864,222
bird1,5,34,0.1,-0.730013434063994,36864,222
bird1,0,35,0.001,-1.9393158437043099,1,1
bird1,0,35,0.01,-1.9393158413257214,1,1
bird1,0,35,0.1,-1.9393158176758303,1,1
bird1,1,35,0.001,-0.7195721553786275,9,8
bird1,1,35,0.01,-0.7193151413483355,9,8
bird1,1,35,0.1,-0.719075025155198,9,8
bird1,2,35,0.001,-0.7014019970190768,72,37
bird1,2,35,0.01,-0.7006054861881355,72,37
bird1,2,35,0.1,-0.7001374866315139,72,37
bird1,3,35,0.001,-0.6835987235372594,576,77
bird1,3,35,0.01,-0.6816408612101178,576,77
bird1,3,35,0.1,-0.6804557814019022,576,77
bird1,4,35,0.001,-0.6990776525602802,4608,137
bird1,4,35,0.01,-0.6959678515886889,4608,137
bird1,4,35,0.1,-0.6944332706243476,4608,137
bird1,5,35,0.001,-0.7225339698467632,36864,210
bird1,5,35,0.01,-0.7170303559195771,36864,210
bird1,5,35,0.1,-0.7143246448912509,36864,210
bird1,0,36,0.001,-1.941909469483931,1,1
bird1,0,36,0.01,-1.9419094638175838,1,1
bird1,0,36,0.1,-1.9419094072899918,1,1
bird1,1,36,0.001,-0.7210292322857434,9,8
bird1,1,36,0.01,-0.7210327431114278,9,8
bird1,1,36,0.1,-0.7210679645021947,9,8
bird1,2,36,0.001,-0.70358079561928,72,32
bird1,2,36,0.01,-0.7034657961707892,72,32
bird1,2,36,0.1,-0.7035562069593181,72,32
bird1,3,36,0.001,-0.6843079986658285,576,71
bird1,3,36,0.01,-0.683228182174274,576,71
bird1,3,36,0.1,-0.6828293049483319,576,71
bird1,4,36,0.001,-0.6990470463617674,4608,127
bird1,4,36,0.01,-0.6968781309796188,4608,127
bird1,4,36,0.1,-0.696042170582721,4608,127
bird1,5,36,0.001,-0.7265688156730796,36864,203
bird1,5,36,0.01,-0.7204425740427363,36864,203
bird1,5,36,0.1,-0.7170947750475376,36864,203
bird1,0,37,0.001,-1.9235220201614394,1,1
bird1,0,37,0.01,-1.9235220425250128,1,1
bird1,0,37,0.1,-1.9235222662893559,1,1
bird1,1,37,0.001,-0.7318305705040532,9,8
bird1,1,37,0.01,-0.7314612210748488,9,8
bird1,1,37,0.1,-0.7311090572314223,9,8
bird1,2,37,0.001,-0.7090481294707626,72,38
bird1,2,37,0.01,-0.7082838211845849,72,38
bird1,2,37,0.1,-0.7077645928458823,72,38
bird1,3,37,0.001,-0.6930341335582085,576,82
bird1,3,37,0.01,-0.6909461472545255,576,82
bird1,3,37,0.1,-0.6898515555571417,576,82
bird1,4,37,0.001,-0.7080878256730031,4608,151
bird1,4,37,0.01,-0.7037660322766032,4608,151
bird1,4,37,0.1,-0.7015437219855619,4608,151
bird1,5,37,0.001,-0.7402317595051012,36864,248
bird1,5,37,0.01,-0.7316602200885303,36864,248
bird1,5,37,0.1,-0.7270688796201003,36864,248
bird1,0,38,0.001,-1.9376034254988734,1,1
bird1,0,38,0.01,-1.9376034236637618,1,1
bird1,0,38,0.1,-1.9376034054496787,1,1
bird1,1,38,0.001,-0.7162441918037334,9,8
bird1,1,38,0.01,-0.716116675144131,9,8
bird1,1,38,0.1,-0.7160207934808258,9,8
bird1,2,38,0.001,-0.6958605280429139,72,31
bird1,2,38,0.01,-0.6951792698738706,72,31
bird1,2,38,0.1,-0.6947071345169952,72,31
bird1,3,38,0.001,-0.6719858873034513,576,68
bird1,3,38,0.01,-0.6710121625448194,576,68
bird1,3,38,0.1,-0.6705781427077732,576,68
bird1,4,38,0.001,-0.6844784055598833,4608,123
bird1,4,38,0.01,-0.6822296798169537,4608,123
bird1,4,38,0.1,-0.6812041700666007,4608,123
bird1,5,38,0.001,-0.7085020736322931,36864,192
bird1,5,38,0.01,-0.7040203283836426,36864,192
bird1,5,38,0.1,-0.7018630915441345,36864,192
bird1,0,39,0.001,-1.9427130618863555,1,1
bird1,0,39,0.01,-1.9427130523741265,1,1
bird1,0,39,0.1,-1.942712957390634,1,1
bird1,1,39,0.001,-0.7202034385014805,9,8
bird1,1,39,0.01,-0.720205908204142,9,8
bird1,1,39,0.1,-0.7202309794850575,9,8
bird1,2,39,0.001,-0.7025437923887524,72,33
bird1,2,39,0.01,-0.7017139393084973,72,33
bird1,2,39,0.1,-0.7011348414198306,72,33
bird1,3,39,0.001,-0.6850301551187523,576,75
bird1,3,39,0.01,-0.6830167074100782,576,75
bird1,3,39,0.1,-0.6817885519980793,576,75
bird1,4,39,0.001,-0.6994435037550379,4608,136
bird1,4,39,0.01,-0.6952528365342387,4608,136
bird1,4,39,0.1,-0.6926912155830526,4608,136
bird1,5,39,0.001,-0.7330177684557673,36864,217
bird1,5,39,0.01,-0.7239283892954952,36864,217
bird1,5,39,0.1,-0.7183158925783003,36864,217
bird1,0,40,0.001,-1.9406805110758163,1,1
bird1,0,40,0.01,-1.940680507392877,1,1
bird1,0,40,0.1,-1.940680470699063,1,1
bird1,1,40,0.001,-0.7272625186159336,9,8
bird1,1,40,0.01,-0.7268891464939745,9,8
bird1,1,40,0.1,-0.7265368486701133,9,8
bird1,2,40,0.001,-0.7038007117166402,72,36
bird1,2,40,0.01,-0.7030223245733049,72,36
bird1,2,40,0.1,-0.7024819387725514,72,36
bird1,3,40,0.001,-0.690797835435686,576,82
bird1,3,40,0.01,-0.687286447054986,576,82
bird1,3,40,0.1,-0.6849331535295095,576,82
bird1,4,40,0.001,-0.7005501076593464,4608,147
bird1,4,40,0.01,-0.6967167999064212,4608,147
bird1,4,40,0.1,-0.6947335150119974,4608,147
bird1,5,40,0.001,-0.7222347475573161,36864,224
bird1,5,40,0.01,-0.7158879306089322,36864,224
bird1,5,40,0.1,-0.7124710001276341,36864,224
bird1,0,41,0.001,-1.9376238724748152,1,1
bird1,0,41,0.01,-1.9376238711554583,1,1
bird1,0,41,0.1,-1.937623858098701,1,1
bird1,1,41,0.001,-0.7229853060873315,9,8
bird1,1,41,0.01,-0.7229884379279374,9,8
bird1,1,41,0.1,-0.7230198745628769,9,8
bird1,2,41,0.001,-0.7040571077919285,72,32
bird1,2,41,0.01,-0.7033777447304821,72,32
bird1,2,41,0.1,-0.7029437209023155,72,32
bird1,3,41,0.001,-0.6884086202010468,576,75
bird1,3,41,0.01,-0.6858256932897937,576,75
bird1,3,41,0.1,-0.6840784804215674,576,75
bird1,4,41,0.001,-0.7032159654746665,4608,141
bird1,4,41,0.01,-0.6995868137468046,4608,141
bird1,4,41,0.1,-0.6977432376790461,4608,141
bird1,5,41,0.001,-0.7291017351232599,36864,224
bird1,5,41,0.01,-0.7206905389275174,36864,224
bird1,5,41,0.1,-0.7158770005326879,36864,224
bird1,0,42,0.001,-1.9431962792209714,1,1
bird1,0,42,0.01,-1.9431962648570946,1,1
bird1,0,42,0.1,-1.9431961213596307,1,1
bird1,1,42,0.001,-0.7236404312658178,9,8
bird1,1,42,0.01,-0.7231081275745667,9,8
bird1,1,42,0.1,-0.7225959612363992,9,8
bird1,2,42,0.001,-0.709162453710977,72,39
bird1,2,42,0.01,-0.7076022927277666,72,39
bird1,2,42,0.1,-0.7063000053929851,72,39
bird1,3,42,0.001,-0.6915900715197757,576,85
bird1,3,42,0.01,-0.6898450382069562,576,85
bird1,3,42,0.1,-0.6887709224176802,576,85
bird1,4,42,0.001,-0.7095212698982739,4608,151
bird1,4,42,0.01,-0.704838604815898,4608,151
bird1,4,42,0.1,-0.7020233006707253,4608,151
bird1,5,42,0.001,-0.7346615176306549,36864,232
bird1,5,42,0.01,-0.727751691778136,36864,232
bird1,5,42,0.1,-0.7241284050524627,36864,232
bird1,0,43,0.001,-1.9459634431930568,1,1
bird1,0,43,0.01,-1.9459634270776027,1,1
bird1,0,43,0.1,-1.9459632660649075,1,1
bird1,1,43,0.001,-0.7183025743249722,9,8
bird1,1,43,0.01,-0.7179000108852405,9,8
bird1,1,43,0.1,-0.7175105630822689,9,8
bird1,2,43,0.001,-0.697963132231414,72,36
bird1,2,43,0.01,-0.6971352308928238,72,36
bird1,2,43,0.1,-0.6966683866247869,72,36
bird1,3,43,0.001,-0.6831099517272228,576,80
bird1,3,43,0.01,-0.6806138886136466,576,80
bird1,3,43,0.1,-0.6789905546940767,576,80
bird1,4,43,0.001,-0.7001528936180482,4608,144
bird1,4,43,0.01,-0.6955991603630362,4608,144
bird1,4,43,0.1,-0.6930151108647423,4608,144
bird1,5,43,0.001,-0.7250452746494086,36864,217
bird1,5,43,0.01,-0.7168401149767881,36864,217
bird1,5,43,0.1,-0.712133166345728,36864,217
bird1,0,44,0.001,-1.9403962348497694,1,1
bird1,0,44,0.01,-1.9403962323802517,1,1
bird1,0,44,0.1,-1.9403962078206847,1,1
bird1,1,44,0.001,-0.7165896579078272,9,8
bird1,1,44,0.01,-0.7165929636831795,9,8
bird1,1,44,0.1,-0.7166261486007579,9,8
bird1,2,44,0.001,-0.6994968488485894,72,31
bird1,2,44,0.01,-0.698965110062953,72,31
bird1,2,44,0.1,-0.6986350300534095,72,31
bird1,3,44,0.001,-0.6799092935491838,576,71
bird1,3,44,0.01,-0.6786788519405083,576,71
bird1,3,44,0.1,-0.6781569801306498,576,71
bird1,4,44,0.001,-0.6931424116470368,4608,133
bird1,4,44,0.01,-0.6906789775051508,4608,133
bird1,4,44,0.1,-0.6898532300944876,4608,133
bird1,5,44,0.001,-0.7153319970197599,36864,207
bird1,5,44,0.01,-0.7099015922188421,36864,207
bird1,5,44,0.1,-0.7077052516092144,36864,207
bird1,0,45,0.001,-1.9300036269406495,1,1
bird1,0,45,0.01,-1.9300036362883746,1,1
bird1,0,45,0.1,-1.9300037298990598,1,1
bird1,1,45,0.001,-0.7254046004426175,9,8
bird1,1,45,0.01,-0.7252787563883585,9,8
bird1,1,45,0.1,-0.7251795909798918,9,8
bird1,2,45,0.001,-0.7104310775148801,72,33
bird1,2,45,0.01,-0.7093497090568345,72,33
bird1,2,45,0.1,-0.708522867152762,72,33
bird1,3,45,0.001,-0.6893668717963405,576,72
bird1,3,45,0.01,-0.6882787994135421,576,72
bird1,3,45,0.1,-0.6878661762380642,576,72
bird1,4,45,0.001,-0.6984335290369243,4608,128
bird1,4,45,0.01,-0.6961399586228636,4608,128
bird1,4,45,0.1,-0.6955528310388513,4608,128
bird1,5,45,0.001,-0.7250082920490385,36864,199
bird1,5,45,0.01,-0.7187706677451332,36864,199
bird1,5,45,0.1,-0.7156062343747247,36864,199
bird1,0,46,0.001,-1.9367596652421852,1,1
bird1,0,46,0.01,-1.9367596652285877,1,1
bird1,0,46,0.1,-1.9367596652282273,1,1
bird1,1,46,0.001,-0.7280953439804088,9,8
bird1,1,46,0.01,-0.7280985165673544,9,8
bird1,1,46,0.1,-0.7281303600396982,9,8
bird1,2,46,0.001,-0.7093800587055799,72,33
bird1,2,46,0.01,-0.7081694898840991,72,33
bird1,2,46,0.1,-0.7071376653038896,72,33
bird1,3,46,0.001,-0.6876556357589041,576,81
bird1,3,46,0.01,-0.6860044613239615,576,81
bird1,3,46,0.1,-0.6849563282619181,576,81
bird1,4,46,0.001,-0.7066215678795147,4608,153
bird1,4,46,0.01,-0.7018880663389019,4608,153
bird1,4,46,0.1,-0.6986811863740208,4608,153
bird1,5,46,0.001,-0.7327311163508154,36864,233
bird1,5,46,0.01,-0.724952696887803,36864,233
bird1,5,46,0.1,-0.720218797541195,36864,233
bird1,0,47,0.001,-1.937236484950444,1,1
bird1,0,47,0.01,-1.9372364824565602,1,1
bird1,0,47,0.1,-1.9372364576551122,1,1
bird1,1,47,0.001,-0.7275404283059953,9,8
bird1,1,47,0.01,-0.7274103097973851,9,8
bird1,1,47,0.1,-0.7273005740225761,9,8
bird1,2,47,0.001,-0.7054735142253163,72,34
bird1,2,47,0.01,-0.7049322424354374,72,34
bird1,2,47,0.1,-0.7046358282861823,72,34
bird1,3,47,0.001,-0.6861131287764299,576,75
bird1,3,47,0.01,-0.6845758897697596,576,75
bird1,3,47,0.1,-0.6839513881647726,576,75
bird1,4,47,0.001,-0.7017283364245127,4608,136
bird1,4,47,0.01,-0.6974682437066847,4608,136
bird1,4,47,0.1,-0.6952248042213983,4608,136
bird1,5,47,0.001,-0.7311741941725254,36864,212
bird1,5,47,0.01,-0.7227191198008812,36864,212
bird1,5,47,0.1,-0.7179487773959589,36864,212
bird1,0,48,0.001,-1.9372845808317196,1,1
bird1,0,48,0.01,-1.9372845772258562,1,1
bird1,0,48,0.1,-1.937284541304929,1,1
bird1,1,48,0.001,-0.717274347283226,9,8
bird1,1,48,0.01,-0.7172766322526206,9,8
bird1,1,48,0.1,-0.7172998931745043,9,8
bird1,2,48,0.001,-0.698449424026418,72,34
bird1,2,48,0.01,-0.6984735086708765,72,34
bird1,2,48,0.1,-0.6987067833661438,72,34
bird1,3,48,0.001,-0.6781169232834532,576,75
bird1,3,48,0.01,-0.6762920729672242,576,75
bird1,3,48,0.1,-0.675312350392785,576,75
bird1,4,48,0.001,-0.6928283209495844,4608,139
bird1,4,48,0.01,-0.6889550383497266,4608,139
bird1,4,48,0.1,-0.6872266942769212,4608,139
bird1,5,48,0.001,-0.709814918413135,36864,211
bird1,5,48,0.01,-0.7049486112367177,36864,211
bird1,5,48,0.1,-0.7032310439439357,36864,211
bird1,0,49,0.001,-1.9315120975834772,1,1
bird1,0,49,0.01,-1.9315121041860077,1,1
bird1,0,49,0.1,-1.9315121703460856,1,1
bird1,1,49,0.001,-0.7212612063750699,9,8
bird1,1,49,0.01,-0.7212632008062683,9,8
bird1,1,49,0.1,-0.721283754391399,9,8
bird1,2,49,0.001,-0.7043569991021407,72,34
bird1,2,49,0.01,-0.703695017108905,72,34
bird1,2,49,0.1,-0.7033060231429508,72,34
bird1,3,49,0.001,-0.6909818618672535,576,80
bird1,3,49,0.01,-0.6880771498091005,576,80
bird1,3,49,0.1,-0.686367053117655,576,80
bird1,4,49,0.001,-0.7058210041650718,4608,147
bird1,4,49,0.01,-0.7006517941643957,4608,147
bird1,4,49,0.1,-0.6978582528061731,4608,147
bird1,5,49,0.001,-0.7285991958789613,36864,233
bird1,5,49,0.01,-0.7211176415771682,36864,233
bird1,5,49,0.1,-0.7174745046802946,36864,233
bird1,0,50,0.001,-1.9345384995232615,1,1
bird1,0,50,0.01,-1.9345385051847506,1,1
bird1,0,50,0.1,-1.9345385619328355,1,1
bird1,1,50,0.001,-0.7256273541022471,9,8
bird1,1,50,0.01,-0.7256305754572019,9,8
bird1,1,50,0.1,-0.7256629242575553,9,8
bird1,2,50,0.001,-0.7065905707765533,72,31
bird1,2,50,0.01,-0.7062119436166427,72,31
bird1,2,50,0.1,-0.7060580295566257,72,31
bird1,3,50,0.001,-0.6881162462735624,576,73
bird1,3,50,0.01,-0.6869405563988653,576,73
bird1,3,50,0.1,-0.6865462079580709,576,73
bird1,4,50,0.001,-0.7008146493013132,4608,137
bird1,4,50,0.01,-0.6981260765308771,4608,137
bird1,4,50,0.1,-0.6970242258326259,4608,137
bird1,5,50,0.001,-0.7228074551554557,36864,218
bird1,5,50,0.01,-0.7173893056310203,36864,218
bird1,5,50,0.1,-0.7149874394264041,36864,218
bird2,0,1,0.001,-1.8074807439321152,1,1
bird2,0,1,0.01,-1.8074808198309902,1,1
bird2,0,1,0.1,-1.8074815794500383,1,1
bird2,1,1,0.001,-0.8081723079857648,8,7
bird2,1,1,0.01,-0.8081756289427893,8,7
bird2,1,1,0.1,-0.8082112468898125,8,7
bird2,2,1,0.001,-0.7577577986882,56,26
bird2,2,1,0.01,-0.7528523513253053,56,26
bird2,2,1,0.1,-0.7486927935208354,56,26
bird2,3,1,0.001,-0.7643242528251789,392,63
bird2,3,1,0.01,-0.7564157524728035,392,63
bird2,3,1,0.1,-0.7504462827067915,392,63
bird2,4,1,0.001,-0.7664464416775869,2744,107
bird2,4,1,0.01,-0.751459366405808,2744,107
bird2,4,1,0.1,-0.7406330523167394,2744,107
bird2,5,1,0.001,-0.801447183795606,19208,160
bird2,5,1,0.01,-0.7780948053859679,19208,160
bird2,5,1,0.1,-0.76205870004461,19208,160
bird2,0,2,0.001,-1.8290331856676418,1,1
bird2,0,2,0.01,-1.8290331589662487,1,1
bird2,0,2,0.1,-1.829032892644531,1,1
bird2,1,2,0.001,-0.8124662808808529,8,7
bird2,1,2,0.01,-0.8100395628730976,8,7
bird2,1,2,0.1,-0.8076705720511713,8,7
bird2,2,2,0.001,-0.7582425203456125,56,29
bird2,2,2,0.01,-0.7537094476913121,56,29
bird2,2,2,0.1,-0.749832690304065,56,29
bird2,3,2,0.001,-0.7630671391219038,392,67
bird2,3,2,0.01,-0.7548694648406058,392,67
bird2,3,2,0.1,-0.7487622137372179,392,67
bird2,4,2,0.001,-0.7606445278036368,2744,121
bird2,4,2,0.01,-0.7489617037355023,2744,121
bird2,4,2,0.1,-0.742086731417766,2744,121
bird2,5,2,0.001,-0.8109011615437678,19208,179
bird2,5,2,0.01,-0.7871736381671721,19208,179
bird2,5,2,0.1,-0.771629460988874,19208,179
bird2,0,3,0.001,-1.8263541571523436,1,1
bird2,0,3,0.01,-1.8263541272918355,1,1
bird2,0,3,0.1,-1.8263538293930557,1,1
bird2,1,3,0.001,-0.814696553473356,8,7
bird2,1,3,0.01,-0.8131750457303533,8,7
bird2,1,3,0.1,-0.8116580299460473,8,7
bird2,2,3,0.001,-0.7465641902269328,56,28
bird2,2,3,0.01,-0.744542543150232,56,28
bird2,2,3,0.1,-0.7433005935906392,56,28
bird2,3,3,0.001,-0.76539063360742,392,67
bird2,3,3,0.01,-0.7530350705964394,392,67
bird2,3,3,0.1,-0.7437620392035111,392,67
bird2,4,3,0.001,-0.7633477554898929,2744,120
bird2,4,3,0.01,-0.7456029112779179,2744,120
bird2,4,3,0.1,-0.7333163233226999,2744,120
bird2,5,3,0.001,-0.8041723825681376,19208,175
bird2,5,3,0.01,-0.7773847350778905,19208,175
bird2,5,3,0.1,-0.7587540276405934,19208,175
bird2,0,4,0.001,-1.8347767116008777,1,1
bird2,0,4,0.01,-1.8347766730497919,1,1
bird2,0,4,0.1,-1.8347762882291296,1,1
bird2,1,4,0.001,-0.7841265893868292,8,7
bird2,1,4,0.01,-0.7841371025273228,8,7
bird2,1,4,0.1,-0.7842430388887215,8,7
bird2,2,4,0.001,-0.7215906709787726,56,26
bird2,2,4,0.01,-0.7201882222287467,56,26
bird2,2,4,0.1,-0.7192381992094867,56,26
bird2,3,4,0.001,-0.7205064451191315,392,56
bird2,3,4,0.01,-0.7159498493091204,392,56
bird2,3,4,0.1,-0.7129864926947671,392,56
bird2,4,4,0.001,-0.7210528934869348,2744,97
bird2,4,4,0.01,-0.7111476177046235,2744,97
bird2,4,4,0.1,-0.7048872054492021,2744,97
bird2,5,4,0.001,-0.7620660479320346,19208,148
bird2,5,4,0.01,-0.7406169871138863,19208,148
bird2,5,4,0.1,-0.7262246685853689,19208,148
bird2,0,5,0.001,-1.8220732346282178,1,1
bird2,0,5,0.01,-1.8220732300921014,1,1
bird2,0,5,0.1,-1.8220731854171182,1,1
bird2,1,5,0.001,-0.7843221896782472,8,7
bird2,1,5,0.01,-0.7843336804641393,8,7
bird2,1,5,0.1,-0.7844492362275994,8,7
bird2,2,5,0.001,-0.7245675469375273,56,21
bird2,2,5,0.01,-0.7240778027926569,56,21
bird2,2,5,0.1,-0.7238989362759267,56,21
bird2,3,5,0.001,-0.7179727085892175,392,48
bird2,3,5,0.01,-0.7163936023185385,392,48
bird2,3,5,0.1,-0.7159383592233898,392,48
bird2,4,5,0.001,-0.7164511540047606,2744,85
bird2,4,5,0.01,-0.7079829314951994,2744,85
bird2,4,5,0.1,-0.7026280228443497,2744,85
bird2,5,5,0.001,-0.7529339639322596,19208,132
bird2,5,5,0.01,-0.7354223827446372,19208,132
bird2,5,5,0.1,-0.7233131848701619,19208,132
bird2,0,6,0.001,-1.834393921264858,1,1
bird2,0,6,0.01,-1.8343938694702953,1,1
bird2,0,6,0.1,-1.8343933522333198,1,1
bird2,1,6,0.001,-0.8193076027976269,8,7
bird2,1,6,0.01,-0.8183294348357547,8,7
bird2,1,6,0.1,-0.8173867961686319,8,7
bird2,2,6,0.001,-0.765266856641228,56,25
bird2,2,6,0.01,-0.7586412441142358,56,25
bird2,2,6,0.1,-0.7527423361653589,56,25
bird2,3,6,0.001,-0.7670132201701748,392,62
bird2,3,6,0.01,-0.7582265021776822,392,62
bird2,3,6,0.1,-0.7511555230332376,392,62
bird2,4,6,0.001,-0.7768723612521974,2744,109
bird2,4,6,0.01,-0.7608397400346231,2744,109
bird2,4,6,0.1,-0.7488510109698878,2744,109
bird2,5,6,0.001,-0.8178382105228393,19208,168
bird2,5,6,0.01,-0.7902295237306506,19208,168
bird2,5,6,0.1,-0.7693630330220176,19208,168
bird2,0,7,0.001,-1.811628989027311,1,1
bird2,0,7,0.01,-1.811629029730628,1,1
bird2,0,7,0.1,-1.8116294374239503,1,1
bird2,1,7,0.001,-0.8061424203506641,8,7
bird2,1,7,0.01,-0.805153857588384,8,7
bird2,1,7,0.1,-0.8042124533105484,8,7
bird2,2,7,0.001,-0.7547489955869866,56,26
bird2,2,7,0.01,-0.75010065601133,56,26
bird2,2,7,0.1,-0.7460277316482526,56,26
bird2,3,7,0.001,-0.7544205603098405,392,58
bird2,3,7,0.01,-0.7477509107850142,392,58
bird2,3,7,0.1,-0.7428310947153404,392,58
bird2,4,7,0.001,-0.7587608345838429,2744,106
bird2,4,7,0.01,-0.7454822971727764,2744,106
bird2,4,7,0.1,-0.7363774203705884,2744,106
bird2,5,7,0.001,-0.7990957726940915,19208,162
bird2,5,7,0.01,-0.7740281078725133,19208,162
bird2,5,7,0.1,-0.756330362270839,19208,162
bird2,0,8,0.001,-1.817041234039054,1,1
bird2,0,8,0.01,-1.8170412711138293,1,1
bird2,0,8,0.1,-1.8170416425106337,1,1
bird2,1,8,0.001,-0.8084725304047143,8,7
bird2,1,8,0.01,-0.8079993123292524,8,7
bird2,1,8,0.1,-0.8075631093685827,8,7
bird2,2,8,0.001,-0.7518395547844201,56,29
bird2,2,8,0.01,-0.7484256709410649,56,29
bird2,2,8,0.1,-0.7457064203427552,56,29
bird2,3,8,0.001,-0.7487814821812546,392,66
bird2,3,8,0.01,-0.7429936274185106,392,66
bird2,3,8,0.1,-0.7389211466573552,392,66
bird2,4,8,0.001,-0.7692116481075617,2744,114
bird2,4,8,0.01,-0.7529701755394846,2744,114
bird2,4,8,0.1,-0.7404930843069297,2744,114
bird2,5,8,0.001,-0.7998746683828483,19208,169
bird2,5,8,0.01,-0.7765946897945214,19208,169
bird2,5,8,0.1,-0.7601286425834022,19208,169
bird2,0,9,0.001,-1.830336423856249,1,1
bird2,0,9,0.01,-1.8303363782970974,1,1
bird2,0,9,0.1,-1.8303359234202576,1,1
bird2,1,9,0.001,-0.8002141134142523,8,7
bird2,1,9,0.01,-0.8002208862771684,8,7
bird2,1,9,0.1,-0.8002906281355718,8,7
bird2,2,9,0.001,-0.7332609962388809,56,24
bird2,2,9,0.01,-0.7317205816345347,56,24
bird2,2,9,0.1,-0.7307422921910164,56,24
bird2,3,9,0.001,-0.7267510796889514,392,51
bird2,3,9,0.01,-0.7222800523337829,392,51
bird2,3,9,0.1,-0.7195576506411788,392,51
bird2,4,9,0.001,-0.7320933327319213,2744,88
bird2,4,9,0.01,-0.7216191189295273,2744,88
bird2,4,9,0.1,-0.7148803987314496,2744,88
bird2,5,9,0.001,-0.7815755582888797,19208,138
bird2,5,9,0.01,-0.7532648081459522,19208,138
bird2,5,9,0.1,-0.7327159125086572,19208,138
bird2,0,10,0.001,-1.8302016372766772,1,1
bird2,0,10,0.01,-1.8302016183756673,1,1
bird2,0,10,0.1,-1.8302014300432485,1,1
bird2,1,10,0.001,-0.8081537198026169,8,7
bird2,1,10,0.01,-0.8076863080433377,8,7
bird2,1,10,0.1,-0.8072561706765189,8,7
bird2,2,10,0.001,-0.7405521964169747,56,28
bird2,2,10,0.01,-0.7376693506701378,56,28
bird2,2,10,0.1,-0.7354515023329427,56,28
bird2,3,10,0.001,-0.7519167072056023,392,66
bird2,3,10,0.01,-0.7435924327460572,392,66
bird2,3,10,0.1,-0.7374269231160048,392,66
bird2,4,10,0.001,-0.7648355503252634,2744,119
bird2,4,10,0.01,-0.7479259892627528,2744,119
bird2,4,10,0.1,-0.736110182943022,2744,119
bird2,5,10,0.001,-0.8136237988606857,19208,176
bird2,5,10,0.01,-0.7838787628226982,19208,176
bird2,5,10,0.1,-0.7626129535033644,19208,176
bird2,0,11,0.001,-1.8249762372560445,1,1
bird2,0,11,0.01,-1.8249762384039137,1,1
bird2,0,11,0.1,-1.8249762505507847,1,1
bird2,1,11,0.001,-0.824796467297241,8,7
bird2,1,11,0.01,-0.8219596864942478,8,7
bird2,1,11,0.1,-0.8191134037305539,8,7
bird2,2,11,0.001,-0.7841606488519743,56,27
bird2,2,11,0.01,-0.7763490252751207,56,27
bird2,2,11,0.1,-0.7693985578107988,56,27
bird2,3,11,0.001,-0.7831135775159246,392,64
bird2,3,11,0.01,-0.7705247985849107,392,64
bird2,3,11,0.1,-0.7601286413979954,392,64
bird2,4,11,0.001,-0.7734407932502584,2744,118
bird2,4,11,0.01,-0.7591831032619648,2744,118
bird2,4,11,0.1,-0.7486004435816181,2744,118
bird2,5,11,0.001,-0.8109411581434307,19208,176
bird2,5,11,0.01,-0.7860755398953979,19208,176
bird2,5,11,0.1,-0.7675286235853406,19208,176
bird2,0,12,0.001,-1.823468169191717,1,1
bird2,0,12,0.01,-1.8234681755946753,1,1
bird2,0,12,0.1,-1.823468240292437,1,1
bird2,1,12,0.001,-0.7984539591485662,8,7
bird2,1,12,0.01,-0.7984585413348233,8,7
bird2,1,12,0.1,-0.7985074338293718,8,7
bird2,2,12,0.001,-0.7428887262469848,56,26
bird2,2,12,0.01,-0.7395165457777485,56,26
bird2,2,12,0.1,-0.7368107080507043,56,26
bird2,3,12,0.001,-0.7441483054874478,392,59
bird2,3,12,0.01,-0.7390136116399058,392,59
bird2,3,12,0.1,-0.7354996055312434,392,59
bird2,4,12,0.001,-0.7468853350688008,2744,108
bird2,4,12,0.01,-0.7333702272283306,2744,108
bird2,4,12,0.1,-0.7235986317553075,2744,108
bird2,5,12,0.001,-0.7964982338295011,19208,164
bird2,5,12,0.01,-0.7676360692338161,19208,164
bird2,5,12,0.1,-0.7458912384309175,19208,164
bird2,0,13,0.001,-1.8311215298379788,1,1
bird2,0,13,0.01,-1.8311214939109426,1,1
bird2,0,13,0.1,-1.8311211353403045,1,1
bird2,1,13,0.001,-0.8058173711000436,8,7
bird2,1,13,0.01,-0.8058281580274005,8,7
bird2,1,13,0.1,-0.8059364041545025,8,7
bird2,2,13,0.001,-0.7334572122164026,56,20
bird2,2,13,0.01,-0.7319411168834971,56,20
bird2,2,13,0.1,-0.7307630312595673,56,20
bird2,3,13,0.001,-0.732747938702709,392,48
bird2,3,13,0.01,-0.7294829081314683,392,48
bird2,3,13,0.1,-0.7274081621331581,392,48
bird2,4,13,0.001,-0.7358699969913919,2744,87
bird2,4,13,0.01,-0.7287193292983666,2744,87
bird2,4,13,0.1,-0.7240658977192715,2744,87
bird2,5,13,0.001,-0.7715288093757343,19208,138
bird2,5,13,0.01,-0.7558346930358086,19208,138
bird2,5,13,0.1,-0.7453161272054708,19208,138
bird2,0,14,0.001,-1.8323617836361576,1,1
bird2,0,14,0.01,-1.8323617470618163,1,1
bird2,0,14,0.1,-1.8323613820132392,1,1
bird2,1,14,0.001,-0.8098618850222195,8,7
bird2,1,14,0.01,-0.809374985398813,8,7
bird2,1,14,0.1,-0.8088361648654749,8,7
bird2,2,14,0.001,-0.7524099377330785,56,26
bird2,2,14,0.01,-0.7485289925756654,56,26
bird2,2,14,0.1,-0.7456553554948676,56,26
bird2,3,14,0.001,-0.7645469547790892,392,60
bird2,3,14,0.01,-0.7518435674509691,392,60
bird2,3,14,0.1,-0.7420490524968207,392,60
bird2,4,14,0.001,-0.7735676538513002,2744,111
bird2,4,14,0.01,-0.7515598078183972,2744,111
bird2,4,14,0.1,-0.7348945752263712,2744,111
bird2,5,14,0.001,-0.7885995148101815,19208,169
bird2,5,14,0.01,-0.7672630209225493,19208,169
bird2,5,14,0.1,-0.7530294483771128,19208,169
bird2,0,15,0.001,-1.8248909410490617,1,1
bird2,0,15,0.01,-1.82489094712085,1,1
bird2,0,15,0.1,-1.8248910085031054,1,1
bird2,1,15,0.001,-0.7993604942952034,8,7
bird2,1,15,0.01,-0.798438144530486,8,7
bird2,1,15,0.1,-0.7976203692824416,8,7
bird2,2,15,0.001,-0.7361043759347216,56,20
bird2,2,15,0.01,-0.7346722615152681,56,20
bird2,2,15,0.1,-0.7335933639040956,56,20
bird2,3,15,0.001,-0.7337287531441041,392,49
bird2,3,15,0.01,-0.7296501334992224,392,49
bird2,3,15,0.1,-0.7271216364598144,392,49
bird2,4,15,0.001,-0.7418002818151105,2744,95
bird2,4,15,0.01,-0.7272437875476598,2744,95
bird2,4,15,0.1,-0.7165476528753015,2744,95
bird2,5,15,0.001,-0.7773103241456426,19208,152
bird2,5,15,0.01,-0.7541755780569525,19208,152
bird2,5,15,0.1,-0.7373964737066236,19208,152
bird2,0,16,0.001,-1.8199991673750466,1,1
bird2,0,16,0.01,-1.819999175494614,1,1
bird2,0,16,0.1,-1.8199992573673112,1,1
bird2,1,16,0.001,-0.8032172126607857,8,7
bird2,1,16,0.01,-0.8032250077961697,8,7
bird2,1,16,0.1,-0.8033038869912347,8,7
bird2,2,16,0.001,-0.7443043764725416,56,25
bird2,2,16,0.01,-0.7422704519846235,56,25
bird2,2,16,0.1,-0.7406856240851469,56,25
bird2,3,16,0.001,-0.7615236593995327,392,57
bird2,3,16,0.01,-0.7531724266966224,392,57
bird2,3,16,0.1,-0.7465437566042985,392,57
bird2,4,16,0.001,-0.7561471584635554,2744,103
bird2,4,16,0.01,-0.7429769565954738,2744,103
bird2,4,16,0.1,-0.7338525118029677,2744,103
bird2,5,16,0.001,-0.8129853689424099,19208,156
bird2,5,16,0.01,-0.7840795694547591,19208,156
bird2,5,16,0.1,-0.7626309824529067,19208,156
bird2,0,17,0.001,-1.8272602701919096,1,1
bird2,0,17,0.01,-1.8272602551963317,1,1
bird2,0,17,0.1,-1.827260105925539,1,1
bird2,1,17,0.001,-0.8036473253687592,8,7
bird2,1,17,0.01,-0.8036519401522445,8,7
bird2,1,17,0.1,-0.8037001392893761,8,7
bird2,2,17,0.001,-0.7478113227158204,56,26
bird2,2,17,0.01,-0.7448178929426442,56,26
bird2,2,17,0.1,-0.7424743023465122,56,26
bird2,3,17,0.001,-0.7529950857229326,392,60
bird2,3,17,0.01,-0.7475807728359705,392,60
bird2,3,17,0.1,-0.7439775798700259,392,60
bird2,4,17,0.001,-0.7657479997282447,2744,105
bird2,4,17,0.01,-0.7514848842049534,2744,105
bird2,4,17,0.1,-0.7418616489857311,2744,105
bird2,5,17,0.001,-0.799573474337212,19208,160
bird2,5,17,0.01,-0.7739466059616539,19208,160
bird2,5,17,0.1,-0.7565773970587619,19208,160
bird2,0,18,0.001,-1.8238524178309905,1,1
bird2,0,18,0.01,-1.8238524113158803,1,1
bird2,0,18,0.1,-1.8238523468481802,1,1
bird2,1,18,0.001,-0.8255006617489427,8,7
bird2,1,18,0.01,-0.8245041066970775,8,7
bird2,1,18,0.1,-0.8234573186136033,8,7
bird2,2,18,0.001,-0.7634189360761651,56,27
bird2,2,18,0.01,-0.7604232524876079,56,27
bird2,2,18,0.1,-0.7583284271693618,56,27
bird2,3,18,0.001,-0.7723742504287849,392,62
bird2,3,18,0.01,-0.7614146148223206,392,62
bird2,3,18,0.1,-0.753456943046514,392,62
bird2,4,18,0.001,-0.7664503750368609,2744,113
bird2,4,18,0.01,-0.7492400093872402,2744,113
bird2,4,18,0.1,-0.7370390404699717,2744,113
bird2,5,18,0.001,-0.8020505117945004,19208,168
bird2,5,18,0.01,-0.7774329261889358,19208,168
bird2,5,18,0.1,-0.760525853153957,19208,168
bird2,0,19,0.001,-1.8145868583390679,1,1
bird2,0,19,0.01,-1.8145868822160938,1,1
bird2,0,19,0.1,-1.8145871216602598,1,1
bird2,1,19,0.001,-0.8015530483744078,8,7
bird2,1,19,0.01,-0.8015594371116914,8,7
bird2,1,19,0.1,-0.8016248648442158,8,7
bird2,2,19,0.001,-0.7341332061339653,56,23
bird2,2,19,0.01,-0.7336608319588891,56,23
bird2,2,19,0.1,-0.7336388781150024,56,23
bird2,3,19,0.001,-0.73636463302666,392,53
bird2,3,19,0.01,-0.7330865340959342,392,53
bird2,3,19,0.1,-0.7313928422164754,392,53
bird2,4,19,0.001,-0.7493687749553807,2744,97
bird2,4,19,0.01,-0.7396768666179006,2744,97
bird2,4,19,0.1,-0.7341968130267125,2744,97
bird2,5,19,0.001,-0.8037174462124542,19208,148
bird2,5,19,0.01,-0.7770955814417396,19208,148
bird2,5,19,0.1,-0.758644833719143,19208,148
bird2,0,20,0.001,-1.817889704011769,1,1
bird2,0,20,0.01,-1.8178897361826976,1,1
bird2,0,20,0.1,-1.8178900585447335,1,1
bird2,1,20,0.001,-0.8252233931662744,8,7
bird2,1,20,0.01,-0.823785647109539,8,7
bird2,1,20,0.1,-0.8223505956430617,8,7
bird2,2,20,0.001,-0.7691963301354421,56,28
bird2,2,20,0.01,-0.7637450179762939,56,28
bird2,2,20,0.1,-0.7590699645888345,56,28
bird2,3,20,0.001,-0.782614325605189,392,65
bird2,3,20,0.01,-0.769107031343757,392,65
bird2,3,20,0.1,-0.7578510997468065,392,65
bird2,4,20,0.001,-0.8036518408062922,2744,118
bird2,4,20,0.01,-0.7819977938387971,2744,118
bird2,4,20,0.1,-0.7645864031143479,2744,118
bird2,5,20,0.001,-0.8747541019553955,19208,179
bird2,5,20,0.01,-0.8338279472145742,19208,179
bird2,5,20,0.1,-0.8004790840827588,19208,179
bird2,0,21,0.001,-1.8238190782853756,1,1
bird2,0,21,0.01,-1.8238190824719123,1,1
bird2,0,21,0.1,-1.8238191250065552,1,1
bird2,1,21,0.001,-0.78985611261936,8,7
bird2,1,21,0.01,-0.7898647715135491,8,7
bird2,1,21,0.1,-0.7899527281491872,8,7
bird2,2,21,0.001,-0.7247299573598455,56,23
bird2,2,21,0.01,-0.722315021003178,56,23
bird2,2,21,0.1,-0.7204560924936879,56,23
bird2,3,21,0.001,-0.7246246909595561,392,50
bird2,3,21,0.01,-0.7199484990494288,392,50
bird2,3,21,0.1,-0.7168860149198932,392,50
bird2,4,21,0.001,-0.7498205781257948,2744,93
bird2,4,21,0.01,-0.7303749320368075,2744,93
bird2,4,21,0.1,-0.7160432349171182,2744,93
bird2,5,21,0.001,-0.7948946864495942,19208,145
bird2,5,21,0.01,-0.7616400371369333,19208,145
bird2,5,21,0.1,-0.7374178607042349,19208,145
bird2,0,22,0.001,-1.8322913874816869,1,1
bird2,0,22,0.01,-1.832291344260487,1,1
bird2,0,22,0.1,-1.8322909127527196,1,1
bird2,1,22,0.001,-0.7887053701041054,8,7
bird2,1,22,0.01,-0.7877360048892498,8,7
bird2,1,22,0.1,-0.7868510453692357,8,7
bird2,2,22,0.001,-0.7228540236952413,56,23
bird2,2,22,0.01,-0.7198265868640514,56,23
bird2,2,22,0.1,-0.7173687820985744,56,23
bird2,3,22,0.001,-0.7206637488551824,392,49
bird2,3,22,0.01,-0.7162946001915464,392,49
bird2,3,22,0.1,-0.7131353816806849,392,49
bird2,4,22,0.001,-0.7346771727001755,2744,86
bird2,4,22,0.01,-0.7179805229504894,2744,86
bird2,4,22,0.1,-0.7050127828456768,2744,86
bird2,5,22,0.001,-0.7694947077234893,19208,131
bird2,5,22,0.01,-0.7460837408663445,19208,131
bird2,5,22,0.1,-0.7278960224892527,19208,131
bird2,0,23,0.001,-1.8123336471228175,1,1
bird2,0,23,0.01,-1.812333687084498,1,1
bird2,0,23,0.1,-1.8123340873624258,1,1
bird2,1,23,0.001,-0.8334988731404618,8,7
bird2,1,23,0.01,-0.8319988250659728,8,7
bird2,1,23,0.1,-0.8305166902248986,8,7
bird2,2,23,0.001,-0.7730467662236107,56,26
bird2,2,23,0.01,-0.7710144789585065,56,26
bird2,2,23,0.1,-0.7695473789807628,56,26
bird2,3,23,0.001,-0.7924172732197781,392,59
bird2,3,23,0.01,-0.7795957645782858,392,59
bird2,3,23,0.1,-0.769897772434677,392,59
bird2,4,23,0.001,-0.8158234172400375,2744,109
bird2,4,23,0.01,-0.7887232196380152,2744,109
bird2,4,23,0.1,-0.7677123912847127,2744,109
bird2,5,23,0.001,-0.8502983276957219,19208,162
bird2,5,23,0.01,-0.8135482603372193,19208,162
bird2,5,23,0.1,-0.7848590411312305,19208,162
bird2,0,24,0.001,-1.8269755774730452,1,1
bird2,0,24,0.01,-1.8269755669524594,1,1
bird2,0,24,0.1,-1.8269754624251018,1,1
bird2,1,24,0.001,-0.7904819034475711,8,7
bird2,1,24,0.01,-0.7904905155761213,8,7
bird2,1,24,0.1,-0.7905776367246349,8,7
bird2,2,24,0.001,-0.726317225069243,56,25
bird2,2,24,0.01,-0.7243616574083249,56,25
bird2,2,24,0.1,-0.722893848189333,56,25
bird2,3,24,0.001,-0.7237390163432332,392,55
bird2,3,24,0.01,-0.7189828325648457,392,55
bird2,3,24,0.1,-0.7158880026426077,392,55
bird2,4,24,0.001,-0.7253773584994688,2744,93
bird2,4,24,0.01,-0.7145417520011713,2744,93
bird2,4,24,0.1,-0.7076982752985258,2744,93
bird2,5,24,0.001,-0.7649287205259641,19208,139
bird2,5,24,0.01,-0.7430381636937874,19208,139
bird2,5,24,0.1,-0.7285750228623862,19208,139
bird2,0,25,0.001,-1.81682144913925,1,1
bird2,0,25,0.01,-1.8168214817255666,1,1
bird2,0,25,0.1,-1.8168218082450873,1,1
bird2,1,25,0.001,-0.8132803032187269,8,7
bird2,1,25,0.01,-0.8127958317575757,8,7
bird2,1,25,0.1,-0.8123520772352343,8,7
bird2,2,25,0.001,-0.7563653468377206,56,24
bird2,2,25,0.01,-0.7513508223009425,56,24
bird2,2,25,0.1,-0.7471837698897184,56,24
bird2,3,25,0.001,-0.7682688896087374,392,58
bird2,3,25,0.01,-0.7590112514701519,392,58
bird2,3,25,0.1,-0.7512091628264334,392,58
bird2,4,25,0.001,-0.7623297943615437,2744,101
bird2,4,25,0.01,-0.7492147934399553,2744,101
bird2,4,25,0.1,-0.7387139454503088,2744,101
bird2,5,25,0.001,-0.7983436625337142,19208,155
bird2,5,25,0.01,-0.7730503305014438,19208,155
bird2,5,25,0.1,-0.7535559186227619,19208,155
bird2,0,26,0.001,-1.8260603987021196,1,1
bird2,0,26,0.01,-1.8260603847120893,1,1
bird2,0,26,0.1,-1.8260602454972905,1,1
bird2,1,26,0.001,-0.7860837862689843,8,7
bird2,1,26,0.01,-0.7860941043725799,8,7
bird2,1,26,0.1,-0.7861981511153031,8,7
bird2,2,26,0.001,-0.7276698865196375,56,24
bird2,2,26,0.01,-0.7261832178440762,56,24
bird2,2,26,0.1,-0.7251436266441481,56,24
bird2,3,26,0.001,-0.7264769894186218,392,54
bird2,3,26,0.01,-0.7221664610094194,392,54
bird2,3,26,0.1,-0.7193279682576577,392,54
bird2,4,26,0.001,-0.7289939699362452,2744,91
bird2,4,26,0.01,-0.7164885675178693,2744,91
bird2,4,26,0.1,-0.7080736560833721,2744,91
bird2,5,26,0.001,-0.7526502189004151,19208,134
bird2,5,26,0.01,-0.7336785691956444,19208,134
bird2,5,26,0.1,-0.7211672357676775,19208,134
bird2,0,27,0.001,-1.8277999419257216,1,1
bird2,0,27,0.01,-1.8277999260512896,1,1
bird2,0,27,0.1,-1.8277997679899016,1,1
bird2,1,27,0.001,-0.7808032532789223,8,7
bird2,1,27,0.01,-0.7808105935074201,8,7
bird2,1,27,0.1,-0.7808864074618224,8,7
bird2,2,27,0.001,-0.7272313704119234,56,25
bird2,2,27,0.01,-0.724293435124519,56,25
bird2,2,27,0.1,-0.7220015386553618,56,25
bird2,3,27,0.001,-0.7300308519659111,392,56
bird2,3,27,0.01,-0.7247022947630033,392,56
bird2,3,27,0.1,-0.7208021853659081,392,56
bird2,4,27,0.001,-0.7501563614220121,2744,98
bird2,4,27,0.01,-0.7342890024718792,2744,98
bird2,4,27,0.1,-0.7220859596314292,2744,98
bird2,5,27,0.001,-0.7759483519316758,19208,142
bird2,5,27,0.01,-0.7555527594950497,19208,142
bird2,5,27,0.1,-0.7413324787720582,19208,142
bird2,0,28,0.001,-1.8179013711578442,1,1
bird2,0,28,0.01,-1.8179013943930342,1,1
bird2,0,28,0.1,-1.8179016274080986,1,1
bird2,1,28,0.001,-0.8058059428401291,8,7
bird2,1,28,0.01,-0.8058105831390997,8,7
bird2,1,28,0.1,-0.805859252767871,8,7
bird2,2,28,0.001,-0.7455380448845302,56,25
bird2,2,28,0.01,-0.7436061539278848,56,25
bird2,2,28,0.1,-0.7423142709212682,56,25
bird2,3,28,0.001,-0.756161969242503,392,57
bird2,3,28,0.01,-0.7492597291789288,392,57
bird2,3,28,0.1,-0.7442073581323388,392,57
bird2,4,28,0.001,-0.7732524994103094,2744,107
bird2,4,28,0.01,-0.7546919280703526,2744,107
bird2,4,28,0.1,-0.7415505665860288,2744,107
bird2,5,28,0.001,-0.8208699990598418,19208,169
bird2,5,28,0.01,-0.7892565367637009,19208,169
bird2,5,28,0.1,-0.7662084374162583,19208,169
bird2,0,29,0.001,-1.8297678097402459,1,1
bird2,0,29,0.01,-1.8297677773229162,1,1
bird2,0,29,0.1,-1.829767453849652,1,1
bird2,1,29,0.001,-0.7965688979431685,8,7
bird2,1,29,0.01,-0.7965757475102023,8,7
bird2,1,29,0.1,-0.7966460804192823,8,7
bird2,2,29,0.001,-0.7342650240194377,56,26
bird2,2,29,0.01,-0.732758519261096,56,26
bird2,2,29,0.1,-0.7317709608878686,56,26
bird2,3,29,0.001,-0.7389465440734934,392,56
bird2,3,29,0.01,-0.7323192358476004,392,56
bird2,3,29,0.1,-0.7274923156997114,392,56
bird2,4,29,0.001,-0.7314458332059544,2744,93
bird2,4,29,0.01,-0.7213199935913612,2744,93
bird2,4,29,0.1,-0.7147262216738675,2744,93
bird2,5,29,0.001,-0.759366395452856,19208,139
bird2,5,29,0.01,-0.7435281683651307,19208,139
bird2,5,29,0.1,-0.7331833202770471,19208,139
bird2,0,30,0.001,-1.8246113482311876,1,1
bird2,0,30,0.01,-1.8246113239760227,1,1
bird2,0,30,0.1,-1.8246110821293438,1,1
bird2,1,30,0.001,-0.7999383980431898,8,7
bird2,1,30,0.01,-0.7999435468957815,8,7
bird2,1,30,0.1,-0.7999968509507356,8,7
bird2,2,30,0.001,-0.7315704690697286,56,23
bird2,2,30,0.01,-0.7316394370507782,56,23
bird2,2,30,0.1,-0.7322534931165218,56,23
bird2,3,30,0.001,-0.7316948378528573,392,51
bird2,3,30,0.01,-0.7283788054334026,392,51
bird2,3,30,0.1,-0.7269212511912696,392,51
bird2,4,30,0.001,-0.7244445839626197,2744,96
bird2,4,30,0.01,-0.715291305636884,2744,96
bird2,4,30,0.1,-0.7107519653508209,2744,96
bird2,5,30,0.001,-0.7599848178242966,19208,150
bird2,5,30,0.01,-0.7415861403617743,19208,150
bird2,5,30,0.1,-0.730592376204141,19208,150
bird2,0,31,0.001,-1.8189117885056851,1,1
bird2,0,31,0.01,-1.8189118035146872,1,1
bird2,0,31,0.1,-1.818911954275733,1,1
bird2,1,31,0.001,-0.8008540337418514,8,7
bird2,1,31,0.01,-0.8008599860736783,8,7
bird2,1,31,0.1,-0.8009214995388413,8,7
bird2,2,31,0.001,-0.7494044892966983,56,25
bird2,2,31,0.01,-0.7438464111490062,56,25
bird2,2,31,0.1,-0.738950296050931,56,25
bird2,3,31,0.001,-0.7486641149600588,392,63
bird2,3,31,0.01,-0.7405301039600805,392,63
bird2,3,31,0.1,-0.7341754863801733,392,63
bird2,4,31,0.001,-0.7387392768130048,2744,104
bird2,4,31,0.01,-0.7305815721252005,2744,104
bird2,4,31,0.1,-0.7254580349900637,2744,104
bird2,5,31,0.001,-0.780571643453266,19208,153
bird2,5,31,0.01,-0.7593975832258626,19208,153
bird2,5,31,0.1,-0.7443902111117394,19208,153
bird2,0,32,0.001,-1.8173509691952243,1,1
bird2,0,32,0.01,-1.8173510025736865,1,1
bird2,0,32,0.1,-1.8173513370108891,1,1
bird2,1,32,0.001,-0.8010720577834008,8,7
bird2,1,32,0.01,-0.8006012872433561,8,7
bird2,1,32,0.1,-0.8001725539991816,8,7
bird2,2,32,0.001,-0.7501851954583726,56,29
bird2,2,32,0.01,-0.7467845307386098,56,29
bird2,2,32,0.1,-0.7439685734246544,56,29
bird2,3,32,0.001,-0.7689130642582299,392,68
bird2,3,32,0.01,-0.7584189163300205,392,68
bird2,3,32,0.1,-0.7500302425044826,392,68
bird2,4,32,0.001,-0.7735111941920317,2744,115
bird2,4,32,0.01,-0.7597611874932575,2744,115
bird2,4,32,0.1,-0.7499419936267074,2744,115
bird2,5,32,0.001,-0.8513596964764503,19208,172
bird2,5,32,0.01,-0.8151868937216008,19208,172
bird2,5,32,0.1,-0.7869226564040058,19208,172
bird2,0,33,0.001,-1.817832278393841,1,1
bird2,0,33,0.01,-1.817832287705856,1,1
bird2,0,33,0.1,-1.8178323815091386,1,1
bird2,1,33,0.001,-0.8277347039802578,8,7
bird2,1,33,0.01,-0.8277398688216814,8,7
bird2,1,33,0.1,-0.8277927480845167,8,7
bird2,2,33,0.001,-0.7721877904485122,56,24
bird2,2,33,0.01,-0.7684499900444353,56,24
bird2,2,33,0.1,-0.7652965056569704,56,24
bird2,3,33,0.001,-0.7796624576768969,392,63
bird2,3,33,0.01,-0.7710633266284059,392,63
bird2,3,33,0.1,-0.7647636068107948,392,63
bird2,4,33,0.001,-0.799749130728399,2744,109
bird2,4,33,0.01,-0.780199799422454,2744,109
bird2,4,33,0.1,-0.7655429045191516,2744,109
bird2,5,33,0.001,-0.8305459274836794,19208,168
bird2,5,33,0.01,-0.8022728485995275,19208,168
bird2,5,33,0.1,-0.782610532748113,19208,168
bird2,0,34,0.001,-1.8220158052495377,1,1
bird2,0,34,0.01,-1.8220158145247851,1,1
bird2,0,34,0.1,-1.8220159079468095,1,1
bird2,1,34,0.001,-0.7924781390713765,8,7
bird2,1,34,0.01,-0.7915105588095747,8,7
bird2,1,34,0.1,-0.7906332255037434,8,7
bird2,2,34,0.001,-0.7331087050562202,56,22
bird2,2,34,0.01,-0.730590586720474,56,22
bird2,2,34,0.1,-0.7284918861675412,56,22
bird2,3,34,0.001,-0.7385861250651219,392,50
bird2,3,34,0.01,-0.732068965331029,392,50
bird2,3,34,0.1,-0.7271148571635097,392,50
bird2,4,34,0.001,-0.7304276141140149,2744,86
bird2,4,34,0.01,-0.7222699920069376,2744,86
bird2,4,34,0.1,-0.7170930028463556,2744,86
bird2,5,34,0.001,-0.7521406127686526,19208,126
bird2,5,34,0.01,-0.7411102928809865,19208,126
bird2,5,34,0.1,-0.7350497195054518,19208,126
bird2,0,35,0.001,-1.8259841446953826,1,1
bird2,0,35,0.01,-1.8259841411814859,1,1
bird2,0,35,0.1,-1.8259841067156677,1,1
bird2,1,35,0.001,-0.8266488369365065,8,7
bird2,1,35,0.01,-0.8252275711607326,8,7
bird2,1,35,0.1,-0.8237954851118509,8,7
bird2,2,35,0.001,-0.7665955474294713,56,28
bird2,2,35,0.01,-0.7642381170439523,56,28
bird2,2,35,0.1,-0.7627448269650858,56,28
bird2,3,35,0.001,-0.7875522266546509,392,66
bird2,3,35,0.01,-0.7740413683198847,392,66
bird2,3,35,0.1,-0.7637443903443168,392,66
bird2,4,35,0.001,-0.7943248275242748,2744,119
bird2,4,35,0.01,-0.7749304744651783,2744,119
bird2,4,35,0.1,-0.7608196869941785,2744,119
bird2,5,35,0.001,-0.8490966408859862,19208,180
bird2,5,35,0.01,-0.8157980523740878,19208,180
bird2,5,35,0.1,-0.7902054889193934,19208,180
bird2,0,36,0.001,-1.8218268899865315,1,1
bird2,0,36,0.01,-1.82182689045742,1,1
bird2,0,36,0.1,-1.8218268958483033,1,1
bird2,1,36,0.001,-0.8243795967227932,8,7
bird2,1,36,0.01,-0.8238725827163187,8,7
bird2,1,36,0.1,-0.8233058388498433,8,7
bird2,2,36,0.001,-0.7751738703563497,56,28
bird2,2,36,0.01,-0.7679744088050184,56,28
bird2,2,36,0.1,-0.7620209607881837,56,28
bird2,3,36,0.001,-0.7815560427884588,392,67
bird2,3,36,0.01,-0.769246664610855,392,67
bird2,3,36,0.1,-0.7595895769599476,392,67
bird2,4,36,0.001,-0.7894613088440574,2744,118
bird2,4,36,0.01,-0.770144045958106,2744,118
bird2,4,36,0.1,-0.7559072190228653,2744,118
bird2,5,36,0.001,-0.8236789915419014,19208,185
bird2,5,36,0.01,-0.7968022985033756,19208,185
bird2,5,36,0.1,-0.777962121882744,19208,185
bird2,0,37,0.001,-1.823586141092029,1,1
bird2,0,37,0.01,-1.8235861600588572,1,1
bird2,0,37,0.1,-1.8235863503796237,1,1
bird2,1,37,0.001,-0.817878632324248,8,7
bird2,1,37,0.01,-0.8174164189692067,8,7
bird2,1,37,0.1,-0.8169992514745565,8,7
bird2,2,37,0.001,-0.7597604773089756,56,28
bird2,2,37,0.01,-0.756912613806726,56,28
bird2,2,37,0.1,-0.7547311052402154,56,28
bird2,3,37,0.001,-0.7760043569019537,392,64
bird2,3,37,0.01,-0.7672195789944987,392,64
bird2,3,37,0.1,-0.7605800431037916,392,64
bird2,4,37,0.001,-0.7991649307506665,2744,119
bird2,4,37,0.01,-0.7783259665872486,2744,119
bird2,4,37,0.1,-0.7626116652569754,2744,119
bird2,5,37,0.001,-0.8710333699985306,19208,183
bird2,5,37,0.01,-0.828308391957024,19208,183
bird2,5,37,0.1,-0.7952583388654826,19208,183
bird2,0,38,0.001,-1.8224870585267856,1,1
bird2,0,38,0.01,-1.8224870742895611,1,1
bird2,0,38,0.1,-1.8224872325753778,1,1
bird2,1,38,0.001,-0.782452907990258,8,7
bird2,1,38,0.01,-0.7824629611340844,8,7
bird2,1,38,0.1,-0.7825643270883935,8,7
bird2,2,38,0.001,-0.7254393164891173,56,26
bird2,2,38,0.01,-0.7235507570564211,56,26
bird2,2,38,0.1,-0.7222181934888791,56,26
bird2,3,38,0.001,-0.7324391172145617,392,56
bird2,3,38,0.01,-0.7272754723701481,392,56
bird2,3,38,0.1,-0.7235364956283393,392,56
bird2,4,38,0.001,-0.7469263385060737,2744,99
bird2,4,38,0.01,-0.7310199899672473,2744,99
bird2,4,38,0.1,-0.7184873191503037,2744,99
bird2,5,38,0.001,-0.77300132088242,19208,149
bird2,5,38,0.01,-0.751555789515116,19208,149
bird2,5,38,0.1,-0.7354783595491706,19208,149
bird2,0,39,0.001,-1.8237954360374933,1,1
bird2,0,39,0.01,-1.8237954251726558,1,1
bird2,0,39,0.1,-1.823795317212836,1,1
bird2,1,39,0.001,-0.7858219143503475,8,7
bird2,1,39,0.01,-0.7853329921489074,8,7
bird2,1,39,0.1,-0.7848934224222135,8,7
bird2,2,39,0.001,-0.724108248397081,56,24
bird2,2,39,0.01,-0.7210646041115434,56,24
bird2,2,39,0.1,-0.7186458796763338,56,24
bird2,3,39,0.001,-0.7247593354951343,392,53
bird2,3,39,0.01,-0.7203429519761624,392,53
bird2,3,39,0.1,-0.7171675666630934,392,53
bird2,4,39,0.001,-0.7279261865713218,2744,91
bird2,4,39,0.01,-0.7177310372850869,2744,91
bird2,4,39,0.1,-0.7108202278654892,2744,91
bird2,5,39,0.001,-0.7580937583648124,19208,135
bird2,5,39,0.01,-0.7398633035024558,19208,135
bird2,5,39,0.1,-0.7284219192329348,19208,135
bird2,0,40,0.001,-1.8288136040575667,1,1
bird2,0,40,0.01,-1.828813576962264,1,1
bird2,0,40,0.1,-1.8288133067040742,1,1
bird2,1,40,0.001,-0.8309657812341208,8,7
bird2,1,40,0.01,-0.828486904388896,8,7
bird2,1,40,0.1,-0.8259635552540614,8,7
bird2,2,40,0.001,-0.7758109187565475,56,29
bird2,2,40,0.01,-0.7686861315300151,56,29
bird2,2,40,0.1,-0.7625906034272788,56,29
bird2,3,40,0.001,-0.7938583012645785,392,69
bird2,3,40,0.01,-0.7783000171608603,392,69
bird2,3,40,0.1,-0.7655490234753898,392,69
bird2,4,40,0.001,-0.8024554622408574,2744,131
bird2,4,40,0.01,-0.7809676562988882,2744,131
bird2,4,40,0.1,-0.7642734959967779,2744,131
bird2,5,40,0.001,-0.8501014480101504,19208,196
bird2,5,40,0.01,-0.8175106085677419,19208,196
bird2,5,40,0.1,-0.7922123752613704,19208,196
bird2,0,41,0.001,-1.8343169917238007,1,1
bird2,0,41,0.01,-1.8343169329579192,1,1
bird2,0,41,0.1,-1.8343163460164351,1,1
bird2,1,41,0.001,-0.7941725988964926,8,7
bird2,1,41,0.01,-0.7936825815984188,8,7
bird2,1,41,0.1,-0.7932082353478149,8,7
bird2,2,41,0.001,-0.7304746530609593,56,25
bird2,2,41,0.01,-0.7274850461151485,56,25
bird2,2,41,0.1,-0.7252711859461886,56,25
bird2,3,41,0.001,-0.7437484518505617,392,59
bird2,3,41,0.01,-0.7327865847353151,392,59
bird2,3,41,0.1,-0.72421129069555,392,59
bird2,4,41,0.001,-0.7431885702057472,2744,106
bird2,4,41,0.01,-0.7270019772579763,2744,106
bird2,4,41,0.1,-0.7149302620933141,2744,106
bird2,5,41,0.001,-0.7711500479828892,19208,154
bird2,5,41,0.01,-0.7520569080559247,19208,154
bird2,5,41,0.1,-0.7386767661023377,19208,154
bird2,0,42,0.001,-1.8214463756023591,1,1
bird2,0,42,0.01,-1.8214463826379528,1,1
bird2,0,42,0.1,-1.8214464536663286,1,1
bird2,1,42,0.001,-0.7930818565596335,8,7
bird2,1,42,0.01,-0.7930888752346122,8,7
bird2,1,42,0.1,-0.793160802355635,8,7
bird2,2,42,0.001,-0.7349902780964023,56,27
bird2,2,42,0.01,-0.7335292870009001,56,27
bird2,2,42,0.1,-0.7326456028169591,56,27
bird2,3,42,0.001,-0.7388669052012351,392,61
bird2,3,42,0.01,-0.7335478047910101,392,61
bird2,3,42,0.1,-0.7301904835885188,392,61
bird2,4,42,0.001,-0.7470890196090931,2744,111
bird2,4,42,0.01,-0.7331134429100442,2744,111
bird2,4,42,0.1,-0.7235471919003903,2744,111
bird2,5,42,0.001,-0.7897908367382058,19208,168
bird2,5,42,0.01,-0.7650703883205102,19208,168
bird2,5,42,0.1,-0.747793044263704,19208,168
bird2,0,43,0.001,-1.8185122528555802,1,1
bird2,0,43,0.01,-1.8185122747073983,1,1
bird2,0,43,0.1,-1.8185124938893726,1,1
bird2,1,43,0.001,-0.7902617302480329,8,7
bird2,1,43,0.01,-0.7893040362008551,8,7
bird2,1,43,0.1,-0.7884163803666872,8,7
bird2,2,43,0.001,-0.7314433500779773,56,23
bird2,2,43,0.01,-0.7284718610684275,56,23
bird2,2,43,0.1,-0.7260040269916709,56,23
bird2,3,43,0.001,-0.7396489324668242,392,54
bird2,3,43,0.01,-0.7304895073461091,392,54
bird2,3,43,0.1,-0.723239886418287,392,54
bird2,4,43,0.001,-0.7446043876810788,2744,95
bird2,4,43,0.01,-0.7328390048634895,2744,95
bird2,4,43,0.1,-0.7243266350018097,2744,95
bird2,5,43,0.001,-0.7778891418196774,19208,142
bird2,5,43,0.01,-0.7587056474801318,19208,142
bird2,5,43,0.1,-0.7461685347232475,19208,142
bird2,0,44,0.001,-1.8265018832578195,1,1
bird2,0,44,0.01,-1.8265018669185729,1,1
bird2,0,44,0.1,-1.82650170421328,1,1
bird2,1,44,0.001,-0.8167616643210189,8,7
bird2,1,44,0.01,-0.8143086376551256,8,7
bird2,1,44,0.1,-0.8118431574432028,8,7
bird2,2,44,0.001,-0.7700424570914467,56,28
bird2,2,44,0.01,-0.7609461034334597,56,28
bird2,2,44,0.1,-0.7530192733931885,56,28
bird2,3,44,0.001,-0.7779695611321742,392,70
bird2,3,44,0.01,-0.764205877448044,392,70
bird2,3,44,0.1,-0.7528572549176423,392,70
bird2,4,44,0.001,-0.7657645721803794,2744,123
bird2,4,44,0.01,-0.7514326638734011,2744,123
bird2,4,44,0.1,-0.7409622826697829,2744,123
bird2,5,44,0.001,-0.8096083901657163,19208,184
bird2,5,44,0.01,-0.7854460367690755,19208,184
bird2,5,44,0.1,-0.7675391725074031,19208,184
bird2,0,45,0.001,-1.811494069805205,1,1
bird2,0,45,0.01,-1.811494110275165,1,1
bird2,0,45,0.1,-1.811494515635746,1,1
bird2,1,45,0.001,-0.805872046000228,8,7
bird2,1,45,0.01,-0.8053755689955626,8,7
bird2,1,45,0.1,-0.8049225786993088,8,7
bird2,2,45,0.001,-0.7390490800528031,56,27
bird2,2,45,0.01,-0.7375409161238579,56,27
bird2,2,45,0.1,-0.7366935759103536,56,27
bird2,3,45,0.001,-0.7438240897370417,392,61
bird2,3,45,0.01,-0.7371124585071002,392,61
bird2,3,45,0.1,-0.7325764861667322,392,61
bird2,4,45,0.001,-0.7576319192681217,2744,109
bird2,4,45,0.01,-0.7428665210545105,2744,109
bird2,4,45,0.1,-0.732979497403483,2744,109
bird2,5,45,0.001,-0.7994941858535338,19208,163
bird2,5,45,0.01,-0.7751919193349189,19208,163
bird2,5,45,0.1,-0.7591423880312732,19208,163
bird2,0,46,0.001,-1.8282519536151847,1,1
bird2,0,46,0.01,-1.8282519387932679,1,1
bird2,0,46,0.1,-1.8282517912544551,1,1
bird2,1,46,0.001,-0.7999288696984926,8,7
bird2,1,46,0.01,-0.7999362703285687,8,7
bird2,1,46,0.1,-0.8000119824799116,8,7
bird2,2,46,0.001,-0.7367240675231119,56,22
bird2,2,46,0.01,-0.7332747030069465,56,22
bird2,2,46,0.1,-0.7305764302019061,56,22
bird2,3,46,0.001,-0.7329119454694719,392,51
bird2,3,46,0.01,-0.7286892783780623,392,51
bird2,3,46,0.1,-0.7259795896558865,392,51
bird2,4,46,0.001,-0.7349476321606503,2744,91
bird2,4,46,0.01,-0.7257347941217127,2744,91
bird2,4,46,0.1,-0.7198298343864169,2744,91
bird2,5,46,0.001,-0.7733123078592833,19208,141
bird2,5,46,0.01,-0.7512163367470127,19208,141
bird2,5,46,0.1,-0.7352720655445208,19208,141
bird2,0,47,0.001,-1.823102376487092,1,1
bird2,0,47,0.01,-1.8231023655169227,1,1
bird2,0,47,0.1,-1.823102256508067,1,1
bird2,1,47,0.001,-0.8333017223965875,8,7
bird2,1,47,0.01,-0.831781928429209,8,7
bird2,1,47,0.1,-0.8302520779814723,8,7
bird2,2,47,0.001,-0.7772294667468398,56,27
bird2,2,47,0.01,-0.7709762457134821,56,27
bird2,2,47,0.1,-0.7655795907551116,56,27
bird2,3,47,0.001,-0.7910821754789155,392,68
bird2,3,47,0.01,-0.7780864071663903,392,68
bird2,3,47,0.1,-0.767986628040846,392,68
bird2,4,47,0.001,-0.8235679223434381,2744,121
bird2,4,47,0.01,-0.7942877660195509,2744,121
bird2,4,47,0.1,-0.7712960377067757,2744,121
bird2,5,47,0.001,-0.8537586838981578,19208,183
bird2,5,47,0.01,-0.8169521191500808,19208,183
bird2,5,47,0.1,-0.7888350278893765,19208,183
bird2,0,48,0.001,-1.8245346252516947,1,1
bird2,0,48,0.01,-1.824534621122693,1,1
bird2,0,48,0.1,-1.8245345805115603,1,1
bird2,1,48,0.001,-0.7971249935668587,8,7
bird2,1,48,0.01,-0.7966486755526032,8,7
bird2,1,48,0.1,-0.7962297087350295,8,7
bird2,2,48,0.001,-0.7390187410328657,56,28
bird2,2,48,0.01,-0.7345349902325575,56,28
bird2,2,48,0.1,-0.7307236528364085,56,28
bird2,3,48,0.001,-0.7432512146835765,392,61
bird2,3,48,0.01,-0.7357016811042558,392,61
bird2,3,48,0.1,-0.7296401388578183,392,61
bird2,4,48,0.001,-0.7634216149131531,2744,102
bird2,4,48,0.01,-0.7444655881779823,2744,102
bird2,4,48,0.1,-0.7294509066854825,2744,102
bird2,5,48,0.001,-0.7739733246707395,19208,151
bird2,5,48,0.01,-0.7510993009552258,19208,151
bird2,5,48,0.1,-0.7356096096287866,19208,151
bird2,0,49,0.001,-1.8280712231790934,1,1
bird2,0,49,0.01,-1.8280712117698945,1,1
bird2,0,49,0.1,-1.8280710983535384,1,1
bird2,1,49,0.001,-0.8247477974628751,8,7
bird2,1,49,0.01,-0.8237926067668122,8,7
bird2,1,49,0.1,-0.8226800877485566,8,7
bird2,2,49,0.001,-0.7843478615739723,56,29
bird2,2,49,0.01,-0.7747217184702407,56,29
bird2,2,49,0.1,-0.7667781121327816,56,29
bird2,3,49,0.001,-0.8047332693244622,392,74
bird2,3,49,0.01,-0.7848114878015887,392,74
bird2,3,49,0.1,-0.7684332128306223,392,74
bird2,4,49,0.001,-0.8168681887090369,2744,134
bird2,4,49,0.01,-0.7913943587225255,2744,134
bird2,4,49,0.1,-0.7709709841293556,2744,134
bird2,5,49,0.001,-0.8556528202514077,19208,196
bird2,5,49,0.01,-0.8203101949779398,19208,196
bird2,5,49,0.1,-0.7923011302792144,19208,196
bird2,0,50,0.001,-1.8109488321245237,1,1
bird2,0,50,0.01,-1.8109488855869413,1,1
bird2,0,50,0.1,-1.8109494208583217,1,1
bird2,1,50,0.001,-0.7893683622100469,8,7
bird2,1,50,0.01,-0.7893801956227693,8,7
bird2,1,50,0.1,-0.7894988367832734,8,7
bird2,2,50,0.001,-0.730497507645271,56,21
bird2,2,50,0.01,-0.730024873161048,56,21
bird2,2,50,0.1,-0.7298716099112804,56,21
bird2,3,50,0.001,-0.7268941116935341,392,51
bird2,3,50,0.01,-0.7248392632034004,392,51
bird2,3,50,0.1,-0.7240755165999091,392,51
bird2,4,50,0.001,-0.7312657771259388,2744,96
bird2,4,50,0.01,-0.7237646563418539,2744,96
bird2,4,50,0.1,-0.7196659121759056,2744,96
bird2,5,50,0.001,-0.7698742728492685,19208,151
bird2,5,50,0.01,-0.7506436875571953,19208,151
bird2,5,50,0.1,-0.7384403421235962,19208,151
bird4,0,1,0.001,-1.256402201297924,1,1
bird4,0,1,0.01,-1.2564021917041939,1,1
bird4,0,1,0.1,-1.2564020958964406,1,1
bird4,1,1,0.001,-0.5632076938370892,5,4
bird4,1,1,0.01,-0.5632075454424149,5,4
bird4,1,1,0.1,-0.5632060911314342,5,4
bird4,2,1,0.001,-0.5464720917902233,20,12
bird4,2,1,0.01,-0.5464731753643282,20,12
bird4,2,1,0.1,-0.5464841934694864,20,12
bird4,3,1,0.001,-0.5379973302694091,80,31
bird4,3,1,0.01,-0.5376024952219881,80,31
bird4,3,1,0.1,-0.5372839926042712,80,31
bird4,4,1,0.001,-0.5407121803678947,320,58
bird4,4,1,0.01,-0.5384160100297671,320,58
bird4,4,1,0.1,-0.5364202693842732,320,58
bird4,5,1,0.001,-0.5849556082477924,1280,97
bird4,5,1,0.01,-0.5778010213533892,1280,97
bird4,5,1,0.1,-0.571486885944122,1280,97
bird4,0,2,0.001,-1.2504730030641387,1,1
bird4,0,2,0.01,-1.250472998915065,1,1
bird4,0,2,0.1,-1.2504729575526534,1,1
bird4,1,2,0.001,-0.555436154913541,5,4
bird4,1,2,0.01,-0.5554362702361901,5,4
bird4,1,2,0.1,-0.5554374406273727,5,4
bird4,2,2,0.001,-0.5393243382630172,20,12
bird4,2,2,0.01,-0.5391377167310761,20,12
bird4,2,2,0.1,-0.5389622384683643,20,12
bird4,3,2,0.001,-0.5288079000078322,80,29
bird4,3,2,0.01,-0.5284161742267465,80,29
bird4,3,2,0.1,-0.528080849998673,80,29
bird4,4,2,0.001,-0.5311550286059464,320,54
bird4,4,2,0.01,-0.5284557852746479,320,54
bird4,4,2,0.1,-0.5260729482855787,320,54
bird4,5,2,0.001,-0.5609865509202991,1280,92
bird4,5,2,0.01,-0.5559435745453468,1280,92
bird4,5,2,0.1,-0.551806934030814,1280,92
bird4,0,3,0.001,-1.2476334868693348,1,1
bird4,0,3,0.01,-1.247633485349101,1,1
bird4,0,3,0.1,-1.247633470273816,1,1
bird4,1,3,0.001,-0.5573762650609612,5,4
bird4,1,3,0.01,-0.5573759440011968,5,4
bird4,1,3,0.1,-0.5573727681911104,5,4
bird4,2,3,0.001,-0.5393217217887545,20,12
bird4,2,3,0.01,-0.5389501969189876,20,12
bird4,2,3,0.1,-0.5385759957280047,20,12
bird4,3,3,0.001,-0.530099276310926,80,32
bird4,3,3,0.01,-0.5291212255089554,80,32
bird4,3,3,0.1,-0.5281918906754873,80,32
bird4,4,3,0.001,-0.533463788958564,320,62
bird4,4,3,0.01,-0.5305923436650312,320,62
bird4,4,3,0.1,-0.5280391106034091,320,62
bird4,5,3,0.001,-0.5631352184097356,1280,101
bird4,5,3,0.01,-0.5572073783327344,1280,101
bird4,5,3,0.1,-0.5522098712499495,1280,101
bird4,0,4,0.001,-1.243992926235985,1,1
bird4,0,4,0.01,-1.2439929408123471,1,1
bird4,0,4,0.1,-1.2439930866940452,1,1
bird4,1,4,0.001,-0.5510309512065718,5,4
bird4,1,4,0.01,-0.5510309057259152,5,4
bird4,1,4,0.1,-0.5510304894376021,5,4
bird4,2,4,0.001,-0.5284320177636329,20,12
bird4,2,4,0.01,-0.5284317375808871,20,12
bird4,2,4,0.1,-0.5284300213124025,20,12
bird4,3,4,0.001,-0.522944283761584,80,28
bird4,3,4,0.01,-0.5220355552764958,80,28
bird4,3,4,0.1,-0.5211746941263006,80,28
bird4,4,4,0.001,-0.526034854090515,320,56
bird4,4,4,0.01,-0.5230171905098722,320,56
bird4,4,4,0.1,-0.5203721177002342,320,56
bird4,5,4,0.001,-0.5686028385467579,1280,92
bird4,5,4,0.01,-0.559047339230758,1280,92
bird4,5,4,0.1,-0.5504278256828812,1280,92
bird4,0,5,0.001,-1.2572362568434927,1,1
bird4,0,5,0.01,-1.2572362496675522,1,1
bird4,0,5,0.1,-1.2572361780342953,1,1
bird4,1,5,0.001,-0.5632898190507072,5,4
bird4,1,5,0.01,-0.5632895187250254,5,4
bird4,1,5,0.1,-0.5632865730076898,5,4
bird4,2,5,0.001,-0.5456915258190331,20,12
bird4,2,5,0.01,-0.5453231116388878,20,12
bird4,2,5,0.1,-0.544935754297475,20,12
bird4,3,5,0.001,-0.5498822164757103,80,34
bird4,3,5,0.01,-0.5448901485898494,80,34
bird4,3,5,0.1,-0.5403701700994865,80,34
bird4,4,5,0.001,-0.5453753272924192,320,70
bird4,4,5,0.01,-0.5409638032758142,320,70
bird4,4,5,0.1,-0.5371652203381944,320,70
bird4,5,5,0.001,-0.5755962963271346,1280,109
bird4,5,5,0.01,-0.5697614576053095,1280,109
bird4,5,5,0.1,-0.5649127252220899,1280,109
bird4,0,6,0.001,-1.2427151193435664,1,1
bird4,0,6,0.01,-1.242715123593473,1,1
bird4,0,6,0.1,-1.2427151662174674,1,1
bird4,1,6,0.001,-0.5558017112697968,5,4
bird4,1,6,0.01,-0.5558013919860731,5,4
bird4,1,6,0.1,-0.5557982339762468,5,4
bird4,2,6,0.001,-0.5391891545117183,20,12
bird4,2,6,0.01,-0.5388186588673719,20,12
bird4,2,6,0.1,-0.538444356911889,20,12
bird4,3,6,0.001,-0.5309968024501808,80,33
bird4,3,6,0.01,-0.5302181876716646,80,33
bird4,3,6,0.1,-0.5294889673039028,80,33
bird4,4,6,0.001,-0.5312662918256059,320,64
bird4,4,6,0.01,-0.5288379958336346,320,64
bird4,4,6,0.1,-0.5267076876380983,320,64
bird4,5,6,0.001,-0.571501121075726,1280,105
bird4,5,6,0.01,-0.5653104880965965,1280,105
bird4,5,6,0.1,-0.559949872843455,1280,105
bird4,0,7,0.001,-1.2457771626428633,1,1
bird4,0,7,0.01,-1.2457771528710724,1,1
bird4,0,7,0.1,-1.2457770552882126,1,1
bird4,1,7,0.001,-0.5521271341000789,5,4
bird4,1,7,0.01,-0.5521268597113711,5,4
bird4,1,7,0.1,-0.5521241429848018,5,4
bird4,2,7,0.001,-0.5309506553551588,20,12
bird4,2,7,0.01,-0.5309502640146107,20,12
bird4,2,7,0.1,-0.5309469171351674,20,12
bird4,3,7,0.001,-0.5210363047979417,80,31
bird4,3,7,0.01,-0.5206185537007727,80,31
bird4,3,7,0.1,-0.5202603193382912,80,31
bird4,4,7,0.001,-0.5203105274351245,320,61
bird4,4,7,0.01,-0.5185478980914512,320,61
bird4,4,7,0.1,-0.5171318277612295,320,61
bird4,5,7,0.001,-0.5650534603829549,1280,101
bird4,5,7,0.01,-0.5563750932989677,1280,101
bird4,5,7,0.1,-0.5487480465805196,1280,101
bird4,0,8,0.001,-1.257172182243502,1,1
bird4,0,8,0.01,-1.2571721730156205,1,1
bird4,0,8,0.1,-1.257172080864834,1,1
bird4,1,8,0.001,-0.5558534843907791,5,4
bird4,1,8,0.01,-0.5558536109912269,5,4
bird4,1,8,0.1,-0.5558548969859947,5,4
bird4,2,8,0.001,-0.5376950522998304,20,12
bird4,2,8,0.01,-0.5371349901650843,20,12
bird4,2,8,0.1,-0.5365868503682596,20,12
bird4,3,8,0.001,-0.5302937969755159,80,32
bird4,3,8,0.01,-0.5293082771049481,80,32
bird4,3,8,0.1,-0.5283801017876842,80,32
bird4,4,8,0.001,-0.5287014590453042,320,61
bird4,4,8,0.01,-0.5268458197631353,320,61
bird4,4,8,0.1,-0.5251793199282646,320,61
bird4,5,8,0.001,-0.5588115396974791,1280,97
bird4,5,8,0.01,-0.5547474394881805,1280,97
bird4,5,8,0.1,-0.5512295025095554,1280,97
bird4,0,9,0.001,-1.2508676992617853,1,1
bird4,0,9,0.01,-1.2508676957164369,1,1
bird4,0,9,0.1,-1.2508676603903406,1,1
bird4,1,9,0.001,-0.5641826225017053,5,4
bird4,1,9,0.01,-0.5641820263898094,5,4
bird4,1,9,0.1,-0.5641761079619015,5,4
bird4,2,9,0.001,-0.5442466645068061,20,12
bird4,2,9,0.01,-0.5440590341160397,20,12
bird4,2,9,0.1,-0.5438638452568041,20,12
bird4,3,9,0.001,-0.5385166654216249,80,32
bird4,3,9,0.01,-0.5373408229156458,80,32
bird4,3,9,0.1,-0.5362915834831707,80,32
bird4,4,9,0.001,-0.5400348121921283,320,67
bird4,4,9,0.01,-0.5367609757609464,320,67
bird4,4,9,0.1,-0.5339780743009193,320,67
bird4,5,9,0.001,-0.5767381431369955,1280,113
bird4,5,9,0.01,-0.5693550369751759,1280,113
bird4,5,9,0.1,-0.5630485614361103,1280,113
bird4,0,10,0.001,-1.2386584631514637,1,1
bird4,0,10,0.01,-1.2386584721149445,1,1
bird4,0,10,0.1,-1.2386585618747328,1,1
bird4,1,10,0.001,-0.5552715475783073,5,4
bird4,1,10,0.01,-0.555271354827643,5,4
bird4,1,10,0.1,-0.555269455446366,5,4
bird4,2,10,0.001,-0.536569141853069,20,12
bird4,2,10,0.01,-0.5363825225698886,20,12
bird4,2,10,0.1,-0.5361824721471253,20,12
bird4,3,10,0.001,-0.5352358346075732,80,33
bird4,3,10,0.01,-0.5323193509229045,80,33
bird4,3,10,0.1,-0.5295830225549774,80,33
bird4,4,10,0.001,-0.5376101994388649,320,72
bird4,4,10,0.01,-0.5327081939374618,320,72
bird4,4,10,0.1,-0.5283034644316894,320,72
bird4,5,10,0.001,-0.5661496936031672,1280,117
bird4,5,10,0.01,-0.5595452456953507,1280,117
bird4,5,10,0.1,-0.5538122522872483,1280,117
bird4,0,11,0.001,-1.2530286183495465,1,1
bird4,0,11,0.01,-1.2530286157766202,1,1
bird4,0,11,0.1,-1.253028590173526,1,1
bird4,1,11,0.001,-0.5611101941509179,5,4
bird4,1,11,0.01,-0.5611101741440632,5,4
bird4,1,11,0.1,-0.5611100022110181,5,4
bird4,2,11,0.001,-0.5384172903968397,20,12
bird4,2,11,0.01,-0.538233512047869,20,12
bird4,2,11,0.1,-0.5380510860578068,20,12
bird4,3,11,0.001,-0.5314579560958501,80,30
bird4,3,11,0.01,-0.5304902664060325,80,30
bird4,3,11,0.1,-0.529591448101702,80,30
bird4,4,11,0.001,-0.5308415934307116,320,61
bird4,4,11,0.01,-0.5282304302824552,320,61
bird4,4,11,0.1,-0.525977897750017,320,61
bird4,5,11,0.001,-0.561866542879708,1280,105
bird4,5,11,0.01,-0.557194321411668,1280,105
bird4,5,11,0.1,-0.5533460660105404,1280,105
bird4,0,12,0.001,-1.2491982605236935,1,1
bird4,0,12,0.01,-1.2491982644263062,1,1
bird4,0,12,0.1,-1.2491983035756191,1,1
bird4,1,12,0.001,-0.5531002554417679,5,4
bird4,1,12,0.01,-0.5531002896684254,5,4
bird4,1,12,0.1,-0.5531006684527112,5,4
bird4,2,12,0.001,-0.5377310833712111,20,12
bird4,2,12,0.01,-0.5377303009650833,20,12
bird4,2,12,0.1,-0.5377232020759789,20,12
bird4,3,12,0.001,-0.5363531507939805,80,32
bird4,3,12,0.01,-0.5340515522498589,80,32
bird4,3,12,0.1,-0.5318762583833564,80,32
bird4,4,12,0.001,-0.5414887860221351,320,63
bird4,4,12,0.01,-0.5364714361887117,320,63
bird4,4,12,0.1,-0.5320435502655412,320,63
bird4,5,12,0.001,-0.572339631217893,1280,105
bird4,5,12,0.01,-0.56624949984412,1280,105
bird4,5,12,0.1,-0.5609185702839667,1280,105
bird4,0,13,0.001,-1.2487744509406382,1,1
bird4,0,13,0.01,-1.2487744535518348,1,1
bird4,0,13,0.1,-1.2487744797874887,1,1
bird4,1,13,0.001,-0.5528803838000931,5,4
bird4,1,13,0.01,-0.5528801423671207,5,4
bird4,1,13,0.1,-0.5528777846302008,5,4
bird4,2,13,0.001,-0.5303240456377263,20,12
bird4,2,13,0.01,-0.5294280711027374,20,12
bird4,2,13,0.1,-0.5285362521472837,20,12
bird4,3,13,0.001,-0.5222666392186026,80,32
bird4,3,13,0.01,-0.5209440245226561,80,32
bird4,3,13,0.1,-0.5196817601588507,80,32
bird4,4,13,0.001,-0.5212211918808145,320,59
bird4,4,13,0.01,-0.5194537261802115,320,59
bird4,4,13,0.1,-0.5178577009385051,320,59
bird4,5,13,0.001,-0.5526777278297093,1280,93
bird4,5,13,0.01,-0.5497186055225682,1280,93
bird4,5,13,0.1,-0.5473094561468242,1280,93
bird4,0,14,0.001,-1.2394230773152366,1,1
bird4,0,14,0.01,-1.2394230864691287,1,1
bird4,0,14,0.1,-1.2394231781330276,1,1
bird4,1,14,0.001,-0.5517299746581703,5,4
bird4,1,14,0.01,-0.5517298622637573,5,4
bird4,1,14,0.1,-0.5517287620414579,5,4
bird4,2,14,0.001,-0.5332859837099928,20,12
bird4,2,14,0.01,-0.5331004656052979,20,12
bird4,2,14,0.1,-0.5329204995423129,20,12
bird4,3,14,0.001,-0.5251254803186696,80,30
bird4,3,14,0.01,-0.524934980517161,80,30
bird4,3,14,0.1,-0.524804907295345,80,30
bird4,4,14,0.001,-0.5343943810356476,320,57
bird4,4,14,0.01,-0.529296482870905,320,57
bird4,4,14,0.1,-0.5248176613083414,320,57
bird4,5,14,0.001,-0.5659400131488752,1280,101
bird4,5,14,0.01,-0.5588426652610001,1280,101
bird4,5,14,0.1,-0.5528287984997837,1280,101
bird4,0,15,0.001,-1.2514992554262192,1,1
bird4,0,15,0.01,-1.2514992569727539,1,1
bird4,0,15,0.1,-1.2514992725620566,1,1
bird4,1,15,0.001,-0.5686693591169981,5,4
bird4,1,15,0.01,-0.5686683767048405,5,4
bird4,1,15,0.1,-0.5686586249771168,5,4
bird4,2,15,0.001,-0.5505504857936009,20,12
bird4,2,15,0.01,-0.5498180547334317,20,12
bird4,2,15,0.1,-0.5490679511128214,20,12
bird4,3,15,0.001,-0.5446420562534992,80,35
bird4,3,15,0.01,-0.5423310877684657,80,35
bird4,3,15,0.1,-0.5401144310221193,80,35
bird4,4,15,0.001,-0.5522570818728372,320,75
bird4,4,15,0.01,-0.5462434245549983,320,75
bird4,4,15,0.1,-0.5409887359093571,320,75
bird4,5,15,0.001,-0.5896828167542806,1280,125
bird4,5,15,0.01,-0.5799553394798993,1280,125
bird4,5,15,0.1,-0.5715631995198096,1280,125
bird4,0,16,0.001,-1.2422357593659565,1,1
bird4,0,16,0.01,-1.2422357726213622,1,1
bird4,0,16,0.1,-1.2422359052949463,1,1
bird4,1,16,0.001,-0.556615786155432,5,4
bird4,1,16,0.01,-0.5566158876343836,5,4
bird4,1,16,0.1,-0.55661691875786,5,4
bird4,2,16,0.001,-0.5344350204592355,20,12
bird4,2,16,0.01,-0.5342586164304326,20,12
bird4,2,16,0.1,-0.5340728765707808,20,12
bird4,3,16,0.001,-0.5273597795770971,80,30
bird4,3,16,0.01,-0.5266265565911517,80,30
bird4,3,16,0.1,-0.5259806547334603,80,30
bird4,4,16,0.001,-0.5343580367066413,320,58
bird4,4,16,0.01,-0.5293386665201336,320,58
bird4,4,16,0.1,-0.5248674175842966,320,58
bird4,5,16,0.001,-0.5665785708724315,1280,101
bird4,5,16,0.01,-0.5581811865556565,1280,101
bird4,5,16,0.1,-0.5508779424906112,1280,101
bird4,0,17,0.001,-1.2616163944600483,1,1
bird4,0,17,0.01,-1.261616392892069,1,1
bird4,0,17,0.1,-1.261616377332807,1,1
bird4,1,17,0.001,-0.5564002465954128,5,4
bird4,1,17,0.01,-0.5564003556085092,5,4
bird4,1,17,0.1,-0.5564014686400399,5,4
bird4,2,17,0.001,-0.5365623924955117,20,12
bird4,2,17,0.01,-0.5360435036827905,20,12
bird4,2,17,0.1,-0.5355383620054041,20,12
bird4,3,17,0.001,-0.5322956760205988,80,33
bird4,3,17,0.01,-0.5311975335957598,80,33
bird4,3,17,0.1,-0.5301550169585785,80,33
bird4,4,17,0.001,-0.5367548814387092,320,64
bird4,4,17,0.01,-0.5329635057368048,320,64
bird4,4,17,0.1,-0.5297955748393546,320,64
bird4,5,17,0.001,-0.5644744908279002,1280,105
bird4,5,17,0.01,-0.5590381591971311,1280,105
bird4,5,17,0.1,-0.5546614304766988,1280,105
bird4,0,18,0.001,-1.2619654882343383,1,1
bird4,0,18,0.01,-1.2619654802766933,1,1
bird4,0,18,0.1,-1.261965400825107,1,1
bird4,1,18,0.001,-0.566413946505166,5,4
bird4,1,18,0.01,-0.5664139025989268,5,4
bird4,1,18,0.1,-0.5664134922962192,5,4
bird4,2,18,0.001,-0.546890424925351,20,12
bird4,2,18,0.01,-0.5467084040994551,20,12
bird4,2,18,0.1,-0.5465205094571423,20,12
bird4,3,18,0.001,-0.5443114329391191,80,33
bird4,3,18,0.01,-0.5435477644745373,80,33
bird4,3,18,0.1,-0.5428638343624967,80,33
bird4,4,18,0.001,-0.5499564181358557,320,66
bird4,4,18,0.01,-0.5455915926097531,320,66
bird4,4,18,0.1,-0.5418485695871073,320,66
bird4,5,18,0.001,-0.5802345564303815,1280,111
bird4,5,18,0.01,-0.5740866860355799,1280,111
bird4,5,18,0.1,-0.569154498769611,1280,111
bird4,0,19,0.001,-1.2614618699362885,1,1
bird4,0,19,0.01,-1.2614618562227085,1,1
bird4,0,19,0.1,-1.2614617192165682,1,1
bird4,1,19,0.001,-0.5589313082262974,5,4
bird4,1,19,0.01,-0.5589311199367489,5,4
bird4,1,19,0.1,-0.5589292668317054,5,4
bird4,2,19,0.001,-0.5423643148799269,20,12
bird4,2,19,0.01,-0.5423641679869902,20,12
bird4,2,19,0.1,-0.5423631836641647,20,12
bird4,3,19,0.001,-0.5330821596474812,80,31
bird4,3,19,0.01,-0.53288600967518,80,31
bird4,3,19,0.1,-0.5327367706710796,80,31
bird4,4,19,0.001,-0.5375432907050353,320,61
bird4,4,19,0.01,-0.5343957385035351,320,61
bird4,4,19,0.1,-0.5315623126336286,320,61
bird4,5,19,0.001,-0.5659449919048708,1280,98
bird4,5,19,0.01,-0.5599072806034678,1280,98
bird4,5,19,0.1,-0.5547346890311052,1280,98
bird4,0,20,0.001,-1.2466818477976351,1,1
bird4,0,20,0.01,-1.2466818528652066,1,1
bird4,0,20,0.1,-1.2466819036639192,1,1
bird4,1,20,0.001,-0.5533463362945189,5,4
bird4,1,20,0.01,-0.5533460368040156,5,4
bird4,1,20,0.1,-0.55334308145285,5,4
bird4,2,20,0.001,-0.5378060085002807,20,12
bird4,2,20,0.01,-0.5372656040908174,20,12
bird4,2,20,0.1,-0.5367286871314898,20,12
bird4,3,20,0.001,-0.5366297562111096,80,33
bird4,3,20,0.01,-0.5337836858930445,80,33
bird4,3,20,0.1,-0.5310948320773894,80,33
bird4,4,20,0.001,-0.5377911323969832,320,66
bird4,4,20,0.01,-0.5340044823706012,320,66
bird4,4,20,0.1,-0.530589976211092,320,66
bird4,5,20,0.001,-0.5691289308402744,1280,107
bird4,5,20,0.01,-0.5633817162266864,1280,107
bird4,5,20,0.1,-0.558444090529928,1280,107
bird4,0,21,0.001,-1.2459239450699837,1,1
bird4,0,21,0.01,-1.2459239471556909,1,1
bird4,0,21,0.1,-1.245923968139093,1,1
bird4,1,21,0.001,-0.5610544379597836,5,4
bird4,1,21,0.01,-0.5610540359897128,5,4
bird4,1,21,0.1,-0.5610500504549633,5,4
bird4,2,21,0.001,-0.5409149323930244,20,12
bird4,2,21,0.01,-0.5405446427584313,20,12
bird4,2,21,0.1,-0.5401865540325541,20,12
bird4,3,21,0.001,-0.5328708537883997,80,33
bird4,3,21,0.01,-0.5318985343812613,80,33
bird4,3,21,0.1,-0.5310296606074975,80,33
bird4,4,21,0.001,-0.5376816077629248,320,66
bird4,4,21,0.01,-0.5343906883461591,320,66
bird4,4,21,0.1,-0.531506982358123,320,66
bird4,5,21,0.001,-0.5741216350612592,1280,108
bird4,5,21,0.01,-0.5662722369287839,1280,108
bird4,5,21,0.1,-0.5594951041231491,1280,108
bird4,0,22,0.001,-1.241739915076724,1,1
bird4,0,22,0.01,-1.2417399176192456,1,1
bird4,0,22,0.1,-1.2417399431721494,1,1
bird4,1,22,0.001,-0.54977085527266,5,4
bird4,1,22,0.01,-0.5497709819347535,5,4
bird4,1,22,0.1,-0.5497722641340151,5,4
bird4,2,22,0.001,-0.5328993692620971,20,11
bird4,2,22,0.01,-0.5327112052253817,20,11
bird4,2,22,0.1,-0.5325352350934972,20,11
bird4,3,22,0.001,-0.5234243970089317,80,29
bird4,3,22,0.01,-0.5228287393146905,80,29
bird4,3,22,0.1,-0.5222905282927347,80,29
bird4,4,22,0.001,-0.5214525028472239,320,56
bird4,4,22,0.01,-0.5200139569225583,320,56
bird4,4,22,0.1,-0.5189171354351555,320,56
bird4,5,22,0.001,-0.5509606600069813,1280,93
bird4,5,22,0.01,-0.5475636486677331,1280,93
bird4,5,22,0.1,-0.5447970501105763,1280,93
bird4,0,23,0.001,-1.2547554055606314,1,1
bird4,0,23,0.01,-1.2547554005149357,1,1
bird4,0,23,0.1,-1.254755350184552,1,1
bird4,1,23,0.001,-0.5602823674239644,5,4
bird4,1,23,0.01,-0.5602826261292121,5,4
bird4,1,23,0.1,-0.5602852276863172,5,4
bird4,2,23,0.001,-0.5352519353297462,20,12
bird4,2,23,0.01,-0.5350694739623807,20,12
bird4,2,23,0.1,-0.5348913801137262,20,12
bird4,3,23,0.001,-0.5289728580444917,80,29
bird4,3,23,0.01,-0.5285866567019772,80,29
bird4,3,23,0.1,-0.5282332120235157,80,29
bird4,4,23,0.001,-0.5256719353821415,320,57
bird4,4,23,0.01,-0.5240608101555251,320,57
bird4,4,23,0.1,-0.5226025817931307,320,57
bird4,5,23,0.001,-0.561777980127055,1280,95
bird4,5,23,0.01,-0.5571012603456951,1280,95
bird4,5,23,0.1,-0.5531603314351957,1280,95
bird4,0,24,0.001,-1.250864075348955,1,1
bird4,0,24,0.01,-1.2508640726803344,1,1
bird4,0,24,0.1,-1.2508640461212568,1,1
bird4,1,24,0.001,-0.5591125798751538,5,4
bird4,1,24,0.01,-0.5591122472897294,5,4
bird4,1,24,0.1,-0.5591089802206707,5,4
bird4,2,24,0.001,-0.5448572632815541,20,12
bird4,2,24,0.01,-0.5442926272076267,20,12
bird4,2,24,0.1,-0.5437003608154237,20,12
bird4,3,24,0.001,-0.5385479118742266,80,33
bird4,3,24,0.01,-0.5365652034070708,80,33
bird4,3,24,0.1,-0.5346641396543569,80,33
bird4,4,24,0.001,-0.540452967069224,320,66
bird4,4,24,0.01,-0.5369183684744013,320,66
bird4,4,24,0.1,-0.5337427502163823,320,66
bird4,5,24,0.001,-0.5727846891806925,1280,108
bird4,5,24,0.01,-0.567437592249512,1280,108
bird4,5,24,0.1,-0.5628159769047828,1280,108
bird4,0,25,0.001,-1.257267786983386,1,1
bird4,0,25,0.01,-1.2572677781689678,1,1
bird4,0,25,0.1,-1.2572676901515145,1,1
bird4,1,25,0.001,-0.5550125041592964,5,4
bird4,1,25,0.01,-0.5550126715212754,5,4
bird4,1,25,0.1,-0.5550143664765296,5,4
bird4,2,25,0.001,-0.5360037083045258,20,12
bird4,2,25,0.01,-0.5360042255159398,20,12
bird4,2,25,0.1,-0.5360096252704927,20,12
bird4,3,25,0.001,-0.5308884916083219,80,30
bird4,3,25,0.01,-0.5295236135154241,80,30
bird4,3,25,0.1,-0.5282022268606297,80,30
bird4,4,25,0.001,-0.5304338308409225,320,59
bird4,4,25,0.01,-0.5276100465540389,320,59
bird4,4,25,0.1,-0.5251806619905117,320,59
bird4,5,25,0.001,-0.5639070895783487,1280,96
bird4,5,25,0.01,-0.5598898484621311,1280,96
bird4,5,25,0.1,-0.5565108657645006,1280,96
bird4,0,26,0.001,-1.243318379199424,1,1
bird4,0,26,0.01,-1.243318388283617,1,1
bird4,0,26,0.1,-1.243318479248359,1,1
bird4,1,26,0.001,-0.5512736311649172,5,4
bird4,1,26,0.01,-0.5512737774240162,5,4
bird4,1,26,0.1,-0.5512752588051177,5,4
bird4,2,26,0.001,-0.5307181614847296,20,12
bird4,2,26,0.01,-0.5305374464839381,20,12
bird4,2,26,0.1,-0.5303571821970379,20,12
bird4,3,26,0.001,-0.5262381519090887,80,32
bird4,3,26,0.01,-0.5252968338669373,80,32
bird4,3,26,0.1,-0.5244925236757499,80,32
bird4,4,26,0.001,-0.5239078691449351,320,64
bird4,4,26,0.01,-0.5221331469928778,320,64
bird4,4,26,0.1,-0.5206536404972133,320,64
bird4,5,26,0.001,-0.5593609846741578,1280,103
bird4,5,26,0.01,-0.5540649052254913,1280,103
bird4,5,26,0.1,-0.5495248579132753,1280,103
bird4,0,27,0.001,-1.246399690500787,1,1
bird4,0,27,0.01,-1.2463997049134805,1,1
bird4,0,27,0.1,-1.24639984915683,1,1
bird4,1,27,0.001,-0.5446646664329902,5,4
bird4,1,27,0.01,-0.5446650038784842,5,4
bird4,1,27,0.1,-0.5446683938597815,5,4
bird4,2,27,0.001,-0.5278126104565202,20,11
bird4,2,27,0.01,-0.5278135098412394,20,11
bird4,2,27,0.1,-0.5278228707648568,20,11
bird4,3,27,0.001,-0.518754387024575,80,29
bird4,3,27,0.01,-0.5187585603266474,80,29
bird4,3,27,0.1,-0.5188019242190711,80,29
bird4,4,27,0.001,-0.5211242841793058,320,58
bird4,4,27,0.01,-0.5188839172565362,320,58
bird4,4,27,0.1,-0.5169031836206687,320,58
bird4,5,27,0.001,-0.5464024147356376,1280,97
bird4,5,27,0.01,-0.5425542226639107,1280,97
bird4,5,27,0.1,-0.5393236531498192,1280,97
bird4,0,28,0.001,-1.247204697680321,1,1
bird4,0,28,0.01,-1.2472046973510136,1,1
bird4,0,28,0.1,-1.2472046941856487,1,1
bird4,1,28,0.001,-0.5595799145277416,5,4
bird4,1,28,0.01,-0.5595800222568312,5,4
bird4,1,28,0.1,-0.5595811160549754,5,4
bird4,2,28,0.001,-0.5424134433768237,20,12
bird4,2,28,0.01,-0.5424141292527394,20,12
bird4,2,28,0.1,-0.5424211891331453,20,12
bird4,3,28,0.001,-0.5352740088100137,80,30
bird4,3,28,0.01,-0.5346775821491795,80,30
bird4,3,28,0.1,-0.5341122927187985,80,30
bird4,4,28,0.001,-0.5366773224679157,320,60
bird4,4,28,0.01,-0.5341915921279786,320,60
bird4,4,28,0.1,-0.5320531703285658,320,60
bird4,5,28,0.001,-0.5702691443036219,1280,99
bird4,5,28,0.01,-0.5645033362496829,1280,99
bird4,5,28,0.1,-0.5596128334907641,1280,99
bird4,0,29,0.001,-1.2487945783821737,1,1
bird4,0,29,0.01,-1.248794584478125,1,1
bird4,0,29,0.1,-1.2487946455594592,1,1
bird4,1,29,0.001,-0.563370873610917,5,4
bird4,1,29,0.01,-0.5633703853116168,5,4
bird4,1,29,0.1,-0.5633655632576658,5,4
bird4,2,29,0.001,-0.5437306339247361,20,12
bird4,2,29,0.01,-0.5433736797657405,20,12
bird4,2,29,0.1,-0.5430081775556387,20,12
bird4,3,29,0.001,-0.5389614960615073,80,33
bird4,3,29,0.01,-0.5374580823590267,80,33
bird4,3,29,0.1,-0.5360135802932983,80,33
bird4,4,29,0.001,-0.546971523319921,320,63
bird4,4,29,0.01,-0.541268952650864,320,63
bird4,4,29,0.1,-0.5360736979719259,320,63
bird4,5,29,0.001,-0.5864795696369246,1280,110
bird4,5,29,0.01,-0.5757712913268201,1280,110
bird4,5,29,0.1,-0.5664698732739994,1280,110
bird4,0,30,0.001,-1.2472979717975385,1,1
bird4,0,30,0.01,-1.247297969590812,1,1
bird4,0,30,0.1,-1.247297947652716,1,1
bird4,1,30,0.001,-0.5514025121164035,5,4
bird4,1,30,0.01,-0.5514025955243312,5,4
bird4,1,30,0.1,-0.5514034520765814,5,4
bird4,2,30,0.001,-0.5325966684654535,20,12
bird4,2,30,0.01,-0.532406582138273,20,12
bird4,2,30,0.1,-0.532210878314392,20,12
bird4,3,30,0.001,-0.5250090305118656,80,33
bird4,3,30,0.01,-0.5242101255964825,80,33
bird4,3,30,0.1,-0.5234696929831482,80,33
bird4,4,30,0.001,-0.5244538835335295,320,65
bird4,4,30,0.01,-0.5221709954475754,320,65
bird4,4,30,0.1,-0.5202287042256153,320,65
bird4,5,30,0.001,-0.5626657248401773,1280,102
bird4,5,30,0.01,-0.5555873655855874,1280,102
bird4,5,30,0.1,-0.5494057765786571,1280,102
bird4,0,31,0.001,-1.247069449868212,1,1
bird4,0,31,0.01,-1.247069452091144,1,1
bird4,0,31,0.1,-1.247069474445875,1,1
bird4,1,31,0.001,-0.5584183460513611,5,4
bird4,1,31,0.01,-0.5584180100354755,5,4
bird4,1,31,0.1,-0.5584146958229985,5,4
bird4,2,31,0.001,-0.544005260600831,20,12
bird4,2,31,0.01,-0.5438171582345018,20,12
bird4,2,31,0.1,-0.5436027372122089,20,12
bird4,3,31,0.001,-0.5425446909191675,80,33
bird4,3,31,0.01,-0.5392390576753107,80,33
bird4,3,31,0.1,-0.5361594642224744,80,33
bird4,4,31,0.001,-0.5421319443271244,320,65
bird4,4,31,0.01,-0.5376735675364366,320,65
bird4,4,31,0.1,-0.533879878016062,320,65
bird4,5,31,0.001,-0.5749902046370554,1280,105
bird4,5,31,0.01,-0.5676967418420453,1280,105
bird4,5,31,0.1,-0.5616771385941585,1280,105
bird4,0,32,0.001,-1.2622731704487964,1,1
bird4,0,32,0.01,-1.2622731601348687,1,1
bird4,0,32,0.1,-1.2622730571216858,1,1
bird4,1,32,0.001,-0.5610281850363066,5,4
bird4,1,32,0.01,-0.5610281392839893,5,4
bird4,1,32,0.1,-0.5610277098238904,5,4
bird4,2,32,0.001,-0.5417620827541575,20,12
bird4,2,32,0.01,-0.5415793799581752,20,12
bird4,2,32,0.1,-0.5414033569062029,20,12
bird4,3,32,0.001,-0.536613770305594,80,32
bird4,3,32,0.01,-0.5356497938417637,80,32
bird4,3,32,0.1,-0.5347862318912642,80,32
bird4,4,32,0.001,-0.5410150406417595,320,63
bird4,4,32,0.01,-0.536596125445557,320,63
bird4,4,32,0.1,-0.5327281225573582,320,63
bird4,5,32,0.001,-0.5719587526342955,1280,104
bird4,5,32,0.01,-0.5649985111259364,1280,104
bird4,5,32,0.1,-0.5591779021663925,1280,104
bird4,0,33,0.001,-1.2580613090624975,1,1
bird4,0,33,0.01,-1.2580612893801664,1,1
bird4,0,33,0.1,-1.2580610926928237,1,1
bird4,1,33,0.001,-0.5636475429537765,5,4
bird4,1,33,0.01,-0.5636473509214683,5,4
bird4,1,33,0.1,-0.5636454564123694,5,4
bird4,2,33,0.001,-0.5495580945930838,20,12
bird4,2,33,0.01,-0.5495571075412542,20,12
bird4,2,33,0.1,-0.5495479039959352,20,12
bird4,3,33,0.001,-0.5397936098274317,80,30
bird4,3,33,0.01,-0.5393740032970514,80,30
bird4,3,33,0.1,-0.5390129636589716,80,30
bird4,4,33,0.001,-0.5446139783548573,320,59
bird4,4,33,0.01,-0.5410566239942516,320,59
bird4,4,33,0.1,-0.537867505453051,320,59
bird4,5,33,0.001,-0.5815563536918914,1280,101
bird4,5,33,0.01,-0.5737941613370703,1280,101
bird4,5,33,0.1,-0.5672533496041754,1280,101
bird4,0,34,0.001,-1.2330743037824616,1,1
bird4,0,34,0.01,-1.2330743125159291,1,1
bird4,0,34,0.1,-1.2330743999799194,1,1
bird4,1,34,0.001,-0.5531354082215743,5,4
bird4,1,34,0.01,-0.5531353151941499,5,4
bird4,1,34,0.1,-0.553134407166071,5,4
bird4,2,34,0.001,-0.5326413191922372,20,12
bird4,2,34,0.01,-0.5326420638340611,20,12
bird4,2,34,0.1,-0.532649642007355,20,12
bird4,3,34,0.001,-0.5224042210678644,80,30
bird4,3,34,0.01,-0.5224084162282066,80,30
bird4,3,34,0.1,-0.5224523479803481,80,30
bird4,4,34,0.001,-0.5216015278681239,320,60
bird4,4,34,0.01,-0.5201289007732047,320,60
bird4,4,34,0.1,-0.5190260106779294,320,60
bird4,5,34,0.001,-0.5572264845853424,1280,102
bird4,5,34,0.01,-0.5520125246424484,1280,102
bird4,5,34,0.1,-0.5478947911228687,1280,102
bird4,0,35,0.001,-1.2425411668249933,1,1
bird4,0,35,0.01,-1.242541173211414,1,1
bird4,0,35,0.1,-1.2425412371999731,1,1
bird4,1,35,0.001,-0.5564525144420709,5,4
bird4,1,35,0.01,-0.5564525360576373,5,4
bird4,1,35,0.1,-0.5564527707335111,5,4
bird4,2,35,0.001,-0.5332934009474899,20,11
bird4,2,35,0.01,-0.5332926282792279,20,11
bird4,2,35,0.1,-0.5332853129156514,20,11
bird4,3,35,0.001,-0.5309118525598066,80,29
bird4,3,35,0.01,-0.5280300792915505,80,29
bird4,3,35,0.1,-0.5253327644921956,80,29
bird4,4,35,0.001,-0.5285821127677607,320,62
bird4,4,35,0.01,-0.5241803734516592,320,62
bird4,4,35,0.1,-0.5203515871825872,320,62
bird4,5,35,0.001,-0.5559231851324881,1280,101
bird4,5,35,0.01,-0.5503484456354674,1280,101
bird4,5,35,0.1,-0.5456504999962485,1280,101
bird4,0,36,0.001,-1.2434805518841927,1,1
bird4,0,36,0.01,-1.2434805563770066,1,1
bird4,0,36,0.1,-1.2434806014310416,1,1
bird4,1,36,0.001,-0.5472038374719692,5,4
bird4,1,36,0.01,-0.5472038478370844,5,4
bird4,1,36,0.1,-0.5472039808983521,5,4
bird4,2,36,0.001,-0.5279234986703142,20,12
bird4,2,36,0.01,-0.5277394277519619,20,12
bird4,2,36,0.1,-0.5275663851295002,20,12
bird4,3,36,0.001,-0.5206300068650097,80,32
bird4,3,36,0.01,-0.5200487704014092,80,32
bird4,3,36,0.1,-0.5195491264872765,80,32
bird4,4,36,0.001,-0.5245337411385047,320,63
bird4,4,36,0.01,-0.5212681859735396,320,63
bird4,4,36,0.1,-0.5184530570127663,320,63
bird4,5,36,0.001,-0.5535812378907736,1280,101
bird4,5,36,0.01,-0.5476936440945088,1280,101
bird4,5,36,0.1,-0.5428566522672751,1280,101
bird4,0,37,0.001,-1.2557063889132776,1,1
bird4,0,37,0.01,-1.255706387612442,1,1
bird4,0,37,0.1,-1.2557063747267587,1,1
bird4,1,37,0.001,-0.551077674495914,5,4
bird4,1,37,0.01,-0.5510778997442907,5,4
bird4,1,37,0.1,-0.5510801681322914,5,4
bird4,2,37,0.001,-0.5310724743416578,20,11
bird4,2,37,0.01,-0.5308938809968337,20,11
bird4,2,37,0.1,-0.5307145953659369,20,11
bird4,3,37,0.001,-0.5289144528120858,80,30
bird4,3,37,0.01,-0.5266655906597827,80,30
bird4,3,37,0.1,-0.524594687930045,80,30
bird4,4,37,0.001,-0.5263018709341166,320,58
bird4,4,37,0.01,-0.5233763049391088,320,58
bird4,4,37,0.1,-0.5209335023630539,320,58
bird4,5,37,0.001,-0.5628614184915331,1280,91
bird4,5,37,0.01,-0.5562645002686748,1280,91
bird4,5,37,0.1,-0.5505720108821577,1280,91
bird4,0,38,0.001,-1.2487457885047886,1,1
bird4,0,38,0.01,-1.2487457833274453,1,1
bird4,0,38,0.1,-1.2487457316836517,1,1
bird4,1,38,0.001,-0.5515013314249562,5,4
bird4,1,38,0.01,-0.5515011019622885,5,4
bird4,1,38,0.1,-0.5514988536201619,5,4
bird4,2,38,0.001,-0.5292431662194946,20,12
bird4,2,38,0.01,-0.5288647780134813,20,12
bird4,2,38,0.1,-0.5284831794012849,20,12
bird4,3,38,0.001,-0.5252249051911222,80,34
bird4,3,38,0.01,-0.5236288645429067,80,34
bird4,3,38,0.1,-0.5221165066434775,80,34
bird4,4,38,0.001,-0.5206386777959667,320,66
bird4,4,38,0.01,-0.518773446612206,320,66
bird4,4,38,0.1,-0.5171928245593347,320,66
bird4,5,38,0.001,-0.5544057589885125,1280,101
bird4,5,38,0.01,-0.5490861974094036,1280,101
bird4,5,38,0.1,-0.5446358993390544,1280,101
bird4,0,39,0.001,-1.2416591243972461,1,1
bird4,0,39,0.01,-1.2416591323423851,1,1
bird4,0,39,0.1,-1.2416592119188417,1,1
bird4,1,39,0.001,-0.5530725784399227,5,4
bird4,1,39,0.01,-0.5530725368231294,5,4
bird4,1,39,0.1,-0.5530721452310061,5,4
bird4,2,39,0.001,-0.5366725105355584,20,12
bird4,2,39,0.01,-0.5364880917767422,20,12
bird4,2,39,0.1,-0.5363206515911687,20,12
bird4,3,39,0.001,-0.5284283056691154,80,30
bird4,3,39,0.01,-0.5278435746736546,80,30
bird4,3,39,0.1,-0.5273272312769027,80,30
bird4,4,39,0.001,-0.5274395813697045,320,60
bird4,4,39,0.01,-0.5264228880308287,320,60
bird4,4,39,0.1,-0.5256282461989455,320,60
bird4,5,39,0.001,-0.5531782237392817,1280,101
bird4,5,39,0.01,-0.551322347367871,1280,101
bird4,5,39,0.1,-0.5501532036240494,1280,101
bird4,0,40,0.001,-1.2492074035193734,1,1
bird4,0,40,0.01,-1.2492074180546584,1,1
bird4,0,40,0.1,-1.2492075635231383,1,1
bird4,1,40,0.001,-0.5528702015491495,5,4
bird4,1,40,0.01,-0.5528703469448815,5,4
bird4,1,40,0.1,-0.5528718181759857,5,4
bird4,2,40,0.001,-0.531440131068487,20,12
bird4,2,40,0.01,-0.531271882546351,20,12
bird4,2,40,0.1,-0.5311107014354978,20,12
bird4,3,40,0.001,-0.5237811212946198,80,30
bird4,3,40,0.01,-0.5234311996518353,80,30
bird4,3,40,0.1,-0.5231485579685863,80,30
bird4,4,40,0.001,-0.5272550025304613,320,59
bird4,4,40,0.01,-0.5248594604546152,320,59
bird4,4,40,0.1,-0.5228040101083664,320,59
bird4,5,40,0.001,-0.55397623900904,1280,98
bird4,5,40,0.01,-0.5503897330241377,1280,98
bird4,5,40,0.1,-0.5475607835738919,1280,98
bird4,0,41,0.001,-1.2431112354063218,1,1
bird4,0,41,0.01,-1.2431112337100836,1,1
bird4,0,41,0.1,-1.2431112168785097,1,1
bird4,1,41,0.001,-0.5464648035994175,5,4
bird4,1,41,0.01,-0.5464648023891439,5,4
bird4,1,41,0.1,-0.5464648206215401,5,4
bird4,2,41,0.001,-0.5261031981998636,20,12
bird4,2,41,0.01,-0.5261012589627262,20,12
bird4,2,41,0.1,-0.5260831878642834,20,12
bird4,3,41,0.001,-0.5203439504427939,80,31
bird4,3,41,0.01,-0.519524851198393,80,31
bird4,3,41,0.1,-0.5187436685366325,80,31
bird4,4,41,0.001,-0.5177636548262836,320,60
bird4,4,41,0.01,-0.5158500407722615,320,60
bird4,4,41,0.1,-0.5142355768527511,320,60
bird4,5,41,0.001,-0.555832902971618,1280,96
bird4,5,41,0.01,-0.5502924501809403,1280,96
bird4,5,41,0.1,-0.5456855223134707,1280,96
bird4,0,42,0.001,-1.2490633836760345,1,1
bird4,0,42,0.01,-1.2490633943582532,1,1
bird4,0,42,0.1,-1.249063501298397,1,1
bird4,1,42,0.001,-0.5551667076406211,5,4
bird4,1,42,0.01,-0.5551665031205097,5,4
bird4,1,42,0.1,-0.5551644937578116,5,4
bird4,2,42,0.001,-0.5336791230161771,20,12
bird4,2,42,0.01,-0.5333353821803682,20,12
bird4,2,42,0.1,-0.5329982893160267,20,12
bird4,3,42,0.001,-0.5295265543391906,80,34
bird4,3,42,0.01,-0.5280778534598141,80,34
bird4,3,42,0.1,-0.5267090346499675,80,34
bird4,4,42,0.001,-0.5334031613772823,320,70
bird4,4,42,0.01,-0.5285474704438534,320,70
bird4,4,42,0.1,-0.524346176247986,320,70
bird4,5,42,0.001,-0.5682575366137357,1280,118
bird4,5,42,0.01,-0.5613360911058861,1280,118
bird4,5,42,0.1,-0.5554286614635727,1280,118
bird4,0,43,0.001,-1.253109006646236,1,1
bird4,0,43,0.01,-1.2531089963679312,1,1
bird4,0,43,0.1,-1.2531088937162231,1,1
bird4,1,43,0.001,-0.5633655471673502,5,4
bird4,1,43,0.01,-0.5633656191025447,5,4
bird4,1,43,0.1,-0.5633663552360765,5,4
bird4,2,43,0.001,-0.5482027957588426,20,12
bird4,2,43,0.01,-0.5480096271867145,20,12
bird4,2,43,0.1,-0.5478145558618185,20,12
bird4,3,43,0.001,-0.5411266959750899,80,28
bird4,3,43,0.01,-0.5401013434522905,80,28
bird4,3,43,0.1,-0.5390966667940968,80,28
bird4,4,43,0.001,-0.5421800583581904,320,54
bird4,4,43,0.01,-0.5387717655109906,320,54
bird4,4,43,0.1,-0.5357321103739731,320,54
bird4,5,43,0.001,-0.5730822755282482,1280,90
bird4,5,43,0.01,-0.5676107662615252,1280,90
bird4,5,43,0.1,-0.5628341927949999,1280,90
bird4,0,44,0.001,-1.2477871152048388,1,1
bird4,0,44,0.01,-1.2477871187874248,1,1
bird4,0,44,0.1,-1.2477871547373918,1,1
bird4,1,44,0.001,-0.5544671967931817,5,4
bird4,1,44,0.01,-0.5544671673628516,5,4
bird4,1,44,0.1,-0.554466910738418,5,4
bird4,2,44,0.001,-0.5357051319258372,20,12
bird4,2,44,0.01,-0.5353419413226352,20,12
bird4,2,44,0.1,-0.5349864351527537,20,12
bird4,3,44,0.001,-0.5262548971777932,80,33
bird4,3,44,0.01,-0.5254913301530079,80,33
bird4,3,44,0.1,-0.5247889942438533,80,33
bird4,4,44,0.001,-0.5299921532155153,320,61
bird4,4,44,0.01,-0.5266036575826823,320,61
bird4,4,44,0.1,-0.5236011448285529,320,61
bird4,5,44,0.001,-0.5611287704742053,1280,94
bird4,5,44,0.01,-0.5551186951082275,1280,94
bird4,5,44,0.1,-0.5499125499322077,1280,94
bird4,0,45,0.001,-1.2484578486071072,1,1
bird4,0,45,0.01,-1.2484578544980685,1,1
bird4,0,45,0.1,-1.2484579135282163,1,1
bird4,1,45,0.001,-0.5516361069152349,5,4
bird4,1,45,0.01,-0.5516359280673672,5,4
bird4,1,45,0.1,-0.5516341852335471,5,4
bird4,2,45,0.001,-0.5337374461708095,20,12
bird4,2,45,0.01,-0.5335633827314337,20,12
bird4,2,45,0.1,-0.5334008620489744,20,12
bird4,3,45,0.001,-0.5297030359973797,80,33
bird4,3,45,0.01,-0.5289687191978458,80,33
bird4,3,45,0.1,-0.5283262412228104,80,33
bird4,4,45,0.001,-0.5330909728619183,320,67
bird4,4,45,0.01,-0.5294517880301268,320,67
bird4,4,45,0.1,-0.52645211630129,320,67
bird4,5,45,0.001,-0.5724698430954063,1280,112
bird4,5,45,0.01,-0.5638191925771956,1280,112
bird4,5,45,0.1,-0.5566704969478885,1280,112
bird4,0,46,0.001,-1.2541994351414756,1,1
bird4,0,46,0.01,-1.2541994249936879,1,1
bird4,0,46,0.1,-1.254199323645978,1,1
bird4,1,46,0.001,-0.5540027828761093,5,4
bird4,1,46,0.01,-0.554002302948668,5,4
bird4,1,46,0.1,-0.5539975558475868,5,4
bird4,2,46,0.001,-0.5349432585970482,20,12
bird4,2,46,0.01,-0.5345616865583869,20,12
bird4,2,46,0.1,-0.5341736160981204,20,12
bird4,3,46,0.001,-0.5283447714387927,80,32
bird4,3,46,0.01,-0.5269314102209438,80,32
bird4,3,46,0.1,-0.5255844275687863,80,32
bird4,4,46,0.001,-0.5267045265266436,320,64
bird4,4,46,0.01,-0.5245952067045994,320,64
bird4,4,46,0.1,-0.5227376222662653,320,64
bird4,5,46,0.001,-0.5531783789732054,1280,105
bird4,5,46,0.01,-0.5502554213453709,1280,105
bird4,5,46,0.1,-0.5479106716339412,1280,105
bird4,0,47,0.001,-1.2443837484953373,1,1
bird4,0,47,0.01,-1.244383756005382,1,1
bird4,0,47,0.1,-1.2443838312285722,1,1
bird4,1,47,0.001,-0.5444590811374136,5,4
bird4,1,47,0.01,-0.544459284871121,5,4
bird4,1,47,0.1,-0.5444613429866264,5,4
bird4,2,47,0.001,-0.5246842168456778,20,12
bird4,2,47,0.01,-0.5246859638581951,20,12
bird4,2,47,0.1,-0.5247035289202826,20,12
bird4,3,47,0.001,-0.5186092333369546,80,30
bird4,3,47,0.01,-0.51784873736147,80,30
bird4,3,47,0.1,-0.5171547331302813,80,30
bird4,4,47,0.001,-0.5214505472003746,320,60
bird4,4,47,0.01,-0.5186708579731547,320,60
bird4,4,47,0.1,-0.5162249107972134,320,60
bird4,5,47,0.001,-0.5542665208906685,1280,98
bird4,5,47,0.01,-0.5498669515341051,1280,98
bird4,5,47,0.1,-0.5460947270400168,1280,98
bird4,0,48,0.001,-1.239468980892598,1,1
bird4,0,48,0.01,-1.2394689876824725,1,1
bird4,0,48,0.1,-1.2394690557066979,1,1
bird4,1,48,0.001,-0.5562703176197517,5,4
bird4,1,48,0.01,-0.5562700419948992,5,4
bird4,1,48,0.1,-0.5562673187611501,5,4
bird4,2,48,0.001,-0.5366245835550568,20,12
bird4,2,48,0.01,-0.5362524790658245,20,12
bird4,2,48,0.1,-0.5358820155171722,20,12
bird4,3,48,0.001,-0.529688151023743,80,34
bird4,3,48,0.01,-0.5285153196210455,80,34
bird4,3,48,0.1,-0.5274112991729374,80,34
bird4,4,48,0.001,-0.5327227278004392,320,68
bird4,4,48,0.01,-0.5286451661269813,320,68
bird4,4,48,0.1,-0.5249583356865273,320,68
bird4,5,48,0.001,-0.5648858338758577,1280,111
bird4,5,48,0.01,-0.5593994655952647,1280,111
bird4,5,48,0.1,-0.5546170384863549,1280,111
bird4,0,49,0.001,-1.251914689540742,1,1
bird4,0,49,0.01,-1.2519146892197983,1,1
bird4,0,49,0.1,-1.2519146861352801,1,1
bird4,1,49,0.001,-0.5585688689042824,5,4
bird4,1,49,0.01,-0.558568345504853,5,4
bird4,1,49,0.1,-0.5585631619574208,5,4
bird4,2,49,0.001,-0.5363792372128905,20,12
bird4,2,49,0.01,-0.5361979925363941,20,12
bird4,2,49,0.1,-0.5360267124882256,20,12
bird4,3,49,0.001,-0.5331695552191063,80,32
bird4,3,49,0.01,-0.5316291439539818,80,32
bird4,3,49,0.1,-0.5301648585153438,80,32
bird4,4,49,0.001,-0.5367402036214254,320,65
bird4,4,49,0.01,-0.5329521777824641,320,65
bird4,4,49,0.1,-0.529713479230917,320,65
bird4,5,49,0.001,-0.5772520361099741,1280,111
bird4,5,49,0.01,-0.5691386418572191,1280,111
bird4,5,49,0.1,-0.5621020775420489,1280,111
bird4,0,50,0.001,-1.2507965744447695,1,1
bird4,0,50,0.01,-1.2507965766178066,1,1
bird4,0,50,0.1,-1.2507965984713936,1,1
bird4,1,50,0.001,-0.5535232087588846,5,4
bird4,1,50,0.01,-0.5535231630446463,5,4
bird4,1,50,0.1,-0.5535227445969011,5,4
bird4,2,50,0.001,-0.5340694904192825,20,12
bird4,2,50,0.01,-0.5338896842412705,20,12
bird4,2,50,0.1,-0.5337095035565784,20,12
bird4,3,50,0.001,-0.5328157729117649,80,32
bird4,3,50,0.01,-0.5301623339660755,80,32
bird4,3,50,0.1,-0.5276563727348454,80,32
bird4,4,50,0.001,-0.5292190697923528,320,60
bird4,4,50,0.01,-0.5256928955765144,320,60
bird4,4,50,0.1,-0.5227473125289411,320,60
bird4,5,50,0.001,-0.5599417043804644,1280,95
bird4,5,50,0.01,-0.5539974904659126,1280,95
bird4,5,50,0.1,-0.5488276590146207,1280,95
