species,k,sim,smoother,log_likelihood,num_train_states,num_test_states
bird1,0,1,0.001,-1.7616038260761187,1,1
bird1,0,1,0.01,-1.76160386459527,1,1
bird1,0,1,0.1,-1.7616042501162708,1,1
bird1,1,1,0.001,-0.7867812775463385,9,8
bird1,1,1,0.01,-0.7867840988750159,9,8
bird1,1,1,0.1,-0.7868128682568649,9,8
bird1,2,1,0.001,-0.7424388395098114,72,32
bird1,2,1,0.01,-0.7417581123774659,72,32
bird1,2,1,0.1,-0.7413488350140661,72,32
bird1,3,1,0.001,-0.7310984340840231,576,70
bird1,3,1,0.01,-0.7304571498171798,576,70
bird1,3,1,0.1,-0.7305824427500909,576,70
bird1,4,1,0.001,-0.7309666720963545,4608,119
bird1,4,1,0.01,-0.7285567752525839,4608,119
bird1,4,1,0.1,-0.7281007388344977,4608,119
bird1,5,1,0.001,-0.7485593250626909,36864,194
bird1,5,1,0.01,-0.7406301892590036,36864,194
bird1,5,1,0.1,-0.7367294672825198,36864,194
bird1,0,2,0.001,-1.759322167051495,1,1
bird1,0,2,0.01,-1.7593221696788013,1,1
bird1,0,2,0.1,-1.7593221963869003,1,1
bird1,1,2,0.001,-0.7901215669747841,9,8
bird1,1,2,0.01,-0.7894516302022025,9,8
bird1,1,2,0.1,-0.7888015391166603,9,8
bird1,2,2,0.001,-0.7447679757381999,72,39
bird1,2,2,0.01,-0.7434178385537864,72,39
bird1,2,2,0.1,-0.7425640137495433,72,39
bird1,3,2,0.001,-0.7366552974041998,576,84
bird1,3,2,0.01,-0.7335094073082514,576,84
bird1,3,2,0.1,-0.7314338250070347,576,84
bird1,4,2,0.001,-0.7397218815443032,4608,145
bird1,4,2,0.01,-0.7359847762185588,4608,145
bird1,4,2,0.1,-0.7337811315645395,4608,145
bird1,5,2,0.001,-0.7501336630287644,36864,216
bird1,5,2,0.01,-0.7440610594648243,36864,216
bird1,5,2,0.1,-0.7406502241373192,36864,216
bird1,0,3,0.001,-1.7739610737173426,1,1
bird1,0,3,0.01,-1.773960997457035,1,1
bird1,0,3,0.1,-1.773960235412172,1,1
bird1,1,3,0.001,-0.7870618786437338,9,8
bird1,1,3,0.01,-0.7868910486715412,9,8
bird1,1,3,0.1,-0.7867466618122144,9,8
bird1,2,3,0.001,-0.7464827585472232,72,35
bird1,2,3,0.01,-0.7443425380452137,72,35
bird1,2,3,0.1,-0.742602648664031,72,35
bird1,3,3,0.001,-0.7332909971112593,576,77
bird1,3,3,0.01,-0.7306025341416449,576,77
bird1,3,3,0.1,-0.7291306313452641,576,77
bird1,4,3,0.001,-0.737012389522659,4608,131
bird1,4,3,0.01,-0.7329950919624565,4608,131
bird1,4,3,0.1,-0.7310767365513872,4608,131
bird1,5,3,0.001,-0.7606299722082319,36864,200
bird1,5,3,0.01,-0.7490825006299224,36864,200
bird1,5,3,0.1,-0.7418911148187157,36864,200
bird1,0,4,0.001,-1.763019340871331,1,1
bird1,0,4,0.01,-1.7630193466861492,1,1
bird1,0,4,0.1,-1.7630194052449804,1,1
bird1,1,4,0.001,-0.7923255458757597,9,8
bird1,1,4,0.01,-0.791655614798009,9,8
bird1,1,4,0.1,-0.7909897317195981,9,8
bird1,2,4,0.001,-0.7515929091566574,72,41
bird1,2,4,0.01,-0.7488464757555782,72,41
bird1,2,4,0.1,-0.7465318771113061,72,41
bird1,3,4,0.001,-0.7395657928628006,576,83
bird1,3,4,0.01,-0.7360837838600268,576,83
bird1,3,4,0.1,-0.7337655757653738,576,83
bird1,4,4,0.001,-0.7440799715389553,4608,136
bird1,4,4,0.01,-0.7380329091956079,4608,136
bird1,4,4,0.1,-0.7343596733086631,4608,136
bird1,5,4,0.001,-0.748782544837147,36864,197
bird1,5,4,0.01,-0.7420800093123809,36864,197
bird1,5,4,0.1,-0.7387517937344436,36864,197
bird1,0,5,0.001,-1.795335325979387,1,1
bird1,0,5,0.01,-1.7953351508504205,1,1
bird1,0,5,0.1,-1.7953334002073282,1,1
bird1,1,5,0.001,-0.8003101869756523,9,8
bird1,1,5,0.01,-0.8003123258961536,9,8
bird1,1,5,0.1,-0.8003341535572204,9,8
bird1,2,5,0.001,-0.7560564211499671,72,33
bird1,2,5,0.01,-0.7541253817607962,72,33
bird1,2,5,0.1,-0.752574688673766,72,33
bird1,3,5,0.001,-0.7434015174158375,576,78
bird1,3,5,0.01,-0.7416697837578683,576,78
bird1,3,5,0.1,-0.7409924941589634,576,78
bird1,4,5,0.001,-0.7496349094683612,4608,143
bird1,4,5,0.01,-0.7438860347807368,4608,143
bird1,4,5,0.1,-0.7410394896392698,4608,143
bird1,5,5,0.001,-0.7721944074084568,36864,219
bird1,5,5,0.01,-0.7614301239639257,36864,219
bird1,5,5,0.1,-0.7552650548803347,36864,219
bird1,0,6,0.001,-1.747316052933012,1,1
bird1,0,6,0.01,-1.7473161406569078,1,1
bird1,0,6,0.1,-1.7473170182026918,1,1
bird1,1,6,0.001,-0.784281128087756,9,8
bird1,1,6,0.01,-0.7839503898761622,9,8
bird1,1,6,0.1,-0.7836518650980471,9,8
bird1,2,6,0.001,-0.7434325022296218,72,34
bird1,2,6,0.01,-0.7418885009130872,72,34
bird1,2,6,0.1,-0.7406250306377133,72,34
bird1,3,6,0.001,-0.7329903239698764,576,77
bird1,3,6,0.01,-0.7305473528131738,576,77
bird1,3,6,0.1,-0.7289727107421674,576,77
bird1,4,6,0.001,-0.7344145755148841,4608,130
bird1,4,6,0.01,-0.7310483686428808,4608,130
bird1,4,6,0.1,-0.729202349440542,4608,130
bird1,5,6,0.001,-0.7412807610511691,36864,196
bird1,5,6,0.01,-0.7354482398954332,36864,196
bird1,5,6,0.1,-0.7326430509543003,36864,196
bird1,0,7,0.001,-1.7725117720513066,1,1
bird1,0,7,0.01,-1.7725116834040935,1,1
bird1,0,7,0.1,-1.7725107975665588,1,1
bird1,1,7,0.001,-0.7847649574766579,9,8
bird1,1,7,0.01,-0.7846106886033071,9,8
bird1,1,7,0.1,-0.7844836775446847,9,8
bird1,2,7,0.001,-0.740241224826714,72,36
bird1,2,7,0.01,-0.7388097225847399,72,36
bird1,2,7,0.1,-0.7377722797483707,72,36
bird1,3,7,0.001,-0.7272058662732198,576,78
bird1,3,7,0.01,-0.7252813728167223,576,78
bird1,3,7,0.1,-0.7242822492276988,576,78
bird1,4,7,0.001,-0.7246398019525803,4608,133
bird1,4,7,0.01,-0.7225727711223116,4608,133
bird1,4,7,0.1,-0.7221052978325797,4608,133
bird1,5,7,0.001,-0.7315569909781312,36864,204
bird1,5,7,0.01,-0.7279418822618611,36864,204
bird1,5,7,0.1,-0.7271250958862254,36864,204
bird1,0,8,0.001,-1.7823562938025999,1,1
bird1,0,8,0.01,-1.782356218611054,1,1
bird1,0,8,0.1,-1.782355467217519,1,1
bird1,1,8,0.001,-0.7900166098185001,9,8
bird1,1,8,0.01,-0.7898540933087235,9,8
bird1,1,8,0.1,-0.7897069633843324,9,8
bird1,2,8,0.001,-0.7463641825299606,72,35
bird1,2,8,0.01,-0.744700121529484,72,35
bird1,2,8,0.1,-0.7435250618180911,72,35
bird1,3,8,0.001,-0.7330315013940394,576,79
bird1,3,8,0.01,-0.7313684795170087,576,79
bird1,3,8,0.1,-0.7306726032878437,576,79
bird1,4,8,0.001,-0.7337244799293512,4608,135
bird1,4,8,0.01,-0.7308444604275731,4608,135
bird1,4,8,0.1,-0.7298434105674545,4608,135
bird1,5,8,0.001,-0.74909589328834,36864,205
bird1,5,8,0.01,-0.7419248275276225,36864,205
bird1,5,8,0.1,-0.7383837932622968,36864,205
bird1,0,9,0.001,-1.7773683750826643,1,1
bird1,0,9,0.01,-1.7773683304526067,1,1
bird1,0,9,0.1,-1.7773678846311773,1,1
bird1,1,9,0.001,-0.7867422198137677,9,8
bird1,1,9,0.01,-0.7860965928020844,9,8
bird1,1,9,0.1,-0.7854812963297805,9,8
bird1,2,9,0.001,-0.7464970443078413,72,37
bird1,2,9,0.01,-0.7439920617207609,72,37
bird1,2,9,0.1,-0.7418294809924327,72,37
bird1,3,9,0.001,-0.7355111806287123,576,81
bird1,3,9,0.01,-0.7317859383437222,576,81
bird1,3,9,0.1,-0.7290826506176681,576,81
bird1,4,9,0.001,-0.7384362080410267,4608,135
bird1,4,9,0.01,-0.7341446330279947,4608,135
bird1,4,9,0.1,-0.7316716300555665,4608,135
bird1,5,9,0.001,-0.7488177135923703,36864,201
bird1,5,9,0.01,-0.7424397614091549,36864,201
bird1,5,9,0.1,-0.7390011251209155,36864,201
bird1,0,10,0.001,-1.7664850396223954,1,1
bird1,0,10,0.01,-1.7664849570147751,1,1
bird1,0,10,0.1,-1.7664841315714832,1,1
bird1,1,10,0.001,-0.7846110241879707,9,8
bird1,1,10,0.01,-0.784285351039168,9,8
bird1,1,10,0.1,-0.7839901829221105,9,8
bird1,2,10,0.001,-0.743798272572828,72,36
bird1,2,10,0.01,-0.7421202691732267,72,36
bird1,2,10,0.1,-0.7408279926274919,72,36
bird1,3,10,0.001,-0.7357988775772418,576,74
bird1,3,10,0.01,-0.7304365780216691,576,74
bird1,3,10,0.1,-0.7263955020485305,576,74
bird1,4,10,0.001,-0.7337255382530704,4608,131
bird1,4,10,0.01,-0.729196153602001,4608,131
bird1,4,10,0.1,-0.7266210381821241,4608,131
bird1,5,10,0.001,-0.7404407954040257,36864,198
bird1,5,10,0.01,-0.733634254884832,36864,198
bird1,5,10,0.1,-0.7301731238285809,36864,198
bird1,0,11,0.001,-1.7667389588372138,1,1
bird1,0,11,0.01,-1.7667389448187703,1,1
bird1,0,11,0.1,-1.76673880506539,1,1
bird1,1,11,0.001,-0.7827964440306433,9,8
bird1,1,11,0.01,-0.782631336449345,9,8
bird1,1,11,0.1,-0.7824962525049001,9,8
bird1,2,11,0.001,-0.7427528768956514,72,32
bird1,2,11,0.01,-0.7412022275766007,72,32
bird1,2,11,0.1,-0.7400061923199647,72,32
bird1,3,11,0.001,-0.7258786360731239,576,74
bird1,3,11,0.01,-0.7243321858960687,576,74
bird1,3,11,0.1,-0.7236435491397275,576,74
bird1,4,11,0.001,-0.7296110327330784,4608,126
bird1,4,11,0.01,-0.7266098095630696,4608,126
bird1,4,11,0.1,-0.725296779929404,4608,126
bird1,5,11,0.001,-0.7402657481651782,36864,195
bird1,5,11,0.01,-0.7343873420633651,36864,195
bird1,5,11,0.1,-0.731623933542142,36864,195
bird1,0,12,0.001,-1.767434147313828,1,1
bird1,0,12,0.01,-1.767434162384493,1,1
bird1,0,12,0.1,-1.7674343134654553,1,1
bird1,1,12,0.001,-0.7841317370324248,9,8
bird1,1,12,0.01,-0.7838080964116023,9,8
bird1,1,12,0.1,-0.7835106187322531,9,8
bird1,2,12,0.001,-0.7403755405489916,72,35
bird1,2,12,0.01,-0.7390379726827547,72,35
bird1,2,12,0.1,-0.738002431591765,72,35
bird1,3,12,0.001,-0.7310871927701491,576,76
bird1,3,12,0.01,-0.7283779600399982,576,76
bird1,3,12,0.1,-0.7267287508308681,576,76
bird1,4,12,0.001,-0.7422209328098888,4608,134
bird1,4,12,0.01,-0.7359955567003327,4608,134
bird1,4,12,0.1,-0.7323282131386853,4608,134
bird1,5,12,0.001,-0.7548295907368114,36864,210
bird1,5,12,0.01,-0.7456844352513234,36864,210
bird1,5,12,0.1,-0.7404976787306633,36864,210
bird1,0,13,0.001,-1.7816764519834662,1,1
bird1,0,13,0.01,-1.781676331093656,1,1
bird1,0,13,0.1,-1.7816751228297172,1,1
bird1,1,13,0.001,-0.7897995931863783,9,8
bird1,1,13,0.01,-0.7894705725481843,9,8
bird1,1,13,0.1,-0.7891721615007815,9,8
bird1,2,13,0.001,-0.7471709260696995,72,36
bird1,2,13,0.01,-0.7446020871102546,72,36
bird1,2,13,0.1,-0.7423923260516788,72,36
bird1,3,13,0.001,-0.7346196316624349,576,81
bird1,3,13,0.01,-0.7315125450295287,576,81
bird1,3,13,0.1,-0.729533115645521,576,81
bird1,4,13,0.001,-0.7368145157618875,4608,140
bird1,4,13,0.01,-0.732263583762328,4608,140
bird1,4,13,0.1,-0.7298624839970105,4608,140
bird1,5,13,0.001,-0.7554035508213738,36864,211
bird1,5,13,0.01,-0.7472305521260824,36864,211
bird1,5,13,0.1,-0.7427565503140559,36864,211
bird1,0,14,0.001,-1.7648971728230463,1,1
bird1,0,14,0.01,-1.7648971465259866,1,1
bird1,0,14,0.1,-1.7648968840528623,1,1
bird1,1,14,0.001,-0.7822084901544294,9,8
bird1,1,14,0.01,-0.7818737811194867,9,8
bird1,1,14,0.1,-0.7815729705405314,9,8
bird1,2,14,0.001,-0.7375754813404106,72,34
bird1,2,14,0.01,-0.7363734289329568,72,34
bird1,2,14,0.1,-0.7354876069837778,72,34
bird1,3,14,0.001,-0.7256250081013728,576,70
bird1,3,14,0.01,-0.7238801861104636,576,70
bird1,3,14,0.1,-0.7229049872942513,576,70
bird1,4,14,0.001,-0.729959507757313,4608,119
bird1,4,14,0.01,-0.727843663062364,4608,119
bird1,4,14,0.1,-0.7270415747713246,4608,119
bird1,5,14,0.001,-0.7423416341373374,36864,179
bird1,5,14,0.01,-0.737347513191291,36864,179
bird1,5,14,0.1,-0.7348599933818534,36864,179
bird1,0,15,0.001,-1.7471138444312482,1,1
bird1,0,15,0.01,-1.7471139243881693,1,1
bird1,0,15,0.1,-1.7471147242556107,1,1
bird1,1,15,0.001,-0.7831465436613744,9,8
bird1,1,15,0.01,-0.7829711825773549,9,8
bird1,1,15,0.1,-0.7828268239637921,9,8
bird1,2,15,0.001,-0.7386766945278277,72,31
bird1,2,15,0.01,-0.7383321065193078,72,31
bird1,2,15,0.1,-0.7382548615114212,72,31
bird1,3,15,0.001,-0.7239489348355206,576,66
bird1,3,15,0.01,-0.7226865205028764,576,66
bird1,3,15,0.1,-0.7222664305850516,576,66
bird1,4,15,0.001,-0.7291590360824259,4608,117
bird1,4,15,0.01,-0.724817751722645,4608,117
bird1,4,15,0.1,-0.7225161249731523,4608,117
bird1,5,15,0.001,-0.7357887408532164,36864,185
bird1,5,15,0.01,-0.7301553932175586,36864,185
bird1,5,15,0.1,-0.7277857844698349,36864,185
bird1,0,16,0.001,-1.7788302472773185,1,1
bird1,0,16,0.01,-1.7788301413682979,1,1
bird1,0,16,0.1,-1.7788290828535853,1,1
bird1,1,16,0.001,-0.7843692511302391,9,8
bird1,1,16,0.01,-0.7842003405634249,9,8
bird1,1,16,0.1,-0.7840448420560009,9,8
bird1,2,16,0.001,-0.7457189785588373,72,38
bird1,2,16,0.01,-0.7432900067152134,72,38
bird1,2,16,0.1,-0.7414232924948664,72,38
bird1,3,16,0.001,-0.7344690875059761,576,82
bird1,3,16,0.01,-0.7305806496146456,576,82
bird1,3,16,0.1,-0.7281729564939241,576,82
bird1,4,16,0.001,-0.7418890518846173,4608,139
bird1,4,16,0.01,-0.7356965943665692,4608,139
bird1,4,16,0.1,-0.7318675236101546,4608,139
bird1,5,16,0.001,-0.7518867509752686,36864,204
bird1,5,16,0.01,-0.7447914667624128,36864,204
bird1,5,16,0.1,-0.7412782367202815,36864,204
bird1,0,17,0.001,-1.7627264662050381,1,1
bird1,0,17,0.01,-1.7627264756770642,1,1
bird1,0,17,0.1,-1.762726570800308,1,1
bird1,1,17,0.001,-0.796601819677139,9,8
bird1,1,17,0.01,-0.7961051187144426,9,8
bird1,1,17,0.1,-0.7956173693776611,9,8
bird1,2,17,0.001,-0.746661339475204,72,37
bird1,2,17,0.01,-0.7441133001617101,72,37
bird1,2,17,0.1,-0.741976664787443,72,37
bird1,3,17,0.001,-0.7352844204899074,576,80
bird1,3,17,0.01,-0.7309404651770416,576,80
bird1,3,17,0.1,-0.7277266047085567,576,80
bird1,4,17,0.001,-0.7381621825209992,4608,133
bird1,4,17,0.01,-0.7323257411586452,4608,133
bird1,4,17,0.1,-0.7284787769924967,4608,133
bird1,5,17,0.001,-0.7388228315074771,36864,192
bird1,5,17,0.01,-0.7336100786878555,36864,192
bird1,5,17,0.1,-0.7310797822558117,36864,192
bird1,0,18,0.001,-1.7629981869167055,1,1
bird1,0,18,0.01,-1.762998221256765,1,1
bird1,0,18,0.1,-1.7629985650267868,1,1
bird1,1,18,0.001,-0.7826091873996346,9,8
bird1,1,18,0.01,-0.7826131661944622,9,8
bird1,1,18,0.1,-0.7826531601631687,9,8
bird1,2,18,0.001,-0.7366140958906703,72,31
bird1,2,18,0.01,-0.7355987367007127,72,31
bird1,2,18,0.1,-0.7348825916362064,72,31
bird1,3,18,0.001,-0.7236983990708407,576,68
bird1,3,18,0.01,-0.7219680295110753,576,68
bird1,3,18,0.1,-0.7209147881984378,576,68
bird1,4,18,0.001,-0.7255417665577709,4608,121
bird1,4,18,0.01,-0.7225673107384949,4608,121
bird1,4,18,0.1,-0.7210948628841177,4608,121
bird1,5,18,0.001,-0.7312806254355609,36864,179
bird1,5,18,0.01,-0.7265921677389635,36864,179
bird1,5,18,0.1,-0.7246112645492464,36864,179
bird1,0,19,0.001,-1.7609400499329624,1,1
bird1,0,19,0.01,-1.7609400239903417,1,1
bird1,0,19,0.1,-1.7609397650975571,1,1
bird1,1,19,0.001,-0.7811406684897502,9,8
bird1,1,19,0.01,-0.7809904940088214,9,8
bird1,1,19,0.1,-0.7808815884518602,9,8
bird1,2,19,0.001,-0.7364603019548411,72,34
bird1,2,19,0.01,-0.7360136530844716,72,34
bird1,2,19,0.1,-0.735893666254295,72,34
bird1,3,19,0.001,-0.721691505155107,576,71
bird1,3,19,0.01,-0.7209571627053596,576,71
bird1,3,19,0.1,-0.7210669705502926,576,71
bird1,4,19,0.001,-0.7251647396819383,4608,124
bird1,4,19,0.01,-0.7219869671707398,4608,124
bird1,4,19,0.1,-0.7207194138500825,4608,124
bird1,5,19,0.001,-0.7298014347322099,36864,187
bird1,5,19,0.01,-0.7248750480584483,36864,187
bird1,5,19,0.1,-0.7230008814177589,36864,187
bird1,0,20,0.001,-1.7840268587220587,1,1
bird1,0,20,0.01,-1.7840267631011193,1,1
bird1,0,20,0.1,-1.7840258074290924,1,1
bird1,1,20,0.001,-0.7977461649717065,9,8
bird1,1,20,0.01,-0.796736529067534,9,8
bird1,1,20,0.1,-0.7957466665564182,9,8
bird1,2,20,0.001,-0.7583799083812414,72,38
bird1,2,20,0.01,-0.755422576280539,72,38
bird1,2,20,0.1,-0.7528643293657628,72,38
bird1,3,20,0.001,-0.7507398857254726,576,88
bird1,3,20,0.01,-0.7452270133679898,576,88
bird1,3,20,0.1,-0.7410870233788902,576,88
bird1,4,20,0.001,-0.7559042060626768,4608,153
bird1,4,20,0.01,-0.7486762403253758,4608,153
bird1,4,20,0.1,-0.7439709549449034,4608,153
bird1,5,20,0.001,-0.77426611988069,36864,228
bird1,5,20,0.01,-0.7622588374227515,36864,228
bird1,5,20,0.1,-0.75435719692293,36864,228
bird1,0,21,0.001,-1.7784826614822613,1,1
bird1,0,21,0.01,-1.7784825977231753,1,1
bird1,0,21,0.1,-1.7784819606503783,1,1
bird1,1,21,0.001,-0.7847316184333222,9,8
bird1,1,21,0.01,-0.7847358929377408,9,8
bird1,1,21,0.1,-0.7847788317476997,9,8
bird1,2,21,0.001,-0.739868402795323,72,31
bird1,2,21,0.01,-0.738659068007738,72,31
bird1,2,21,0.1,-0.7377377252437947,72,31
bird1,3,21,0.001,-0.7263994274527708,576,67
bird1,3,21,0.01,-0.7253862207465942,576,67
bird1,3,21,0.1,-0.7251534248637254,576,67
bird1,4,21,0.001,-0.7267512065038269,4608,122
bird1,4,21,0.01,-0.7241159251297983,4608,122
bird1,4,21,0.1,-0.7231919605978187,4608,122
bird1,5,21,0.001,-0.7411198434461604,36864,191
bird1,5,21,0.01,-0.7346609529300513,36864,191
bird1,5,21,0.1,-0.731586394793786,36864,191
bird1,0,22,0.001,-1.770798351285014,1,1
bird1,0,22,0.01,-1.7707982428553113,1,1
bird1,0,22,0.1,-1.770797159227683,1,1
bird1,1,22,0.001,-0.7921485066255569,9,8
bird1,1,22,0.01,-0.7916554903913893,9,8
bird1,1,22,0.1,-0.7911869898828011,9,8
bird1,2,22,0.001,-0.7508235093179183,72,38
bird1,2,22,0.01,-0.7493232717128154,72,38
bird1,2,22,0.1,-0.7483357251872643,72,38
bird1,3,22,0.001,-0.7440083156302781,576,78
bird1,3,22,0.01,-0.7412468248039463,576,78
bird1,3,22,0.1,-0.7393822513646822,576,78
bird1,4,22,0.001,-0.7486056470356944,4608,134
bird1,4,22,0.01,-0.7442151805975044,4608,134
bird1,4,22,0.1,-0.7415569371064643,4608,134
bird1,5,22,0.001,-0.7569253269333169,36864,209
bird1,5,22,0.01,-0.7506322329725876,36864,209
bird1,5,22,0.1,-0.7474471717353515,36864,209
bird1,0,23,0.001,-1.765103521231281,1,1
bird1,0,23,0.01,-1.7651035382028581,1,1
bird1,0,23,0.1,-1.7651037082882586,1,1
bird1,1,23,0.001,-0.7872175552189913,9,8
bird1,1,23,0.01,-0.7870508103777714,9,8
bird1,1,23,0.1,-0.7868874353728058,9,8
bird1,2,23,0.001,-0.7483740175662341,72,38
bird1,2,23,0.01,-0.7459830498172237,72,38
bird1,2,23,0.1,-0.7441211017303895,72,38
bird1,3,23,0.001,-0.736507376513016,576,85
bird1,3,23,0.01,-0.7339399047474502,576,85
bird1,3,23,0.1,-0.7326239929637988,576,85
bird1,4,23,0.001,-0.7461872390851392,4608,147
bird1,4,23,0.01,-0.7410437831815854,4608,147
bird1,4,23,0.1,-0.7380786835110935,4608,147
bird1,5,23,0.001,-0.7609820501092833,36864,219
bird1,5,23,0.01,-0.7538442302929562,36864,219
bird1,5,23,0.1,-0.7500989621143345,36864,219
bird1,0,24,0.001,-1.772943239399657,1,1
bird1,0,24,0.01,-1.7729431476043924,1,1
bird1,0,24,0.1,-1.772942230272546,1,1
bird1,1,24,0.001,-0.7831290922300944,9,8
bird1,1,24,0.01,-0.7827866584801535,9,8
bird1,1,24,0.1,-0.7824747200226685,9,8
bird1,2,24,0.001,-0.7400828497769587,72,35
bird1,2,24,0.01,-0.7390316407529886,72,35
bird1,2,24,0.1,-0.7383204711894766,72,35
bird1,3,24,0.001,-0.7291240937291903,576,79
bird1,3,24,0.01,-0.7277695989966357,576,79
bird1,3,24,0.1,-0.7276293523826812,576,79
bird1,4,24,0.001,-0.7365207553025384,4608,138
bird1,4,24,0.01,-0.7336926000500269,4608,138
bird1,4,24,0.1,-0.7330403874966477,4608,138
bird1,5,24,0.001,-0.7414015196178767,36864,206
bird1,5,24,0.01,-0.7372231970037741,36864,206
bird1,5,24,0.1,-0.7366702679435267,36864,206
bird1,0,25,0.001,-1.7535822795340004,1,1
bird1,0,25,0.01,-1.753582361468422,1,1
bird1,0,25,0.1,-1.7535831811116536,1,1
bird1,1,25,0.001,-0.7864973256977721,9,8
bird1,1,25,0.01,-0.786169516968177,9,8
bird1,1,25,0.1,-0.7858711034661495,9,8
bird1,2,25,0.001,-0.7397964984294858,72,33
bird1,2,25,0.01,-0.73931004359904,72,33
bird1,2,25,0.1,-0.7391161458333677,72,33
bird1,3,25,0.001,-0.7233548062035426,576,70
bird1,3,25,0.01,-0.7225701559901875,576,70
bird1,3,25,0.1,-0.7227056038175245,576,70
bird1,4,25,0.001,-0.7242400052714836,4608,120
bird1,4,25,0.01,-0.7229637425956904,4608,120
bird1,4,25,0.1,-0.7233198072441613,4608,120
bird1,5,25,0.001,-0.7315981083563831,36864,186
bird1,5,25,0.01,-0.7269981186201535,36864,186
bird1,5,25,0.1,-0.7253650766024209,36864,186
bird1,0,26,0.001,-1.7572648239462192,1,1
bird1,0,26,0.01,-1.7572648564720423,1,1
bird1,0,26,0.1,-1.7572651821350114,1,1
bird1,1,26,0.001,-0.7861523203940622,9,8
bird1,1,26,0.01,-0.7858242376283512,9,8
bird1,1,26,0.1,-0.7855215633263137,9,8
bird1,2,26,0.001,-0.7458718947059106,72,35
bird1,2,26,0.01,-0.7434754368032841,72,35
bird1,2,26,0.1,-0.7414112594203177,72,35
bird1,3,26,0.001,-0.7333421829222637,576,84
bird1,3,26,0.01,-0.7303951227678352,576,84
bird1,3,26,0.1,-0.7283939203511265,576,84
bird1,4,26,0.001,-0.7353655239450622,4608,140
bird1,4,26,0.01,-0.7305847588257012,4608,140
bird1,4,26,0.1,-0.7275845523171413,4608,140
bird1,5,26,0.001,-0.7413262487221702,36864,203
bird1,5,26,0.01,-0.7355275343175639,36864,203
bird1,5,26,0.1,-0.7324821277385266,36864,203
bird1,0,27,0.001,-1.7737814190892909,1,1
bird1,0,27,0.01,-1.7737813352467326,1,1
bird1,0,27,0.1,-1.7737804973682665,1,1
bird1,1,27,0.001,-0.7898757362388835,9,8
bird1,1,27,0.01,-0.7893706208928579,9,8
bird1,1,27,0.1,-0.7888849961473815,9,8
bird1,2,27,0.001,-0.7484092306641914,72,38
bird1,2,27,0.01,-0.7465077201368767,72,38
bird1,2,27,0.1,-0.7450409085757184,72,38
bird1,3,27,0.001,-0.7363409319075715,576,82
bird1,3,27,0.01,-0.7338884430593394,576,82
bird1,3,27,0.1,-0.7324916863680676,576,82
bird1,4,27,0.001,-0.7466006034782707,4608,142
bird1,4,27,0.01,-0.7410163941402508,4608,142
bird1,4,27,0.1,-0.7377093216887526,4608,142
bird1,5,27,0.001,-0.7545142515423812,36864,212
bird1,5,27,0.01,-0.7478423326664423,36864,212
bird1,5,27,0.1,-0.7444895180797669,36864,212
bird1,0,28,0.001,-1.7656773712971052,1,1
bird1,0,28,0.01,-1.7656773338480876,1,1
bird1,0,28,0.1,-1.7656769598639093,1,1
bird1,1,28,0.001,-0.7899566403092794,9,8
bird1,1,28,0.01,-0.7894675909989208,9,8
bird1,1,28,0.1,-0.7890088716579939,9,8
bird1,2,28,0.001,-0.7476621639505792,72,35
bird1,2,28,0.01,-0.7463206268344451,72,35
bird1,2,28,0.1,-0.7452706270961924,72,35
bird1,3,28,0.001,-0.7362285104033622,576,79
bird1,3,28,0.01,-0.7336909429806725,576,79
bird1,3,28,0.1,-0.7322296515357519,576,79
bird1,4,28,0.001,-0.7365151820645317,4608,144
bird1,4,28,0.01,-0.732749359374933,4608,144
bird1,4,28,0.1,-0.7310320190172899,4608,144
bird1,5,28,0.001,-0.7592900522640657,36864,218
bird1,5,28,0.01,-0.7491874376524202,36864,218
bird1,5,28,0.1,-0.7430008035541226,36864,218
bird1,0,29,0.001,-1.7811381574895822,1,1
bird1,0,29,0.01,-1.7811380514676303,1,1
bird1,0,29,0.1,-1.7811369918432682,1,1
bird1,1,29,0.001,-0.7851855140196685,9,8
bird1,1,29,0.01,-0.7845047552714445,9,8
bird1,1,29,0.1,-0.7838483950077278,9,8
bird1,2,29,0.001,-0.7411467929861674,72,38
bird1,2,29,0.01,-0.7392237758403668,72,38
bird1,2,29,0.1,-0.7377097825122803,72,38
bird1,3,29,0.001,-0.7329920816177504,576,76
bird1,3,29,0.01,-0.7294141058967939,576,76
bird1,3,29,0.1,-0.7269349124059915,576,76
bird1,4,29,0.001,-0.7398192270400402,4608,131
bird1,4,29,0.01,-0.7336231004741743,4608,131
bird1,4,29,0.1,-0.7297848677749724,4608,131
bird1,5,29,0.001,-0.7535180174329311,36864,193
bird1,5,29,0.01,-0.7440433955319516,36864,193
bird1,5,29,0.1,-0.7381155948820679,36864,193
bird1,0,30,0.001,-1.7550988163146732,1,1
bird1,0,30,0.01,-1.7550988375727343,1,1
bird1,0,30,0.1,-1.755099050557585,1,1
bird1,1,30,0.001,-0.789936127348443,9,8
bird1,1,30,0.01,-0.7897660230949741,9,8
bird1,1,30,0.1,-0.7896309270271068,9,8
bird1,2,30,0.001,-0.7428560451092417,72,33
bird1,2,30,0.01,-0.7421519837891128,72,33
bird1,2,30,0.1,-0.7416980108381468,72,33
bird1,3,30,0.001,-0.7341143991559084,576,74
bird1,3,30,0.01,-0.7323197888652481,576,74
bird1,3,30,0.1,-0.7313733182096641,576,74
bird1,4,30,0.001,-0.7396719702452391,4608,126
bird1,4,30,0.01,-0.7352447458897735,4608,126
bird1,4,30,0.1,-0.7328179480864112,4608,126
bird1,5,30,0.001,-0.7438436310493195,36864,185
bird1,5,30,0.01,-0.7380970767700075,36864,185
bird1,5,30,0.1,-0.735200932547905,36864,185
bird1,0,31,0.001,-1.7497116912607873,1,1
bird1,0,31,0.01,-1.7497117573518348,1,1
bird1,0,31,0.1,-1.7497124186003232,1,1
bird1,1,31,0.001,-0.7909332743189176,9,8
bird1,1,31,0.01,-0.7904272540063187,9,8
bird1,1,31,0.1,-0.7899561042414224,9,8
bird1,2,31,0.001,-0.7473654139935796,72,36
bird1,2,31,0.01,-0.7468545321387349,72,36
bird1,2,31,0.1,-0.7465642416677227,72,36
bird1,3,31,0.001,-0.737302528140722,576,73
bird1,3,31,0.01,-0.7355586339251449,576,73
bird1,3,31,0.1,-0.7346622563217619,576,73
bird1,4,31,0.001,-0.7410204081429191,4608,129
bird1,4,31,0.01,-0.7374704223316445,4608,129
bird1,4,31,0.1,-0.7358707867962568,4608,129
bird1,5,31,0.001,-0.7481571129038971,36864,198
bird1,5,31,0.01,-0.7426559838646234,36864,198
bird1,5,31,0.1,-0.7404787953572254,36864,198
bird1,0,32,0.001,-1.7609101168924084,1,1
bird1,0,32,0.01,-1.760910120501938,1,1
bird1,0,32,0.1,-1.7609101570250205,1,1
bird1,1,32,0.001,-0.7883684490827412,9,8
bird1,1,32,0.01,-0.7882032083266659,9,8
bird1,1,32,0.1,-0.7880436106472867,9,8
bird1,2,32,0.001,-0.7476844376173766,72,35
bird1,2,32,0.01,-0.7454846493456534,72,35
bird1,2,32,0.1,-0.7437717657716375,72,35
bird1,3,32,0.001,-0.7437200012084153,576,81
bird1,3,32,0.01,-0.7393437416742193,576,81
bird1,3,32,0.1,-0.7359894014656407,576,81
bird1,4,32,0.001,-0.7468000385821876,4608,140
bird1,4,32,0.01,-0.7414762198094462,4608,140
bird1,4,32,0.1,-0.7379376266654574,4608,140
bird1,5,32,0.001,-0.7635272882438819,36864,215
bird1,5,32,0.01,-0.7541353282426484,36864,215
bird1,5,32,0.1,-0.7478786998751982,36864,215
bird1,0,33,0.001,-1.7776993183155525,1,1
bird1,0,33,0.01,-1.7776991993134028,1,1
bird1,0,33,0.1,-1.77769800992464,1,1
bird1,1,33,0.001,-0.7805567481246134,9,8
bird1,1,33,0.01,-0.7803903326821713,9,8
bird1,1,33,0.1,-0.7802618650966741,9,8
bird1,2,33,0.001,-0.7310393808560506,72,35
bird1,2,33,0.01,-0.7303681855289761,72,35
bird1,2,33,0.1,-0.7300901188256833,72,35
bird1,3,33,0.001,-0.7202314495856589,576,76
bird1,3,33,0.01,-0.7184997662295727,576,76
bird1,3,33,0.1,-0.7178103123555895,576,76
bird1,4,33,0.001,-0.7263315525904525,4608,132
bird1,4,33,0.01,-0.7236652603571837,4608,132
bird1,4,33,0.1,-0.7226813261579901,4608,132
bird1,5,33,0.001,-0.7387723558561263,36864,195
bird1,5,33,0.01,-0.7327772242021332,36864,195
bird1,5,33,0.1,-0.729827845692424,36864,195
bird1,0,34,0.001,-1.7657905033722705,1,1
bird1,0,34,0.01,-1.7657905342968443,1,1
bird1,0,34,0.1,-1.7657908438791559,1,1
bird1,1,34,0.001,-0.7852664821651205,9,8
bird1,1,34,0.01,-0.7851020732505861,9,8
bird1,1,34,0.1,-0.7849675707739785,9,8
bird1,2,34,0.001,-0.7454396444947354,72,33
bird1,2,34,0.01,-0.7440629553485022,72,33
bird1,2,34,0.1,-0.7429428260514913,72,33
bird1,3,34,0.001,-0.7412698003604394,576,75
bird1,3,34,0.01,-0.7366794862656301,576,75
bird1,3,34,0.1,-0.7331570813392809,576,75
bird1,4,34,0.001,-0.7441055459495801,4608,135
bird1,4,34,0.01,-0.7387254923963461,4608,135
bird1,4,34,0.1,-0.7351514217848322,4608,135
bird1,5,34,0.001,-0.7633459509599356,36864,205
bird1,5,34,0.01,-0.7527280913468574,36864,205
bird1,5,34,0.1,-0.7455257753894842,36864,205
bird1,0,35,0.001,-1.7715025810261211,1,1
bird1,0,35,0.01,-1.7715025724356837,1,1
bird1,0,35,0.1,-1.7715024869377973,1,1
bird1,1,35,0.001,-0.789888937599182,9,8
bird1,1,35,0.01,-0.7895678682809262,9,8
bird1,1,35,0.1,-0.7892765304293504,9,8
bird1,2,35,0.001,-0.7476618297186071,72,35
bird1,2,35,0.01,-0.7456628695248882,72,35
bird1,2,35,0.1,-0.7440159168827415,72,35
bird1,3,35,0.001,-0.7319981750233896,576,72
bird1,3,35,0.01,-0.7301662265600639,576,72
bird1,3,35,0.1,-0.729215136584993,576,72
bird1,4,35,0.001,-0.7340672140943906,4608,118
bird1,4,35,0.01,-0.7317371142691009,4608,118
bird1,4,35,0.1,-0.7310804254039086,4608,118
bird1,5,35,0.001,-0.7494304284916746,36864,187
bird1,5,35,0.01,-0.7416835707181995,36864,187
bird1,5,35,0.1,-0.7379448768702861,36864,187
bird1,0,36,0.001,-1.7609367174974617,1,1
bird1,0,36,0.01,-1.760936734293781,1,1
bird1,0,36,0.1,-1.7609369026761335,1,1
bird1,1,36,0.001,-0.7857284853185359,9,8
bird1,1,36,0.01,-0.7855710972231988,9,8
bird1,1,36,0.1,-0.785433094444566,9,8
bird1,2,36,0.001,-0.744858401464554,72,36
bird1,2,36,0.01,-0.7435663903510158,72,36
bird1,2,36,0.1,-0.7426316150103789,72,36
bird1,3,36,0.001,-0.736028009874545,576,82
bird1,3,36,0.01,-0.7330606973097484,576,82
bird1,3,36,0.1,-0.7312436104644998,576,82
bird1,4,36,0.001,-0.7450050401087859,4608,150
bird1,4,36,0.01,-0.7384041868138247,4608,150
bird1,4,36,0.1,-0.7343027071218792,4608,150
bird1,5,36,0.001,-0.7549035563271581,36864,237
bird1,5,36,0.01,-0.7481510944387896,36864,237
bird1,5,36,0.1,-0.7447983845061521,36864,237
bird1,0,37,0.001,-1.7702006104293202,1,1
bird1,0,37,0.01,-1.7702005718411777,1,1
bird1,0,37,0.1,-1.7702001864549881,1,1
bird1,1,37,0.001,-0.7913967679012391,9,8
bird1,1,37,0.01,-0.791049290912354,9,8
bird1,1,37,0.1,-0.7907278701074668,9,8
bird1,2,37,0.001,-0.7435545619588184,72,34
bird1,2,37,0.01,-0.7426731062488249,72,34
bird1,2,37,0.1,-0.742124098179361,72,34
bird1,3,37,0.001,-0.7350446673772144,576,71
bird1,3,37,0.01,-0.7319121610347337,576,71
bird1,3,37,0.1,-0.7297337323978177,576,71
bird1,4,37,0.001,-0.7383083951328095,4608,120
bird1,4,37,0.01,-0.7340275669645588,4608,120
bird1,4,37,0.1,-0.7316188456129024,4608,120
bird1,5,37,0.001,-0.7451273491932995,36864,179
bird1,5,37,0.01,-0.7389695826202598,36864,179
bird1,5,37,0.1,-0.7358160488360298,36864,179
bird1,0,38,0.001,-1.7536611450879156,1,1
bird1,0,38,0.01,-1.7536612035998527,1,1
bird1,0,38,0.1,-1.7536617890678365,1,1
bird1,1,38,0.001,-0.7886489606002859,9,8
bird1,1,38,0.01,-0.7883210927001119,9,8
bird1,1,38,0.1,-0.7880157578517888,9,8
bird1,2,38,0.001,-0.7408226716080815,72,33
bird1,2,38,0.01,-0.7394835691271574,72,33
bird1,2,38,0.1,-0.7384728005568408,72,33
bird1,3,38,0.001,-0.7289705713133314,576,74
bird1,3,38,0.01,-0.7262188874483767,576,74
bird1,3,38,0.1,-0.7244014603145225,576,74
bird1,4,38,0.001,-0.7314420392675213,4608,124
bird1,4,38,0.01,-0.7272540697730542,4608,124
bird1,4,38,0.1,-0.7248164273300909,4608,124
bird1,5,38,0.001,-0.7381875624660343,36864,188
bird1,5,38,0.01,-0.7324444988882246,36864,188
bird1,5,38,0.1,-0.7295619234702158,36864,188
bird1,0,39,0.001,-1.751817371881647,1,1
bird1,0,39,0.01,-1.751817424166194,1,1
bird1,0,39,0.1,-1.7518179473715991,1,1
bird1,1,39,0.001,-0.7908083105638875,9,8
bird1,1,39,0.01,-0.7902832029347372,9,8
bird1,1,39,0.1,-0.7897459158308171,9,8
bird1,2,39,0.001,-0.7509006223715406,72,40
bird1,2,39,0.01,-0.7478544986519231,72,40
bird1,2,39,0.1,-0.745378504558317,72,40
bird1,3,39,0.001,-0.7378310168702928,576,84
bird1,3,39,0.01,-0.7336050279967823,576,84
bird1,3,39,0.1,-0.7304615881485289,576,84
bird1,4,39,0.001,-0.7455924994901021,4608,143
bird1,4,39,0.01,-0.7397788850000853,4608,143
bird1,4,39,0.1,-0.7359490104158152,4608,143
bird1,5,39,0.001,-0.7622105287695843,36864,214
bird1,5,39,0.01,-0.7530929006235633,36864,214
bird1,5,39,0.1,-0.7473010210838356,36864,214
bird1,0,40,0.001,-1.759915595436979,1,1
bird1,0,40,0.01,-1.759915591748247,1,1
bird1,0,40,0.1,-1.7599155552896006,1,1
bird1,1,40,0.001,-0.783865390594089,9,8
bird1,1,40,0.01,-0.783696650462157,9,8
bird1,1,40,0.1,-0.7835390295161371,9,8
bird1,2,40,0.001,-0.7424253009158708,72,34
bird1,2,40,0.01,-0.7414040813643961,72,34
bird1,2,40,0.1,-0.7407692618261058,72,34
bird1,3,40,0.001,-0.7303984949657686,576,71
bird1,3,40,0.01,-0.72813271028962,576,71
bird1,3,40,0.1,-0.7270083138552537,576,71
bird1,4,40,0.001,-0.7346312424239348,4608,122
bird1,4,40,0.01,-0.730298040486255,4608,122
bird1,4,40,0.1,-0.7278820653603866,4608,122
bird1,5,40,0.001,-0.7455528545779089,36864,190
bird1,5,40,0.01,-0.7397453777419514,36864,190
bird1,5,40,0.1,-0.736836608632868,36864,190
bird1,0,41,0.001,-1.7723990331061412,1,1
bird1,0,41,0.01,-1.7723989114041032,1,1
bird1,0,41,0.1,-1.7723976950862796,1,1
bird1,1,41,0.001,-0.7889982605092444,9,8
bird1,1,41,0.01,-0.7888357333429852,9,8
bird1,1,41,0.1,-0.7886915298028483,9,8
bird1,2,41,0.001,-0.7431005002413205,72,34
bird1,2,41,0.01,-0.7419471412862338,72,34
bird1,2,41,0.1,-0.7411902468085748,72,34
bird1,3,41,0.001,-0.7273358431495011,576,79
bird1,3,41,0.01,-0.7255062577762195,576,79
bird1,3,41,0.1,-0.7247759789142667,576,79
bird1,4,41,0.001,-0.7272001623412604,4608,132
bird1,4,41,0.01,-0.7252104628823036,4608,132
bird1,4,41,0.1,-0.7249798567645351,4608,132
bird1,5,41,0.001,-0.73712452767875,36864,197
bird1,5,41,0.01,-0.7328928341109571,36864,197
bird1,5,41,0.1,-0.73142734962844,36864,197
bird1,0,42,0.001,-1.7528926275742998,1,1
bird1,0,42,0.01,-1.7528926810226397,1,1
bird1,0,42,0.1,-1.752893215875413,1,1
bird1,1,42,0.001,-0.7842116731496611,9,8
bird1,1,42,0.01,-0.7842150464519185,9,8
bird1,1,42,0.1,-0.7842493199449011,9,8
bird1,2,42,0.001,-0.741340096432472,72,32
bird1,2,42,0.01,-0.7403300434869384,72,32
bird1,2,42,0.1,-0.7396083680869519,72,32
bird1,3,42,0.001,-0.7261131067095012,576,68
bird1,3,42,0.01,-0.7244060026543102,576,68
bird1,3,42,0.1,-0.7234415742990937,576,68
bird1,4,42,0.001,-0.7308821495898067,4608,121
bird1,4,42,0.01,-0.7272404495773662,4608,121
bird1,4,42,0.1,-0.7254211327047914,4608,121
bird1,5,42,0.001,-0.7428138707636643,36864,191
bird1,5,42,0.01,-0.7363502876049552,36864,191
bird1,5,42,0.1,-0.733258828845217,36864,191
bird1,0,43,0.001,-1.7586047236440474,1,1
bird1,0,43,0.01,-1.7586047284722528,1,1
bird1,0,43,0.1,-1.758604777195061,1,1
bird1,1,43,0.001,-0.7971890316422304,9,8
bird1,1,43,0.01,-0.7961747699200811,9,8
bird1,1,43,0.1,-0.7951699725554321,9,8
bird1,2,43,0.001,-0.7583553445033097,72,38
bird1,2,43,0.01,-0.7557615472805402,72,38
bird1,2,43,0.1,-0.7536687812902978,72,38
bird1,3,43,0.001,-0.7489293389237024,576,83
bird1,3,43,0.01,-0.7457814435926042,576,83
bird1,3,43,0.1,-0.7437634655451324,576,83
bird1,4,43,0.001,-0.7542603507125162,4608,146
bird1,4,43,0.01,-0.7487091658013835,4608,146
bird1,4,43,0.1,-0.7454649283328256,4608,146
bird1,5,43,0.001,-0.7659873996370482,36864,226
bird1,5,43,0.01,-0.7589692443048345,36864,226
bird1,5,43,0.1,-0.7553109819951128,36864,226
bird1,0,44,0.001,-1.7813814896016285,1,1
bird1,0,44,0.01,-1.7813813579077513,1,1
bird1,0,44,0.1,-1.7813800416678547,1,1
bird1,1,44,0.001,-0.790653532359859,9,8
bird1,1,44,0.01,-0.7901790935888792,9,8
bird1,1,44,0.1,-0.7897383041760389,9,8
bird1,2,44,0.001,-0.748087873373366,72,37
bird1,2,44,0.01,-0.74629171961118,72,37
bird1,2,44,0.1,-0.7448442851439749,72,37
bird1,3,44,0.001,-0.7406896784405211,576,78
bird1,3,44,0.01,-0.7368338023120423,576,78
bird1,3,44,0.1,-0.7339279261971836,576,78
bird1,4,44,0.001,-0.7422349432976322,4608,134
bird1,4,44,0.01,-0.7381834443837119,4608,134
bird1,4,44,0.1,-0.7358551920077954,4608,134
bird1,5,44,0.001,-0.7573323360288147,36864,206
bird1,5,44,0.01,-0.7494513257160589,36864,206
bird1,5,44,0.1,-0.7446596128417432,36864,206
bird1,0,45,0.001,-1.7546021634641402,1,1
bird1,0,45,0.01,-1.754602205393263,1,1
bird1,0,45,0.1,-1.754602625049933,1,1
bird1,1,45,0.001,-0.7892584473371468,9,8
bird1,1,45,0.01,-0.7890913589152382,9,8
bird1,1,45,0.1,-0.7889539038466417,9,8
bird1,2,45,0.001,-0.7465476511220033,72,33
bird1,2,45,0.01,-0.7455077257269647,72,33
bird1,2,45,0.1,-0.7447532176731034,72,33
bird1,3,45,0.001,-0.7369780530681295,576,70
bird1,3,45,0.01,-0.7352262061826332,576,70
bird1,3,45,0.1,-0.734287542514751,576,70
bird1,4,45,0.001,-0.7461954943405658,4608,124
bird1,4,45,0.01,-0.7409675721098707,4608,124
bird1,4,45,0.1,-0.7379303673610536,4608,124
bird1,5,45,0.001,-0.7573502383450639,36864,200
bird1,5,45,0.01,-0.7491719140233889,36864,200
bird1,5,45,0.1,-0.7448914512960314,36864,200
bird1,0,46,0.001,-1.774578484076177,1,1
bird1,0,46,0.01,-1.7745784214538571,1,1
bird1,0,46,0.1,-1.7745777957170346,1,1
bird1,1,46,0.001,-0.7956374223786479,9,8
bird1,1,46,0.01,-0.7956402667965045,9,8
bird1,1,46,0.1,-0.7956690371184305,9,8
bird1,2,46,0.001,-0.7527524119618273,72,32
bird1,2,46,0.01,-0.7513507670437227,72,32
bird1,2,46,0.1,-0.7502779357212709,72,32
bird1,3,46,0.001,-0.7400915716244407,576,75
bird1,3,46,0.01,-0.7379691521325769,576,75
bird1,3,46,0.1,-0.7368234378356523,576,75
bird1,4,46,0.001,-0.7445793363958086,4608,131
bird1,4,46,0.01,-0.7413656650847682,4608,131
bird1,4,46,0.1,-0.740193576535986,4608,131
bird1,5,46,0.001,-0.7545863988336209,36864,203
bird1,5,46,0.01,-0.7490487161480945,36864,203
bird1,5,46,0.1,-0.7472137404333108,36864,203
bird1,0,47,0.001,-1.7784380302048675,1,1
bird1,0,47,0.01,-1.7784379191965898,1,1
bird1,0,47,0.1,-1.778436809768307,1,1
bird1,1,47,0.001,-0.7823231224488324,9,8
bird1,1,47,0.01,-0.7820099106479649,9,8
bird1,1,47,0.1,-0.7817298723058628,9,8
bird1,2,47,0.001,-0.7413577781127481,72,35
bird1,2,47,0.01,-0.7404118360107201,72,35
bird1,2,47,0.1,-0.7398929102310262,72,35
bird1,3,47,0.001,-0.7373377757644429,576,77
bird1,3,47,0.01,-0.733882810578507,576,77
bird1,3,47,0.1,-0.7317206697552785,576,77
bird1,4,47,0.001,-0.7421701876520058,4608,140
bird1,4,47,0.01,-0.7371581500842747,4608,140
bird1,4,47,0.1,-0.7345325972384393,4608,140
bird1,5,47,0.001,-0.7539069523153653,36864,217
bird1,5,47,0.01,-0.7457543251627389,36864,217
bird1,5,47,0.1,-0.7415916086682413,36864,217
bird1,0,48,0.001,-1.7701810167044099,1,1
bird1,0,48,0.01,-1.7701810007618564,1,1
bird1,0,48,0.1,-1.7701808417557152,1,1
bird1,1,48,0.001,-0.7873841230750157,9,8
bird1,1,48,0.01,-0.7872136727336383,9,8
bird1,1,48,0.1,-0.787064065406246,9,8
bird1,2,48,0.001,-0.7448427481256349,72,34
bird1,2,48,0.01,-0.7434381825304077,72,34
bird1,2,48,0.1,-0.7423785601684431,72,34
bird1,3,48,0.001,-0.7312984676725571,576,70
bird1,3,48,0.01,-0.7297013011351181,576,70
bird1,3,48,0.1,-0.7288356716209191,576,70
bird1,4,48,0.001,-0.7334039080946443,4608,121
bird1,4,48,0.01,-0.7307067331300248,4608,121
bird1,4,48,0.1,-0.7295740584291327,4608,121
bird1,5,48,0.001,-0.7452407158896556,36864,183
bird1,5,48,0.01,-0.738827994188466,36864,183
bird1,5,48,0.1,-0.7354402964020825,36864,183
bird1,0,49,0.001,-1.7470754315229762,1,1
bird1,0,49,0.01,-1.7470754833769602,1,1
bird1,0,49,0.1,-1.7470760022779595,1,1
bird1,1,49,0.001,-0.796225464879834,9,8
bird1,1,49,0.01,-0.7955221089501835,9,8
bird1,1,49,0.1,-0.7948203277380939,9,8
bird1,2,49,0.001,-0.7497251072898179,72,39
bird1,2,49,0.01,-0.7475748495096136,72,39
bird1,2,49,0.1,-0.7459046992232624,72,39
bird1,3,49,0.001,-0.7418463876621504,576,88
bird1,3,49,0.01,-0.7383518442461279,576,88
bird1,3,49,0.1,-0.7359443130782866,576,88
bird1,4,49,0.001,-0.7480710948686223,4608,147
bird1,4,49,0.01,-0.7428305315789172,4608,147
bird1,4,49,0.1,-0.7396225548017927,4608,147
bird1,5,49,0.001,-0.7595589584512089,36864,216
bird1,5,49,0.01,-0.7531839812317368,36864,216
bird1,5,49,0.1,-0.7496427348087026,36864,216
bird1,0,50,0.001,-1.7481893908837693,1,1
bird1,0,50,0.01,-1.7481894906170177,1,1
bird1,0,50,0.1,-1.748190488244934,1,1
bird1,1,50,0.001,-0.7829363186387281,9,8
bird1,1,50,0.01,-0.7827696719367497,9,8
bird1,1,50,0.1,-0.7826331923985027,9,8
bird1,2,50,0.001,-0.7414362685527658,72,31
bird1,2,50,0.01,-0.7402298022381529,72,31
bird1,2,50,0.1,-0.7393250488531952,72,31
bird1,3,50,0.001,-0.7307775834867927,576,63
bird1,3,50,0.01,-0.7286742258516454,576,63
bird1,3,50,0.1,-0.727360072585864,576,63
bird1,4,50,0.001,-0.7391041398302886,4608,110
bird1,4,50,0.01,-0.7342137023933367,4608,110
bird1,4,50,0.1,-0.7309860460037454,4608,110
bird1,5,50,0.001,-0.7433707267247379,36864,170
bird1,5,50,0.01,-0.7375903914978166,36864,170
bird1,5,50,0.1,-0.734189242163496,36864,170
bird2,0,1,0.001,-1.8361422646342467,1,1
bird2,0,1,0.01,-1.8361422382458674,1,1
bird2,0,1,0.1,-1.836141975058583,1,1
bird2,1,1,0.001,-0.7867180823983252,8,7
bird2,1,1,0.01,-0.7867288965136696,8,7
bird2,1,1,0.1,-0.7868379912390575,8,7
bird2,2,1,0.001,-0.7155665990617975,56,21
bird2,2,1,0.01,-0.712504573715794,56,21
bird2,2,1,0.1,-0.7098903201363274,56,21
bird2,3,1,0.001,-0.7065349016274198,392,48
bird2,3,1,0.01,-0.701546313308522,392,48
bird2,3,1,0.1,-0.6975330993529005,392,48
bird2,4,1,0.001,-0.7187153181314095,2744,86
bird2,4,1,0.01,-0.7067025121854151,2744,86
bird2,4,1,0.1,-0.697068768928614,2744,86
bird2,5,1,0.001,-0.7479374538204144,19208,132
bird2,5,1,0.01,-0.7278612535095728,19208,132
bird2,5,1,0.1,-0.7121289085494091,19208,132
bird2,0,2,0.001,-1.8305497129161525,1,1
bird2,0,2,0.01,-1.830549700242117,1,1
bird2,0,2,0.1,-1.8305495741980615,1,1
bird2,1,2,0.001,-0.7947540880161993,8,7
bird2,1,2,0.01,-0.7942478705431595,8,7
bird2,1,2,0.1,-0.7938013529495308,8,7
bird2,2,2,0.001,-0.7247811465833285,56,24
bird2,2,2,0.01,-0.7232071328025531,56,24
bird2,2,2,0.1,-0.7221685043701224,56,24
bird2,3,2,0.001,-0.7252719032509128,392,52
bird2,3,2,0.01,-0.7194689234332501,392,52
bird2,3,2,0.1,-0.7153913514181837,392,52
bird2,4,2,0.001,-0.7277793168156229,2744,93
bird2,4,2,0.01,-0.7170982955159453,2744,93
bird2,4,2,0.1,-0.7100376214972907,2744,93
bird2,5,2,0.001,-0.7592557953260247,19208,137
bird2,5,2,0.01,-0.740121922553514,19208,137
bird2,5,2,0.1,-0.7273321431362068,19208,137
bird2,0,3,0.001,-1.8313778160506249,1,1
bird2,0,3,0.01,-1.831377808666777,1,1
bird2,0,3,0.1,-1.8313777355159222,1,1
bird2,1,3,0.001,-0.8232480306472204,8,7
bird2,1,3,0.01,-0.8217615332602628,8,7
bird2,1,3,0.1,-0.8202561699143048,8,7
bird2,2,3,0.001,-0.753591437445449,56,28
bird2,2,3,0.01,-0.7505845123106164,56,28
bird2,2,3,0.1,-0.7485132565525968,56,28
bird2,3,3,0.001,-0.7693846872680501,392,67
bird2,3,3,0.01,-0.756663692164702,392,67
bird2,3,3,0.1,-0.7472731827112798,392,67
bird2,4,3,0.001,-0.7879495610943023,2744,123
bird2,4,3,0.01,-0.7649731782207931,2744,123
bird2,4,3,0.1,-0.7477143418816704,2744,123
bird2,5,3,0.001,-0.8112752197517094,19208,184
bird2,5,3,0.01,-0.7841465418336891,19208,184
bird2,5,3,0.1,-0.7645023514113984,19208,184
bird2,0,4,0.001,-1.828112770129616,1,1
bird2,0,4,0.01,-1.8281127779673279,1,1
bird2,0,4,0.1,-1.8281128570238558,1,1
bird2,1,4,0.001,-0.8154669186158852,8,7
bird2,1,4,0.01,-0.8154663911160264,8,7
bird2,1,4,0.1,-0.8154657995314614,8,7
bird2,2,4,0.001,-0.7589351753155454,56,25
bird2,2,4,0.01,-0.7526568103710631,56,25
bird2,2,4,0.1,-0.7472397154642166,56,25
bird2,3,4,0.001,-0.7546627394917217,392,60
bird2,3,4,0.01,-0.7472695513704084,392,60
bird2,3,4,0.1,-0.7417436233612728,392,60
bird2,4,4,0.001,-0.784693083621697,2744,110
bird2,4,4,0.01,-0.768016728433138,2744,110
bird2,4,4,0.1,-0.7556447393824094,2744,110
bird2,5,4,0.001,-0.8248698797043977,19208,173
bird2,5,4,0.01,-0.7930724367581421,19208,173
bird2,5,4,0.1,-0.7692551411425137,19208,173
bird2,0,5,0.001,-1.8218118764365756,1,1
bird2,0,5,0.01,-1.8218119287207857,1,1
bird2,0,5,0.1,-1.8218124522036176,1,1
bird2,1,5,0.001,-0.7840989241768642,8,7
bird2,1,5,0.01,-0.7841080922738601,8,7
bird2,1,5,0.1,-0.7842006781429867,8,7
bird2,2,5,0.001,-0.7213901149666883,56,25
bird2,2,5,0.01,-0.719449653373042,56,25
bird2,2,5,0.1,-0.7181185148793057,56,25
bird2,3,5,0.001,-0.7234938949932348,392,58
bird2,3,5,0.01,-0.718741287196939,392,58
bird2,3,5,0.1,-0.7157122199256407,392,58
bird2,4,5,0.001,-0.7307223227961172,2744,101
bird2,4,5,0.01,-0.7210278195449658,2744,101
bird2,4,5,0.1,-0.7153268247426361,2744,101
bird2,5,5,0.001,-0.7744421331198714,19208,152
bird2,5,5,0.01,-0.7514885361425451,19208,152
bird2,5,5,0.1,-0.7358290209183553,19208,152
bird2,0,6,0.001,-1.8398087450791598,1,1
bird2,0,6,0.01,-1.839808707259484,1,1
bird2,0,6,0.1,-1.8398083297633359,1,1
bird2,1,6,0.001,-0.7944725242403171,8,7
bird2,1,6,0.01,-0.7939953251059336,8,7
bird2,1,6,0.1,-0.7935990684841892,8,7
bird2,2,6,0.001,-0.7249783029684357,56,27
bird2,2,6,0.01,-0.7224498171201893,56,27
bird2,2,6,0.1,-0.7203957733083395,56,27
bird2,3,6,0.001,-0.7411374035254676,392,61
bird2,3,6,0.01,-0.7311342336758601,392,61
bird2,3,6,0.1,-0.7228722145636063,392,61
bird2,4,6,0.001,-0.7549145056637736,2744,105
bird2,4,6,0.01,-0.7381577060720336,2744,105
bird2,4,6,0.1,-0.7252514417375135,2744,105
bird2,5,6,0.001,-0.7988497676782972,19208,158
bird2,5,6,0.01,-0.770755692022322,19208,158
bird2,5,6,0.1,-0.7487010531121243,19208,158
bird2,0,7,0.001,-1.8313917764280983,1,1
bird2,0,7,0.01,-1.8313917814017158,1,1
bird2,0,7,0.1,-1.831391831809479,1,1
bird2,1,7,0.001,-0.8121448716208282,8,7
bird2,1,7,0.01,-0.8107109396191952,8,7
bird2,1,7,0.1,-0.8093702703571187,8,7
bird2,2,7,0.001,-0.7414415124672411,56,24
bird2,2,7,0.01,-0.7379223130488353,56,24
bird2,2,7,0.1,-0.7348424886407635,56,24
bird2,3,7,0.001,-0.7327579818629988,392,56
bird2,3,7,0.01,-0.7284497798938202,392,56
bird2,3,7,0.1,-0.7255439146641176,392,56
bird2,4,7,0.001,-0.7563041171290608,2744,102
bird2,4,7,0.01,-0.7403560264583451,2744,102
bird2,4,7,0.1,-0.7283615068006682,2744,102
bird2,5,7,0.001,-0.7781510478320781,19208,155
bird2,5,7,0.01,-0.7573791373460643,19208,155
bird2,5,7,0.1,-0.7430035906783617,19208,155
bird2,0,8,0.001,-1.8464555490059011,1,1
bird2,0,8,0.01,-1.8464554817439287,1,1
bird2,0,8,0.1,-1.846454809840304,1,1
bird2,1,8,0.001,-0.8083713483448731,8,7
bird2,1,8,0.01,-0.8078832523583144,8,7
bird2,1,8,0.1,-0.807400750778396,8,7
bird2,2,8,0.001,-0.7472172969930698,56,30
bird2,2,8,0.01,-0.7431844235284741,56,30
bird2,2,8,0.1,-0.7400177604064367,56,30
bird2,3,8,0.001,-0.7648434510756422,392,71
bird2,3,8,0.01,-0.7520920583753783,392,71
bird2,3,8,0.1,-0.7420678503117563,392,71
bird2,4,8,0.001,-0.7815760844226723,2744,127
bird2,4,8,0.01,-0.7613191918583256,2744,127
bird2,4,8,0.1,-0.7465421677807212,2744,127
bird2,5,8,0.001,-0.8272038747799382,19208,190
bird2,5,8,0.01,-0.7980961577036129,19208,190
bird2,5,8,0.1,-0.777605118092465,19208,190
bird2,0,9,0.001,-1.8170253743644311,1,1
bird2,0,9,0.01,-1.8170254378857646,1,1
bird2,0,9,0.1,-1.817026073740582,1,1
bird2,1,9,0.001,-0.8064655080827958,8,7
bird2,1,9,0.01,-0.8064750318855777,8,7
bird2,1,9,0.1,-0.8065714901119057,8,7
bird2,2,9,0.001,-0.7529303267901184,56,24
bird2,2,9,0.01,-0.7514012284155499,56,24
bird2,2,9,0.1,-0.7503048224257068,56,24
bird2,3,9,0.001,-0.7482728722076626,392,54
bird2,3,9,0.01,-0.7461306911175034,392,54
bird2,3,9,0.1,-0.7454637000375199,392,54
bird2,4,9,0.001,-0.7618929876641057,2744,95
bird2,4,9,0.01,-0.7534385530177233,2744,95
bird2,4,9,0.1,-0.7483989934386627,2744,95
bird2,5,9,0.001,-0.8006272241152785,19208,146
bird2,5,9,0.01,-0.7814747071333138,19208,146
bird2,5,9,0.1,-0.7685680198940794,19208,146
bird2,0,10,0.001,-1.8349997229413164,1,1
bird2,0,10,0.01,-1.8349996971750473,1,1
bird2,0,10,0.1,-1.8349994402114884,1,1
bird2,1,10,0.001,-0.79860361037737,8,7
bird2,1,10,0.01,-0.7981102853655888,8,7
bird2,1,10,0.1,-0.797687282601133,8,7
bird2,2,10,0.001,-0.7309507408458228,56,26
bird2,2,10,0.01,-0.7283675863424622,56,26
bird2,2,10,0.1,-0.7263160123046724,56,26
bird2,3,10,0.001,-0.7395990190630797,392,58
bird2,3,10,0.01,-0.7316485633352638,392,58
bird2,3,10,0.1,-0.7253388264509015,392,58
bird2,4,10,0.001,-0.7612058258062506,2744,104
bird2,4,10,0.01,-0.7432704791024697,2744,104
bird2,4,10,0.1,-0.729019189593808,2744,104
bird2,5,10,0.001,-0.7861455209261355,19208,162
bird2,5,10,0.01,-0.7617104241464787,19208,162
bird2,5,10,0.1,-0.7436278444353155,19208,162
bird2,0,11,0.001,-1.8377248922094063,1,1
bird2,0,11,0.01,-1.8377248610802244,1,1
bird2,0,11,0.1,-1.8377245504860218,1,1
bird2,1,11,0.001,-0.7922147784745412,8,7
bird2,1,11,0.01,-0.7922270725055495,8,7
bird2,1,11,0.1,-0.792351032600988,8,7
bird2,2,11,0.001,-0.7283645962578349,56,21
bird2,2,11,0.01,-0.7268437520587053,56,21
bird2,2,11,0.1,-0.7258238678367707,56,21
bird2,3,11,0.001,-0.7287237248343298,392,48
bird2,3,11,0.01,-0.7248059399630888,392,48
bird2,3,11,0.1,-0.7222136426603913,392,48
bird2,4,11,0.001,-0.7349235314205723,2744,89
bird2,4,11,0.01,-0.727095887923163,2744,89
bird2,4,11,0.1,-0.7226987000974169,2744,89
bird2,5,11,0.001,-0.7620705054300475,19208,139
bird2,5,11,0.01,-0.7457892777155494,19208,139
bird2,5,11,0.1,-0.7363799286609237,19208,139
bird2,0,12,0.001,-1.83015543005415,1,1
bird2,0,12,0.01,-1.8301554181934632,1,1
bird2,0,12,0.1,-1.8301553002837472,1,1
bird2,1,12,0.001,-0.8010537726616103,8,7
bird2,1,12,0.01,-0.8010596526657987,8,7
bird2,1,12,0.1,-0.8011205276211217,8,7
bird2,2,12,0.001,-0.7407778709162508,56,25
bird2,2,12,0.01,-0.7380837348350534,56,25
bird2,2,12,0.1,-0.7359696070818228,56,25
bird2,3,12,0.001,-0.7574173831079052,392,57
bird2,3,12,0.01,-0.7478502643770678,392,57
bird2,3,12,0.1,-0.7399187752014849,392,57
bird2,4,12,0.001,-0.7629395622887032,2744,100
bird2,4,12,0.01,-0.7481375602517277,2744,100
bird2,4,12,0.1,-0.7370177336869979,2744,100
bird2,5,12,0.001,-0.7872121652095768,19208,150
bird2,5,12,0.01,-0.7658618320280903,19208,150
bird2,5,12,0.1,-0.7516029058727187,19208,150
bird2,0,13,0.001,-1.8252230853590985,1,1
bird2,0,13,0.01,-1.8252231050125742,1,1
bird2,0,13,0.1,-1.825223302219045,1,1
bird2,1,13,0.001,-0.8308225598845442,8,7
bird2,1,13,0.01,-0.8288537761923915,8,7
bird2,1,13,0.1,-0.8268810385705152,8,7
bird2,2,13,0.001,-0.7721223829696677,56,29
bird2,2,13,0.01,-0.7639283681181719,56,29
bird2,2,13,0.1,-0.7567178337214995,56,29
bird2,3,13,0.001,-0.7798139285590364,392,74
bird2,3,13,0.01,-0.7659256551879458,392,74
bird2,3,13,0.1,-0.7547877006346474,392,74
bird2,4,13,0.001,-0.816355312852984,2744,135
bird2,4,13,0.01,-0.791022493520213,2744,135
bird2,4,13,0.1,-0.7711349838247791,2744,135
bird2,5,13,0.001,-0.860164657694406,19208,200
bird2,5,13,0.01,-0.8209865808067278,19208,200
bird2,5,13,0.1,-0.7909132585676053,19208,200
bird2,0,14,0.001,-1.8358711058114376,1,1
bird2,0,14,0.01,-1.8358710675098158,1,1
bird2,0,14,0.1,-1.8358706852064168,1,1
bird2,1,14,0.001,-0.8056951760739294,8,7
bird2,1,14,0.01,-0.8041538871315195,8,7
bird2,1,14,0.1,-0.8026551149387442,8,7
bird2,2,14,0.001,-0.7422932325843898,56,27
bird2,2,14,0.01,-0.7368635384735422,56,27
bird2,2,14,0.1,-0.7320070473600103,56,27
bird2,3,14,0.001,-0.756986997442601,392,59
bird2,3,14,0.01,-0.7438466736489984,392,59
bird2,3,14,0.1,-0.7327478762421076,392,59
bird2,4,14,0.001,-0.7657930684639391,2744,104
bird2,4,14,0.01,-0.7483599654457264,2744,104
bird2,4,14,0.1,-0.7346140261449606,2744,104
bird2,5,14,0.001,-0.8017045555456732,19208,153
bird2,5,14,0.01,-0.7747704455593316,19208,153
bird2,5,14,0.1,-0.7542445868092909,19208,153
bird2,0,15,0.001,-1.828431142992299,1,1
bird2,0,15,0.01,-1.8284311567883977,1,1
bird2,0,15,0.1,-1.8284312954185566,1,1
bird2,1,15,0.001,-0.799054984888299,8,7
bird2,1,15,0.01,-0.7990560130022891,8,7
bird2,1,15,0.1,-0.7990706702334381,8,7
bird2,2,15,0.001,-0.7474489621713878,56,25
bird2,2,15,0.01,-0.7418877842740408,56,25
bird2,2,15,0.1,-0.7373157899968409,56,25
bird2,3,15,0.001,-0.7454026086520477,392,64
bird2,3,15,0.01,-0.7376900992378123,392,64
bird2,3,15,0.1,-0.7319046904124508,392,64
bird2,4,15,0.001,-0.7589653960403021,2744,111
bird2,4,15,0.01,-0.7434363604459775,2744,111
bird2,4,15,0.1,-0.7320018614218042,2744,111
bird2,5,15,0.001,-0.7783372192447688,19208,164
bird2,5,15,0.01,-0.7598067750695611,19208,164
bird2,5,15,0.1,-0.747900928986995,19208,164
bird2,0,16,0.001,-1.836898531231488,1,1
bird2,0,16,0.01,-1.8368984982018133,1,1
bird2,0,16,0.1,-1.836898168608282,1,1
bird2,1,16,0.001,-0.8035094762699843,8,7
bird2,1,16,0.01,-0.8035174595766506,8,7
bird2,1,16,0.1,-0.8035988321408649,8,7
bird2,2,16,0.001,-0.7311612861328335,56,25
bird2,2,16,0.01,-0.7290587615304798,56,25
bird2,2,16,0.1,-0.7275061011525469,56,25
bird2,3,16,0.001,-0.7347706268031021,392,53
bird2,3,16,0.01,-0.7296477971525738,392,53
bird2,3,16,0.1,-0.7262324187453806,392,53
bird2,4,16,0.001,-0.7478789345663479,2744,94
bird2,4,16,0.01,-0.7341604170299785,2744,94
bird2,4,16,0.1,-0.7243274413582917,2744,94
bird2,5,16,0.001,-0.7700305110508668,19208,144
bird2,5,16,0.01,-0.7524649447068329,19208,144
bird2,5,16,0.1,-0.7408296936426779,19208,144
bird2,0,17,0.001,-1.8345153821714,1,1
bird2,0,17,0.01,-1.8345153484502845,1,1
bird2,0,17,0.1,-1.8345150119512654,1,1
bird2,1,17,0.001,-0.791566303428955,8,7
bird2,1,17,0.01,-0.791575643149315,8,7
bird2,1,17,0.1,-0.7916699765571814,8,7
bird2,2,17,0.001,-0.7248317548802412,56,25
bird2,2,17,0.01,-0.7243445616971808,56,25
bird2,2,17,0.1,-0.7243429495613272,56,25
bird2,3,17,0.001,-0.7290017115698295,392,56
bird2,3,17,0.01,-0.7244184530459329,392,56
bird2,3,17,0.1,-0.7215381673198917,392,56
bird2,4,17,0.001,-0.750396035024756,2744,101
bird2,4,17,0.01,-0.7339415154103665,2744,101
bird2,4,17,0.1,-0.721857638554993,2744,101
bird2,5,17,0.001,-0.7734201150181699,19208,153
bird2,5,17,0.01,-0.7516503624195434,19208,153
bird2,5,17,0.1,-0.7366363834663358,19208,153
bird2,0,18,0.001,-1.8263240761264776,1,1
bird2,0,18,0.01,-1.8263241036542952,1,1
bird2,0,18,0.1,-1.8263243795895043,1,1
bird2,1,18,0.001,-0.7910355442625582,8,7
bird2,1,18,0.01,-0.7905631870956813,8,7
bird2,1,18,0.1,-0.7901665322768818,8,7
bird2,2,18,0.001,-0.7307615665879486,56,25
bird2,2,18,0.01,-0.72728345809546,56,25
bird2,2,18,0.1,-0.724480110286988,56,25
bird2,3,18,0.001,-0.7255336533961481,392,55
bird2,3,18,0.01,-0.72072681583316,392,55
bird2,3,18,0.1,-0.7175501410007739,392,55
bird2,4,18,0.001,-0.7397555046298584,2744,102
bird2,4,18,0.01,-0.7276632093102382,2744,102
bird2,4,18,0.1,-0.7198231620200801,2744,102
bird2,5,18,0.001,-0.7726503644361865,19208,158
bird2,5,18,0.01,-0.7528288466247991,19208,158
bird2,5,18,0.1,-0.7403460637469221,19208,158
bird2,0,19,0.001,-1.8242347936191285,1,1
bird2,0,19,0.01,-1.824234830260241,1,1
bird2,0,19,0.1,-1.8242351973253765,1,1
bird2,1,19,0.001,-0.8047722544096872,8,7
bird2,1,19,0.01,-0.8047797542738374,8,7
bird2,1,19,0.1,-0.8048569349005292,8,7
bird2,2,19,0.001,-0.740805841414444,56,25
bird2,2,19,0.01,-0.7377794798231918,56,25
bird2,2,19,0.1,-0.7353245271287636,56,25
bird2,3,19,0.001,-0.7395622893355585,392,55
bird2,3,19,0.01,-0.7340571615591097,392,55
bird2,3,19,0.1,-0.7297415299407918,392,55
bird2,4,19,0.001,-0.7587082139052953,2744,98
bird2,4,19,0.01,-0.7449672550825682,2744,98
bird2,4,19,0.1,-0.7350459405252967,2744,98
bird2,5,19,0.001,-0.7927988153445253,19208,146
bird2,5,19,0.01,-0.7682896711715659,19208,146
bird2,5,19,0.1,-0.7500686095603845,19208,146
bird2,0,20,0.001,-1.8275777966373392,1,1
bird2,0,20,0.01,-1.8275778078186284,1,1
bird2,0,20,0.1,-1.8275779203057312,1,1
bird2,1,20,0.001,-0.8043664909209035,8,7
bird2,1,20,0.01,-0.802896730372706,8,7
bird2,1,20,0.1,-0.8015095933882012,8,7
bird2,2,20,0.001,-0.741078373311166,56,27
bird2,2,20,0.01,-0.7379791766107495,56,27
bird2,2,20,0.1,-0.735402239159091,56,27
bird2,3,20,0.001,-0.743590246648108,392,62
bird2,3,20,0.01,-0.7356715225516339,392,62
bird2,3,20,0.1,-0.7295908003257418,392,62
bird2,4,20,0.001,-0.7660051313769132,2744,111
bird2,4,20,0.01,-0.748311617662807,2744,111
bird2,4,20,0.1,-0.7348466512475043,2744,111
bird2,5,20,0.001,-0.7951250910576626,19208,163
bird2,5,20,0.01,-0.770445244941672,19208,163
bird2,5,20,0.1,-0.7523698975519022,19208,163
bird2,0,21,0.001,-1.8395083630565405,1,1
bird2,0,21,0.01,-1.8395083404468515,1,1
bird2,0,21,0.1,-1.8395081150323669,1,1
bird2,1,21,0.001,-0.8225619824133803,8,7
bird2,1,21,0.01,-0.8211244628160655,8,7
bird2,1,21,0.1,-0.8197696728672886,8,7
bird2,2,21,0.001,-0.751397726061972,56,23
bird2,2,21,0.01,-0.7468665003899452,56,23
bird2,2,21,0.1,-0.7428227384964484,56,23
bird2,3,21,0.001,-0.7522117465880885,392,54
bird2,3,21,0.01,-0.7446261871041806,392,54
bird2,3,21,0.1,-0.7387208041600426,392,54
bird2,4,21,0.001,-0.7985020353337449,2744,103
bird2,4,21,0.01,-0.7709341966575581,2744,103
bird2,4,21,0.1,-0.7485478562001353,2744,103
bird2,5,21,0.001,-0.8256881742687805,19208,167
bird2,5,21,0.01,-0.7931129002475445,19208,167
bird2,5,21,0.1,-0.7678144822340206,19208,167
bird2,0,22,0.001,-1.8286272586345438,1,1
bird2,0,22,0.01,-1.8286272827026802,1,1
bird2,0,22,0.1,-1.8286275240400756,1,1
bird2,1,22,0.001,-0.7933052105447325,8,7
bird2,1,22,0.01,-0.7933163709711359,8,7
bird2,1,22,0.1,-0.7934287108157467,8,7
bird2,2,22,0.001,-0.7293920063985209,56,23
bird2,2,22,0.01,-0.7274163176276608,56,23
bird2,2,22,0.1,-0.7257880420009116,56,23
bird2,3,22,0.001,-0.7358955103470788,392,55
bird2,3,22,0.01,-0.728376087023606,392,55
bird2,3,22,0.1,-0.7223033732131161,392,55
bird2,4,22,0.001,-0.7478645552180854,2744,97
bird2,4,22,0.01,-0.7337921787881814,2744,97
bird2,4,22,0.1,-0.7225945699884203,2744,97
bird2,5,22,0.001,-0.7840138673246272,19208,152
bird2,5,22,0.01,-0.7602227876724696,19208,152
bird2,5,22,0.1,-0.7417998611724975,19208,152
bird2,0,23,0.001,-1.81791322279925,1,1
bird2,0,23,0.01,-1.8179132928823116,1,1
bird2,0,23,0.1,-1.8179139943434244,1,1
bird2,1,23,0.001,-0.7929619813924342,8,7
bird2,1,23,0.01,-0.7929719199527637,8,7
bird2,1,23,0.1,-0.7930719877358872,8,7
bird2,2,23,0.001,-0.7382111479230457,56,23
bird2,2,23,0.01,-0.7357366675130413,56,23
bird2,2,23,0.1,-0.7337587604640379,56,23
bird2,3,23,0.001,-0.7376432697314608,392,54
bird2,3,23,0.01,-0.7333740724790415,392,54
bird2,3,23,0.1,-0.7303636618991699,392,54
bird2,4,23,0.001,-0.7664696390029971,2744,95
bird2,4,23,0.01,-0.749498524730778,2744,95
bird2,4,23,0.1,-0.7365536779798093,2744,95
bird2,5,23,0.001,-0.7980028883066503,19208,149
bird2,5,23,0.01,-0.7716950077901082,19208,149
bird2,5,23,0.1,-0.7519644961387941,19208,149
bird2,0,24,0.001,-1.8232698409295682,1,1
bird2,0,24,0.01,-1.8232698809643686,1,1
bird2,0,24,0.1,-1.8232702819638038,1,1
bird2,1,24,0.001,-0.7890919454395608,8,7
bird2,1,24,0.01,-0.7881435998774429,8,7
bird2,1,24,0.1,-0.7872589706482015,8,7
bird2,2,24,0.001,-0.726106785321562,56,24
bird2,2,24,0.01,-0.722123340681242,56,24
bird2,2,24,0.1,-0.7188201155427092,56,24
bird2,3,24,0.001,-0.7253150484346568,392,61
bird2,3,24,0.01,-0.7194257876090069,392,61
bird2,3,24,0.1,-0.7156074749301582,392,61
bird2,4,24,0.001,-0.7325286725491378,2744,106
bird2,4,24,0.01,-0.7233339860383596,2744,106
bird2,4,24,0.1,-0.7181630975083088,2744,106
bird2,5,24,0.001,-0.7642559983541115,19208,161
bird2,5,24,0.01,-0.7460186627829247,19208,161
bird2,5,24,0.1,-0.7346693825262604,19208,161
bird2,0,25,0.001,-1.8367659788356652,1,1
bird2,0,25,0.01,-1.8367659595831218,1,1
bird2,0,25,0.1,-1.8367657677423648,1,1
bird2,1,25,0.001,-0.7961083735262529,8,7
bird2,1,25,0.01,-0.7961178454281423,8,7
bird2,1,25,0.1,-0.7962133585302333,8,7
bird2,2,25,0.001,-0.727211973066293,56,23
bird2,2,25,0.01,-0.7222451793852781,56,23
bird2,2,25,0.1,-0.7178688032046765,56,23
bird2,3,25,0.001,-0.72050485004986,392,58
bird2,3,25,0.01,-0.715127772462725,392,58
bird2,3,25,0.1,-0.7109332237365353,392,58
bird2,4,25,0.001,-0.7380539200857481,2744,104
bird2,4,25,0.01,-0.725337113825754,2744,104
bird2,4,25,0.1,-0.7159311722991234,2744,104
bird2,5,25,0.001,-0.7795115943612626,19208,160
bird2,5,25,0.01,-0.7540833521809778,19208,160
bird2,5,25,0.1,-0.7348255187773581,19208,160
bird2,0,26,0.001,-1.8306947074780924,1,1
bird2,0,26,0.01,-1.8306947103727362,1,1
bird2,0,26,0.1,-1.8306947399954292,1,1
bird2,1,26,0.001,-0.7867599102898428,8,7
bird2,1,26,0.01,-0.7867686346334162,8,7
bird2,1,26,0.1,-0.786857946612039,8,7
bird2,2,26,0.001,-0.7232701243873472,56,23
bird2,2,26,0.01,-0.7197275490712807,56,23
bird2,2,26,0.1,-0.7166961603657326,56,23
bird2,3,26,0.001,-0.7170959461897002,392,56
bird2,3,26,0.01,-0.7127405820147676,392,56
bird2,3,26,0.1,-0.7097648763233738,392,56
bird2,4,26,0.001,-0.7284944294503738,2744,103
bird2,4,26,0.01,-0.7172221389751279,2744,103
bird2,4,26,0.1,-0.7095541983426721,2744,103
bird2,5,26,0.001,-0.7582989722843434,19208,157
bird2,5,26,0.01,-0.7373485222168642,19208,157
bird2,5,26,0.1,-0.7233397451442709,19208,157
bird2,0,27,0.001,-1.8311280301875144,1,1
bird2,0,27,0.01,-1.8311280255515427,1,1
bird2,0,27,0.1,-1.831127979876122,1,1
bird2,1,27,0.001,-0.7945298206691124,8,7
bird2,1,27,0.01,-0.794036772825672,8,7
bird2,1,27,0.1,-0.7936512939516257,8,7
bird2,2,27,0.001,-0.7325746083699457,56,23
bird2,2,27,0.01,-0.7294292180519425,56,23
bird2,2,27,0.1,-0.7267413008511874,56,23
bird2,3,27,0.001,-0.7355841715331963,392,53
bird2,3,27,0.01,-0.7287363723873691,392,53
bird2,3,27,0.1,-0.7232484055566999,392,53
bird2,4,27,0.001,-0.7424887398998979,2744,93
bird2,4,27,0.01,-0.7313453571114853,2744,93
bird2,4,27,0.1,-0.7232387703595172,2744,93
bird2,5,27,0.001,-0.7892949356557966,19208,139
bird2,5,27,0.01,-0.7638981755124683,19208,139
bird2,5,27,0.1,-0.7444409026607215,19208,139
bird2,0,28,0.001,-1.8355672130454286,1,1
bird2,0,28,0.01,-1.8355671985477946,1,1
bird2,0,28,0.1,-1.8355670542533156,1,1
bird2,1,28,0.001,-0.8152123435956544,8,7
bird2,1,28,0.01,-0.8137799955728129,8,7
bird2,1,28,0.1,-0.8123938685962262,8,7
bird2,2,28,0.001,-0.7524714641242011,56,29
bird2,2,28,0.01,-0.7484853056831928,56,29
bird2,2,28,0.1,-0.7451353389114405,56,29
bird2,3,28,0.001,-0.779821447427122,392,70
bird2,3,28,0.01,-0.7657339504141436,392,70
bird2,3,28,0.1,-0.7542035117298684,392,70
bird2,4,28,0.001,-0.7950398052818309,2744,132
bird2,4,28,0.01,-0.7735547386096158,2744,132
bird2,4,28,0.1,-0.7567133439716153,2744,132
bird2,5,28,0.001,-0.8387937481707679,19208,196
bird2,5,28,0.01,-0.8067348712239102,19208,196
bird2,5,28,0.1,-0.7821412279799675,19208,196
bird2,0,29,0.001,-1.8425914149473999,1,1
bird2,0,29,0.01,-1.8425913594550665,1,1
bird2,0,29,0.1,-1.8425908052463122,1,1
bird2,1,29,0.001,-0.7922500125575354,8,7
bird2,1,29,0.01,-0.7917605313228239,8,7
bird2,1,29,0.1,-0.7913693483032492,8,7
bird2,2,29,0.001,-0.7182219333496528,56,22
bird2,2,29,0.01,-0.717212700014206,56,22
bird2,2,29,0.1,-0.7166496149222344,56,22
bird2,3,29,0.001,-0.7213373768043582,392,48
bird2,3,29,0.01,-0.7162671663986888,392,48
bird2,3,29,0.1,-0.7127879461102543,392,48
bird2,4,29,0.001,-0.7516999800893551,2744,85
bird2,4,29,0.01,-0.7338138422173357,2744,85
bird2,4,29,0.1,-0.7196683366280223,2744,85
bird2,5,29,0.001,-0.7801898156859799,19208,134
bird2,5,29,0.01,-0.7557440035636789,19208,134
bird2,5,29,0.1,-0.7373343469381008,19208,134
bird2,0,30,0.001,-1.8293192479081903,1,1
bird2,0,30,0.01,-1.829319237760607,1,1
bird2,0,30,0.1,-1.829319136981199,1,1
bird2,1,30,0.001,-0.8396765996294844,8,7
bird2,1,30,0.01,-0.8386350077410945,8,7
bird2,1,30,0.1,-0.8374651367926578,8,7
bird2,2,30,0.001,-0.7839331845716289,56,29
bird2,2,30,0.01,-0.7765234440989182,56,29
bird2,2,30,0.1,-0.7706267247543033,56,29
bird2,3,30,0.001,-0.8000742235725065,392,72
bird2,3,30,0.01,-0.7849508808942595,392,72
bird2,3,30,0.1,-0.7730114509693119,392,72
bird2,4,30,0.001,-0.8187462289844821,2744,128
bird2,4,30,0.01,-0.7947543725619421,2744,128
bird2,4,30,0.1,-0.7771068720603379,2744,128
bird2,5,30,0.001,-0.8650070098370898,19208,198
bird2,5,30,0.01,-0.8263887111671555,19208,198
bird2,5,30,0.1,-0.7979270626476852,19208,198
bird2,0,31,0.001,-1.8345919909379853,1,1
bird2,0,31,0.01,-1.834591964992898,1,1
bird2,0,31,0.1,-1.8345917062419603,1,1
bird2,1,31,0.001,-0.8152940653706063,8,7
bird2,1,31,0.01,-0.8147769033838821,8,7
bird2,1,31,0.1,-0.8141790772510051,8,7
bird2,2,31,0.001,-0.7722728005831835,56,30
bird2,2,31,0.01,-0.7621923761073595,56,30
bird2,2,31,0.1,-0.7533902652194264,56,30
bird2,3,31,0.001,-0.7831673916716984,392,70
bird2,3,31,0.01,-0.765707034417249,392,70
bird2,3,31,0.1,-0.751165381413721,392,70
bird2,4,31,0.001,-0.761828452266217,2744,121
bird2,4,31,0.01,-0.7493662302160001,2744,121
bird2,4,31,0.1,-0.7408812352529796,2744,121
bird2,5,31,0.001,-0.7855834314090648,19208,171
bird2,5,31,0.01,-0.7667147425766541,19208,171
bird2,5,31,0.1,-0.7540359709140383,19208,171
bird2,0,32,0.001,-1.8266565814804603,1,1
bird2,0,32,0.01,-1.826656605905286,1,1
bird2,0,32,0.1,-1.82665685081558,1,1
bird2,1,32,0.001,-0.8296396636915329,8,7
bird2,1,32,0.01,-0.829643558681215,8,7
bird2,1,32,0.1,-0.8296851824356157,8,7
bird2,2,32,0.001,-0.7644295425254121,56,27
bird2,2,32,0.01,-0.7608813598892553,56,27
bird2,2,32,0.1,-0.7580349478715404,56,27
bird2,3,32,0.001,-0.7632372667636672,392,61
bird2,3,32,0.01,-0.7561149135553976,392,61
bird2,3,32,0.1,-0.7510233348186898,392,61
bird2,4,32,0.001,-0.7804999049592686,2744,102
bird2,4,32,0.01,-0.7636191635457794,2744,102
bird2,4,32,0.1,-0.7507963365480121,2744,102
bird2,5,32,0.001,-0.8188043551126155,19208,151
bird2,5,32,0.01,-0.7898378920084886,19208,151
bird2,5,32,0.1,-0.7685842921591252,19208,151
bird2,0,33,0.001,-1.8313633532305482,1,1
bird2,0,33,0.01,-1.8313633399544855,1,1
bird2,0,33,0.1,-1.8313632078878768,1,1
bird2,1,33,0.001,-0.8183993540714494,8,7
bird2,1,33,0.01,-0.8173817786049737,8,7
bird2,1,33,0.1,-0.8163554042530724,8,7
bird2,2,33,0.001,-0.7631795122528318,56,30
bird2,2,33,0.01,-0.7579130311814808,56,30
bird2,2,33,0.1,-0.7535503132873,56,30
bird2,3,33,0.001,-0.7704937508790726,392,68
bird2,3,33,0.01,-0.7613478339916034,392,68
bird2,3,33,0.1,-0.7546584084683292,392,68
bird2,4,33,0.001,-0.7851875410181408,2744,117
bird2,4,33,0.01,-0.7697715179984806,2744,117
bird2,4,33,0.1,-0.7594516513258638,2744,117
bird2,5,33,0.001,-0.8214097770898348,19208,174
bird2,5,33,0.01,-0.7956262793553334,19208,174
bird2,5,33,0.1,-0.7786996391187467,19208,174
bird2,0,34,0.001,-1.8292791294916226,1,1
bird2,0,34,0.01,-1.829279126833805,1,1
bird2,0,34,0.1,-1.8292791009434164,1,1
bird2,1,34,0.001,-0.7726179649771814,8,7
bird2,1,34,0.01,-0.7721252217520741,8,7
bird2,1,34,0.1,-0.7717345686351115,8,7
bird2,2,34,0.001,-0.7112428648036367,56,23
bird2,2,34,0.01,-0.7086317172709444,56,23
bird2,2,34,0.1,-0.7065751373781526,56,23
bird2,3,34,0.001,-0.7130396890597989,392,50
bird2,3,34,0.01,-0.7084390820555487,392,50
bird2,3,34,0.1,-0.7052040080144498,392,50
bird2,4,34,0.001,-0.7210278774399912,2744,82
bird2,4,34,0.01,-0.7116569222608928,2744,82
bird2,4,34,0.1,-0.7054948475736271,2744,82
bird2,5,34,0.001,-0.7518261028599346,19208,125
bird2,5,34,0.01,-0.7321695069736419,19208,125
bird2,5,34,0.1,-0.7188842386112465,19208,125
bird2,0,35,0.001,-1.827696230734088,1,1
bird2,0,35,0.01,-1.8276962327629285,1,1
bird2,0,35,0.1,-1.8276962537372945,1,1
bird2,1,35,0.001,-0.7922707890085549,8,7
bird2,1,35,0.01,-0.7922774030495182,8,7
bird2,1,35,0.1,-0.7923451631350212,8,7
bird2,2,35,0.001,-0.7385634193871133,56,26
bird2,2,35,0.01,-0.7343370081030272,56,26
bird2,2,35,0.1,-0.7307479438905006,56,26
bird2,3,35,0.001,-0.7359268959747717,392,59
bird2,3,35,0.01,-0.7307714321801136,392,59
bird2,3,35,0.1,-0.7271889077913732,392,59
bird2,4,35,0.001,-0.7539580488535877,2744,101
bird2,4,35,0.01,-0.7406509508513686,2744,101
bird2,4,35,0.1,-0.7309677509046014,2744,101
bird2,5,35,0.001,-0.7799358404948326,19208,150
bird2,5,35,0.01,-0.7593038667890234,19208,150
bird2,5,35,0.1,-0.7447684038297528,19208,150
bird2,0,36,0.001,-1.8257051976661367,1,1
bird2,0,36,0.01,-1.8257052178134614,1,1
bird2,0,36,0.1,-1.825705419956214,1,1
bird2,1,36,0.001,-0.7937676023002292,8,7
bird2,1,36,0.01,-0.7927860582813916,8,7
bird2,1,36,0.1,-0.7918395205990928,8,7
bird2,2,36,0.001,-0.7355750148332902,56,24
bird2,2,36,0.01,-0.730921764733922,56,24
bird2,2,36,0.1,-0.726710043181654,56,24
bird2,3,36,0.001,-0.7317906494941021,392,55
bird2,3,36,0.01,-0.7228139909259256,392,55
bird2,3,36,0.1,-0.7156816465733664,392,55
bird2,4,36,0.001,-0.7474529038589559,2744,94
bird2,4,36,0.01,-0.729291552937764,2744,94
bird2,4,36,0.1,-0.715362736115299,2744,94
bird2,5,36,0.001,-0.7783710385339168,19208,140
bird2,5,36,0.01,-0.7523955224744928,19208,140
bird2,5,36,0.1,-0.7329423361331715,19208,140
bird2,0,37,0.001,-1.8215431832647164,1,1
bird2,0,37,0.01,-1.8215432372828597,1,1
bird2,0,37,0.1,-1.8215437781044395,1,1
bird2,1,37,0.001,-0.8002396935130988,8,7
bird2,1,37,0.01,-0.8002449664599764,8,7
bird2,1,37,0.1,-0.8003008881712731,8,7
bird2,2,37,0.001,-0.7285986981977537,56,26
bird2,2,37,0.01,-0.7266746148661574,56,26
bird2,2,37,0.1,-0.7254786913397009,56,26
bird2,3,37,0.001,-0.7333203639791614,392,57
bird2,3,37,0.01,-0.7269471928213923,392,57
bird2,3,37,0.1,-0.7224923646745476,392,57
bird2,4,37,0.001,-0.7378467236643448,2744,106
bird2,4,37,0.01,-0.7267929105390317,2744,106
bird2,4,37,0.1,-0.7193013739758408,2744,106
bird2,5,37,0.001,-0.7800075380069159,19208,162
bird2,5,37,0.01,-0.7561825973918718,19208,162
bird2,5,37,0.1,-0.7391182069054101,19208,162
bird2,0,38,0.001,-1.8201747918763493,1,1
bird2,0,38,0.01,-1.8201748249312173,1,1
bird2,0,38,0.1,-1.8201751561505128,1,1
bird2,1,38,0.001,-0.8048954302809066,8,7
bird2,1,38,0.01,-0.8038913900751804,8,7
bird2,1,38,0.1,-0.8029427923214727,8,7
bird2,2,38,0.001,-0.7398605719255682,56,29
bird2,2,38,0.01,-0.7367268079649114,56,29
bird2,2,38,0.1,-0.7342549924850553,56,29
bird2,3,38,0.001,-0.7565490349089504,392,63
bird2,3,38,0.01,-0.7461258830642173,392,63
bird2,3,38,0.1,-0.7376692253394386,392,63
bird2,4,38,0.001,-0.7754990174767122,2744,108
bird2,4,38,0.01,-0.7577847222026183,2744,108
bird2,4,38,0.1,-0.7434727004914896,2744,108
bird2,5,38,0.001,-0.8119746498615362,19208,161
bird2,5,38,0.01,-0.7868784056357624,19208,161
bird2,5,38,0.1,-0.7678686293614879,19208,161
bird2,0,39,0.001,-1.820138049360089,1,1
bird2,0,39,0.01,-1.8201380805640353,1,1
bird2,0,39,0.1,-1.8201383932778967,1,1
bird2,1,39,0.001,-0.785447346705843,8,7
bird2,1,39,0.01,-0.7854598937101108,8,7
bird2,1,39,0.1,-0.7855857320654595,8,7
bird2,2,39,0.001,-0.7247442845839596,56,21
bird2,2,39,0.01,-0.723689305593801,56,21
bird2,2,39,0.1,-0.7230314778789717,56,21
bird2,3,39,0.001,-0.7194669170030737,392,48
bird2,3,39,0.01,-0.7165632242276349,392,48
bird2,3,39,0.1,-0.7148000081233672,392,48
bird2,4,39,0.001,-0.7375084988592441,2744,85
bird2,4,39,0.01,-0.7257533834249439,2744,85
bird2,4,39,0.1,-0.7171496995077179,2744,85
bird2,5,39,0.001,-0.7460841933385829,19208,131
bird2,5,39,0.01,-0.7311163276258531,19208,131
bird2,5,39,0.1,-0.7218606107357755,19208,131
bird2,0,40,0.001,-1.8209167798494705,1,1
bird2,0,40,0.01,-1.8209167990409516,1,1
bird2,0,40,0.1,-1.8209169916439205,1,1
bird2,1,40,0.001,-0.8197544164298877,8,7
bird2,1,40,0.01,-0.8181533639645807,8,7
bird2,1,40,0.1,-0.8166119873168262,8,7
bird2,2,40,0.001,-0.7696654647299928,56,24
bird2,2,40,0.01,-0.7622788446144767,56,24
bird2,2,40,0.1,-0.7554252137266839,56,24
bird2,3,40,0.001,-0.7685442339445837,392,55
bird2,3,40,0.01,-0.7567115377750112,392,55
bird2,3,40,0.1,-0.746602267782347,392,55
bird2,4,40,0.001,-0.7668222559852125,2744,97
bird2,4,40,0.01,-0.752737588932337,2744,97
bird2,4,40,0.1,-0.7419865742931196,2744,97
bird2,5,40,0.001,-0.7989843564429017,19208,143
bird2,5,40,0.01,-0.7750385026152979,19208,143
bird2,5,40,0.1,-0.7574363926886262,19208,143
bird2,0,41,0.001,-1.8220465454535033,1,1
bird2,0,41,0.01,-1.8220465772900554,1,1
bird2,0,41,0.1,-1.8220468963230838,1,1
bird2,1,41,0.001,-0.7989454661329003,8,7
bird2,1,41,0.01,-0.7989502514154624,8,7
bird2,1,41,0.1,-0.7990008570903604,8,7
bird2,2,41,0.001,-0.734158138563132,56,23
bird2,2,41,0.01,-0.7310490873359647,56,23
bird2,2,41,0.1,-0.7285353433420506,56,23
bird2,3,41,0.001,-0.7454100634755142,392,52
bird2,3,41,0.01,-0.737973010575815,392,52
bird2,3,41,0.1,-0.7318542757513088,392,52
bird2,4,41,0.001,-0.7527342204043043,2744,93
bird2,4,41,0.01,-0.7404198863423909,2744,93
bird2,4,41,0.1,-0.7314736025115074,2744,93
bird2,5,41,0.001,-0.7885935361672818,19208,138
bird2,5,41,0.01,-0.7673888382390196,19208,138
bird2,5,41,0.1,-0.7521272129300118,19208,138
bird2,0,42,0.001,-1.836602446875076,1,1
bird2,0,42,0.01,-1.8366024135566632,1,1
bird2,0,42,0.1,-1.8366020810769554,1,1
bird2,1,42,0.001,-0.7885580565722223,8,7
bird2,1,42,0.01,-0.7885679860791566,8,7
bird2,1,42,0.1,-0.7886687509117309,8,7
bird2,2,42,0.001,-0.7204242134329087,56,22
bird2,2,42,0.01,-0.7194068034487576,56,22
bird2,2,42,0.1,-0.718884073016592,56,22
bird2,3,42,0.001,-0.7222513148542917,392,48
bird2,3,42,0.01,-0.7194604474548116,392,48
bird2,3,42,0.1,-0.7180341515194528,392,48
bird2,4,42,0.001,-0.7369465978871088,2744,84
bird2,4,42,0.01,-0.7258429065557038,2744,84
bird2,4,42,0.1,-0.7185423336223256,2744,84
bird2,5,42,0.001,-0.7724973072526422,19208,132
bird2,5,42,0.01,-0.7505703885919539,19208,132
bird2,5,42,0.1,-0.735766493606901,19208,132
bird2,0,43,0.001,-1.827754044853214,1,1
bird2,0,43,0.01,-1.82775405292256,1,1
bird2,0,43,0.1,-1.8277541342951893,1,1
bird2,1,43,0.001,-0.8031099846814579,8,7
bird2,1,43,0.01,-0.8021185442331829,8,7
bird2,1,43,0.1,-0.8012227481870711,8,7
bird2,2,43,0.001,-0.7368818909760864,56,22
bird2,2,43,0.01,-0.7332395132831353,56,22
bird2,2,43,0.1,-0.73006480675862,56,22
bird2,3,43,0.001,-0.7367210357933529,392,51
bird2,3,43,0.01,-0.7299408284684541,392,51
bird2,3,43,0.1,-0.7246538711074854,392,51
bird2,4,43,0.001,-0.7465310900244926,2744,91
bird2,4,43,0.01,-0.734950570737455,2744,91
bird2,4,43,0.1,-0.7266130383220992,2744,91
bird2,5,43,0.001,-0.8021307569827011,19208,139
bird2,5,43,0.01,-0.7714137333680885,19208,139
bird2,5,43,0.1,-0.7479257031106793,19208,139
bird2,0,44,0.001,-1.8242763396481287,1,1
bird2,0,44,0.01,-1.8242763650718503,1,1
bird2,0,44,0.1,-1.82427661997628,1,1
bird2,1,44,0.001,-0.7808646777465318,8,7
bird2,1,44,0.01,-0.7808731703383913,8,7
bird2,1,44,0.1,-0.7809592178891406,8,7
bird2,2,44,0.001,-0.711599978017456,56,22
bird2,2,44,0.01,-0.7100766089978776,56,22
bird2,2,44,0.1,-0.7090092851744866,56,22
bird2,3,44,0.001,-0.7129464534730546,392,51
bird2,3,44,0.01,-0.7073339408032979,392,51
bird2,3,44,0.1,-0.7032508227701322,392,51
bird2,4,44,0.001,-0.7241206785704123,2744,93
bird2,4,44,0.01,-0.7125181119624405,2744,93
bird2,4,44,0.1,-0.7044372269233493,2744,93
bird2,5,44,0.001,-0.749768678688339,19208,139
bird2,5,44,0.01,-0.732658654367327,19208,139
bird2,5,44,0.1,-0.7211903844611873,19208,139
bird2,0,45,0.001,-1.8238238861979157,1,1
bird2,0,45,0.01,-1.8238239023782898,1,1
bird2,0,45,0.1,-1.8238240648630366,1,1
bird2,1,45,0.001,-0.7953679795337405,8,7
bird2,1,45,0.01,-0.7948625110116085,8,7
bird2,1,45,0.1,-0.7944692194000086,8,7
bird2,2,45,0.001,-0.7238264417354516,56,23
bird2,2,45,0.01,-0.7227575030022717,56,23
bird2,2,45,0.1,-0.7219892178997627,56,23
bird2,3,45,0.001,-0.7276720421853216,392,49
bird2,3,45,0.01,-0.7210968273147639,392,49
bird2,3,45,0.1,-0.7156196632967018,392,49
bird2,4,45,0.001,-0.7359225330934328,2744,86
bird2,4,45,0.01,-0.7203971084204199,2744,86
bird2,4,45,0.1,-0.7078011137370267,2744,86
bird2,5,45,0.001,-0.7557910524027599,19208,130
bird2,5,45,0.01,-0.7361518968938795,19208,130
bird2,5,45,0.1,-0.7214642742890686,19208,130
bird2,0,46,0.001,-1.8240369480957312,1,1
bird2,0,46,0.01,-1.8240369749128873,1,1
bird2,0,46,0.1,-1.8240372437509365,1,1
bird2,1,46,0.001,-0.7893193714335879,8,7
bird2,1,46,0.01,-0.7893280517649354,8,7
bird2,1,46,0.1,-0.7894165330153641,8,7
bird2,2,46,0.001,-0.7251924179230126,56,23
bird2,2,46,0.01,-0.721080020134178,56,23
bird2,2,46,0.1,-0.7175055476100511,56,23
bird2,3,46,0.001,-0.7160361978232734,392,53
bird2,3,46,0.01,-0.7110461761649652,392,53
bird2,3,46,0.1,-0.7073669831405079,392,53
bird2,4,46,0.001,-0.7125440080022406,2744,88
bird2,4,46,0.01,-0.7053024172535663,2744,88
bird2,4,46,0.1,-0.7001440917837416,2744,88
bird2,5,46,0.001,-0.7545685831323117,19208,134
bird2,5,46,0.01,-0.7336106901819472,19208,134
bird2,5,46,0.1,-0.7183791946776933,19208,134
bird2,0,47,0.001,-1.8326027727048948,1,1
bird2,0,47,0.01,-1.8326027611848652,1,1
bird2,0,47,0.1,-1.8326026466741774,1,1
bird2,1,47,0.001,-0.7881079393231529,8,7
bird2,1,47,0.01,-0.7881182304630416,8,7
bird2,1,47,0.1,-0.7882224937702961,8,7
bird2,2,47,0.001,-0.71899353435212,56,21
bird2,2,47,0.01,-0.7179808020253522,56,21
bird2,2,47,0.1,-0.7174024100504424,56,21
bird2,3,47,0.001,-0.7238532107692053,392,49
bird2,3,47,0.01,-0.7198889984240013,392,49
bird2,3,47,0.1,-0.7172210883992813,392,49
bird2,4,47,0.001,-0.7379535142162463,2744,90
bird2,4,47,0.01,-0.727380028611101,2744,90
bird2,4,47,0.1,-0.7196539117912092,2744,90
bird2,5,47,0.001,-0.7612256131622739,19208,136
bird2,5,47,0.01,-0.7451228328788588,19208,136
bird2,5,47,0.1,-0.7341345502335885,19208,136
bird2,0,48,0.001,-1.8289218513981178,1,1
bird2,0,48,0.01,-1.8289218691714166,1,1
bird2,0,48,0.1,-1.8289220475659154,1,1
bird2,1,48,0.001,-0.8210235267159857,8,7
bird2,1,48,0.01,-0.8186455269612937,8,7
bird2,1,48,0.1,-0.8162300817206677,8,7
bird2,2,48,0.001,-0.7677223394766134,56,30
bird2,2,48,0.01,-0.7598549024266278,56,30
bird2,2,48,0.1,-0.7530506800880249,56,30
bird2,3,48,0.001,-0.7789317492892085,392,74
bird2,3,48,0.01,-0.7655235020956711,392,74
bird2,3,48,0.1,-0.7547054126302946,392,74
bird2,4,48,0.001,-0.7971895103048277,2744,135
bird2,4,48,0.01,-0.7792245649706588,2744,135
bird2,4,48,0.1,-0.7660766681445969,2744,135
bird2,5,48,0.001,-0.8467145338205746,19208,207
bird2,5,48,0.01,-0.8141283957651296,19208,207
bird2,5,48,0.1,-0.7901512750595618,19208,207
bird2,0,49,0.001,-1.8336485131012432,1,1
bird2,0,49,0.01,-1.833648487066809,1,1
bird2,0,49,0.1,-1.833648227428704,1,1
bird2,1,49,0.001,-0.798618878582515,8,7
bird2,1,49,0.01,-0.7986265190125134,8,7
bird2,1,49,0.1,-0.7987047070901973,8,7
bird2,2,49,0.001,-0.7381562644505572,56,25
bird2,2,49,0.01,-0.7354914987306959,56,25
bird2,2,49,0.1,-0.7334155577890067,56,25
bird2,3,49,0.001,-0.7426030906785828,392,56
bird2,3,49,0.01,-0.7373561770857032,392,56
bird2,3,49,0.1,-0.7335126587249704,392,56
bird2,4,49,0.001,-0.7568207637635874,2744,98
bird2,4,49,0.01,-0.7454275759958892,2744,98
bird2,4,49,0.1,-0.7376043502452715,2744,98
bird2,5,49,0.001,-0.7899904879909176,19208,148
bird2,5,49,0.01,-0.7702572108677345,19208,148
bird2,5,49,0.1,-0.7575001498357532,19208,148
bird2,0,50,0.001,-1.8300859962044291,1,1
bird2,0,50,0.01,-1.8300859821843287,1,1
bird2,0,50,0.1,-1.8300858426836808,1,1
bird2,1,50,0.001,-0.7985881523227311,8,7
bird2,1,50,0.01,-0.7975689184299551,8,7
bird2,1,50,0.1,-0.7966118648375562,8,7
bird2,2,50,0.001,-0.7315714119428197,56,25
bird2,2,50,0.01,-0.7272792039033118,56,25
bird2,2,50,0.1,-0.7237231373197521,56,25
bird2,3,50,0.001,-0.7300538061946029,392,57
bird2,3,50,0.01,-0.7247782898305507,392,57
bird2,3,50,0.1,-0.7212537082175642,392,57
bird2,4,50,0.001,-0.7409109236509691,2744,101
bird2,4,50,0.01,-0.7288843373740735,2744,101
bird2,4,50,0.1,-0.7214746240754492,2744,101
bird2,5,50,0.001,-0.8027865592702255,19208,154
bird2,5,50,0.01,-0.7706180549068161,19208,154
bird2,5,50,0.1,-0.7473144780266092,19208,154
bird4,0,1,0.001,-1.2633941428161728,1,1
bird4,0,1,0.01,-1.2633941669686843,1,1
bird4,0,1,0.1,-1.2633944086394302,1,1
bird4,1,1,0.001,-0.5653293315799424,5,4
bird4,1,1,0.01,-0.5653291772579891,5,4
bird4,1,1,0.1,-0.5653276674364923,5,4
bird4,2,1,0.001,-0.5432477910865311,20,12
bird4,2,1,0.01,-0.5432483420326648,20,12
bird4,2,1,0.1,-0.5432544939597059,20,12
bird4,3,1,0.001,-0.5442820125255315,80,31
bird4,3,1,0.01,-0.5431181670773965,80,31
bird4,3,1,0.1,-0.5420520124814713,80,31
bird4,4,1,0.001,-0.5558507706020419,320,61
bird4,4,1,0.01,-0.5535506921504646,320,61
bird4,4,1,0.1,-0.5515780884643235,320,61
bird4,5,1,0.001,-0.5724303359585713,1280,99
bird4,5,1,0.01,-0.5656864920405921,1280,99
bird4,5,1,0.1,-0.5597725258397563,1280,99
bird4,0,2,0.001,-1.2776411540230266,1,1
bird4,0,2,0.01,-1.2776411576230842,1,1
bird4,0,2,0.1,-1.2776411937750676,1,1
bird4,1,2,0.001,-0.5544427789363076,5,4
bird4,1,2,0.01,-0.5544430624392384,5,4
bird4,1,2,0.1,-0.5544459221596145,5,4
bird4,2,2,0.001,-0.5358652782543555,20,12
bird4,2,2,0.01,-0.5352046641480661,20,12
bird4,2,2,0.1,-0.5345514773732231,20,12
bird4,3,2,0.001,-0.5373364059359139,80,30
bird4,3,2,0.01,-0.5361501426407758,80,30
bird4,3,2,0.1,-0.5350595533131057,80,30
bird4,4,2,0.001,-0.5548793024634554,320,60
bird4,4,2,0.01,-0.5530271189648354,320,60
bird4,4,2,0.1,-0.5515536756268581,320,60
bird4,5,2,0.001,-0.5640758141975738,1280,95
bird4,5,2,0.01,-0.5588446496680161,1280,95
bird4,5,2,0.1,-0.5548227444239004,1280,95
bird4,0,3,0.001,-1.2743535068625407,1,1
bird4,0,3,0.01,-1.2743535207171637,1,1
bird4,0,3,0.1,-1.2743536594084701,1,1
bird4,1,3,0.001,-0.5555084504689082,5,4
bird4,1,3,0.01,-0.5555089475984296,5,4
bird4,1,3,0.1,-0.5555139386110007,5,4
bird4,2,3,0.001,-0.5319155540115199,20,12
bird4,2,3,0.01,-0.5317052914378618,20,12
bird4,2,3,0.1,-0.5315123826753864,20,12
bird4,3,3,0.001,-0.5316116015674703,80,30
bird4,3,3,0.01,-0.5311589120202918,80,30
bird4,3,3,0.1,-0.53078533516862,80,30
bird4,4,3,0.001,-0.5450523788764295,320,53
bird4,4,3,0.01,-0.543795371944385,320,53
bird4,4,3,0.1,-0.5428406501839869,320,53
bird4,5,3,0.001,-0.5568282450129645,1280,82
bird4,5,3,0.01,-0.5540599597258486,1280,82
bird4,5,3,0.1,-0.5519571947238601,1280,82
bird4,0,4,0.001,-1.2818370915411785,1,1
bird4,0,4,0.01,-1.2818370822900849,1,1
bird4,0,4,0.1,-1.2818369899382498,1,1
bird4,1,4,0.001,-0.5697973360670151,5,4
bird4,1,4,0.01,-0.5697972807785919,5,4
bird4,1,4,0.1,-0.5697967544011643,5,4
bird4,2,4,0.001,-0.5432507585080939,20,12
bird4,2,4,0.01,-0.5430202672565202,20,12
bird4,2,4,0.1,-0.5427935392375782,20,12
bird4,3,4,0.001,-0.5466886770479903,80,30
bird4,3,4,0.01,-0.5464425903118341,80,30
bird4,3,4,0.1,-0.5462605561125302,80,30
bird4,4,4,0.001,-0.5711309400200244,320,56
bird4,4,4,0.01,-0.5680171843170482,320,56
bird4,4,4,0.1,-0.5653361523092996,320,56
bird4,5,4,0.001,-0.5794521475868212,1280,91
bird4,5,4,0.01,-0.5735490038446951,1280,91
bird4,5,4,0.1,-0.5686402160689404,1280,91
bird4,0,5,0.001,-1.2702676614021369,1,1
bird4,0,5,0.01,-1.2702676605510206,1,1
bird4,0,5,0.1,-1.2702676522005394,1,1
bird4,1,5,0.001,-0.5533259815553728,5,4
bird4,1,5,0.01,-0.5533265631369517,5,4
bird4,1,5,0.1,-0.5533323896588863,5,4
bird4,2,5,0.001,-0.526974195867566,20,10
bird4,2,5,0.01,-0.526974686359733,20,10
bird4,2,5,0.1,-0.5269800041903184,20,10
bird4,3,5,0.001,-0.5264492357278725,80,25
bird4,3,5,0.01,-0.5264601953932144,80,25
bird4,3,5,0.1,-0.5265677124008827,80,25
bird4,4,5,0.001,-0.5467103221728609,320,47
bird4,4,5,0.01,-0.5444363252778809,320,47
bird4,4,5,0.1,-0.5426182613895185,320,47
bird4,5,5,0.001,-0.5528890339290045,1280,75
bird4,5,5,0.01,-0.5497319664498185,1280,75
bird4,5,5,0.1,-0.5472451278799939,1280,75
bird4,0,6,0.001,-1.2794558636753215,1,1
bird4,0,6,0.01,-1.2794558672610294,1,1
bird4,0,6,0.1,-1.2794559032683206,1,1
bird4,1,6,0.001,-0.5740732208134997,5,4
bird4,1,6,0.01,-0.5740731621282903,5,4
bird4,1,6,0.1,-0.5740726060688208,5,4
bird4,2,6,0.001,-0.549689216057708,20,12
bird4,2,6,0.01,-0.5492497664622659,20,12
bird4,2,6,0.1,-0.5488081450372162,20,12
bird4,3,6,0.001,-0.5540013751448393,80,34
bird4,3,6,0.01,-0.553053278109357,80,34
bird4,3,6,0.1,-0.5522115457791108,80,34
bird4,4,6,0.001,-0.5784051676994092,320,63
bird4,4,6,0.01,-0.5738890132029,320,63
bird4,4,6,0.1,-0.5698608432490118,320,63
bird4,5,6,0.001,-0.5847110454210863,1280,105
bird4,5,6,0.01,-0.5786434246219356,1280,105
bird4,5,6,0.1,-0.5736552190093832,1280,105
bird4,0,7,0.001,-1.2773432568888596,1,1
bird4,0,7,0.01,-1.2773432576450299,1,1
bird4,0,7,0.1,-1.277343265360498,1,1
bird4,1,7,0.001,-0.5639893036716562,5,4
bird4,1,7,0.01,-0.5639893960299115,5,4
bird4,1,7,0.1,-0.5639903479917812,5,4
bird4,2,7,0.001,-0.5438188092141066,20,12
bird4,2,7,0.01,-0.5433695878894234,20,12
bird4,2,7,0.1,-0.5429352528803546,20,12
bird4,3,7,0.001,-0.5454494535735898,80,29
bird4,3,7,0.01,-0.5447235550184744,80,29
bird4,3,7,0.1,-0.5440790397723924,80,29
bird4,4,7,0.001,-0.5632746711356067,320,55
bird4,4,7,0.01,-0.5603111930466562,320,55
bird4,4,7,0.1,-0.5577907805211832,320,55
bird4,5,7,0.001,-0.5766733370369985,1280,91
bird4,5,7,0.01,-0.570110144616383,1280,91
bird4,5,7,0.1,-0.5644687023442354,1280,91
bird4,0,8,0.001,-1.268160106106667,1,1
bird4,0,8,0.01,-1.268160122684955,1,1
bird4,0,8,0.1,-1.2681602886159549,1,1
bird4,1,8,0.001,-0.5604391428555069,5,4
bird4,1,8,0.01,-0.5604387178032832,5,4
bird4,1,8,0.1,-0.5604345408571719,5,4
bird4,2,8,0.001,-0.539638039353744,20,12
bird4,2,8,0.01,-0.5389883603870199,20,12
bird4,2,8,0.1,-0.5383696127441862,20,12
bird4,3,8,0.001,-0.5469455156721136,80,34
bird4,3,8,0.01,-0.5450642193650773,80,34
bird4,3,8,0.1,-0.5432707444869254,80,34
bird4,4,8,0.001,-0.5694456777782256,320,64
bird4,4,8,0.01,-0.564978911361086,320,64
bird4,4,8,0.1,-0.5610036939992823,320,64
bird4,5,8,0.001,-0.5814805503938483,1280,101
bird4,5,8,0.01,-0.5739945347887916,1280,101
bird4,5,8,0.1,-0.5675658509974548,1280,101
bird4,0,9,0.001,-1.289445211995287,1,1
bird4,0,9,0.01,-1.2894452032881698,1,1
bird4,0,9,0.1,-1.289445116368673,1,1
bird4,1,9,0.001,-0.5704983595541493,5,4
bird4,1,9,0.01,-0.5704981738952257,5,4
bird4,1,9,0.1,-0.5704963710846257,5,4
bird4,2,9,0.001,-0.5458965096100407,20,12
bird4,2,9,0.01,-0.5454587283687075,20,12
bird4,2,9,0.1,-0.5449870844035971,20,12
bird4,3,9,0.001,-0.551935042950794,80,34
bird4,3,9,0.01,-0.5482298363818857,80,34
bird4,3,9,0.1,-0.5449683574464312,80,34
bird4,4,9,0.001,-0.5737012512394964,320,64
bird4,4,9,0.01,-0.5687154027159744,320,64
bird4,4,9,0.1,-0.5643422331626601,320,64
bird4,5,9,0.001,-0.5829940855509952,1280,98
bird4,5,9,0.01,-0.5746677653152232,1280,98
bird4,5,9,0.1,-0.5675233732652727,1280,98
bird4,0,10,0.001,-1.2708292220715494,1,1
bird4,0,10,0.01,-1.2708292225906694,1,1
bird4,0,10,0.1,-1.2708292279414306,1,1
bird4,1,10,0.001,-0.5548201058823773,5,4
bird4,1,10,0.01,-0.5548203612769904,5,4
bird4,1,10,0.1,-0.5548229388932442,5,4
bird4,2,10,0.001,-0.5349958361687639,20,12
bird4,2,10,0.01,-0.5347572587234852,20,12
bird4,2,10,0.1,-0.5345239202183926,20,12
bird4,3,10,0.001,-0.5407842463568537,80,28
bird4,3,10,0.01,-0.5399982989690079,80,28
bird4,3,10,0.1,-0.5392798821594524,80,28
bird4,4,10,0.001,-0.5568463516758618,320,51
bird4,4,10,0.01,-0.5556706674809869,320,51
bird4,4,10,0.1,-0.5546946518883883,320,51
bird4,5,10,0.001,-0.568265089831787,1280,79
bird4,5,10,0.01,-0.5646324764982534,1280,79
bird4,5,10,0.1,-0.5616020033010843,1280,79
bird4,0,11,0.001,-1.2606391346943215,1,1
bird4,0,11,0.01,-1.2606391612943018,1,1
bird4,0,11,0.1,-1.2606394274404813,1,1
bird4,1,11,0.001,-0.5574668192600091,5,4
bird4,1,11,0.01,-0.5574668409971424,5,4
bird4,1,11,0.1,-0.5574670869013171,5,4
bird4,2,11,0.001,-0.5335138839545311,20,12
bird4,2,11,0.01,-0.5332981035103714,20,12
bird4,2,11,0.1,-0.5330898172517831,20,12
bird4,3,11,0.001,-0.5382966521700864,80,33
bird4,3,11,0.01,-0.537126892693996,80,33
bird4,3,11,0.1,-0.5360640190661083,80,33
bird4,4,11,0.001,-0.5543634178777571,320,61
bird4,4,11,0.01,-0.5512374153511141,320,61
bird4,4,11,0.1,-0.548535111788745,320,61
bird4,5,11,0.001,-0.557904418214512,1280,98
bird4,5,11,0.01,-0.5533675062079829,1280,98
bird4,5,11,0.1,-0.5498441413593483,1280,98
bird4,0,12,0.001,-1.276780996228117,1,1
bird4,0,12,0.01,-1.2767809948887647,1,1
bird4,0,12,0.1,-1.2767809816505298,1,1
bird4,1,12,0.001,-0.5618815830974792,5,4
bird4,1,12,0.01,-0.5618819045140532,5,4
bird4,1,12,0.1,-0.5618851359231831,5,4
bird4,2,12,0.001,-0.5393737550865366,20,11
bird4,2,12,0.01,-0.5393747693239483,20,11
bird4,2,12,0.1,-0.5393850704062269,20,11
bird4,3,12,0.001,-0.5429408909234155,80,28
bird4,3,12,0.01,-0.5422090142992027,80,28
bird4,3,12,0.1,-0.5415149603904456,80,28
bird4,4,12,0.001,-0.5598381219221361,320,56
bird4,4,12,0.01,-0.5568204249419229,320,56
bird4,4,12,0.1,-0.5540933072069992,320,56
bird4,5,12,0.001,-0.5731792939170685,1280,89
bird4,5,12,0.01,-0.5671571878749087,1280,89
bird4,5,12,0.1,-0.5619123014935713,1280,89
bird4,0,13,0.001,-1.262069551127434,1,1
bird4,0,13,0.01,-1.2620695652076173,1,1
bird4,0,13,0.1,-1.2620697061628423,1,1
bird4,1,13,0.001,-0.5568292123804102,5,4
bird4,1,13,0.01,-0.55682912071555,5,4
bird4,1,13,0.1,-0.5568282408062071,5,4
bird4,2,13,0.001,-0.5395712038192929,20,12
bird4,2,13,0.01,-0.5393413486096205,20,12
bird4,2,13,0.1,-0.539100793248836,20,12
bird4,3,13,0.001,-0.5437181810838564,80,31
bird4,3,13,0.01,-0.5427243172183913,80,31
bird4,3,13,0.1,-0.5418110406792676,80,31
bird4,4,13,0.001,-0.5670214928702484,320,62
bird4,4,13,0.01,-0.5622917679442183,320,62
bird4,4,13,0.1,-0.558198088374089,320,62
bird4,5,13,0.001,-0.5781334940364381,1280,101
bird4,5,13,0.01,-0.5710443481425883,1280,101
bird4,5,13,0.1,-0.5649410778469356,1280,101
bird4,0,14,0.001,-1.2871783550296718,1,1
bird4,0,14,0.01,-1.287178336422782,1,1
bird4,0,14,0.1,-1.2871781505167357,1,1
bird4,1,14,0.001,-0.5732095136199165,5,4
bird4,1,14,0.01,-0.5732090531498971,5,4
bird4,1,14,0.1,-0.5732044956127568,5,4
bird4,2,14,0.001,-0.5488910962890128,20,12
bird4,2,14,0.01,-0.5486530037144813,20,12
bird4,2,14,0.1,-0.5484273212874634,20,12
bird4,3,14,0.001,-0.550648818476321,80,32
bird4,3,14,0.01,-0.5496090930929172,80,32
bird4,3,14,0.1,-0.5486538623137196,80,32
bird4,4,14,0.001,-0.5708047050536107,320,60
bird4,4,14,0.01,-0.5676206870960052,320,60
bird4,4,14,0.1,-0.5648796031433319,320,60
bird4,5,14,0.001,-0.5804428501980133,1280,91
bird4,5,14,0.01,-0.5759785006762331,1280,91
bird4,5,14,0.1,-0.5724654813265111,1280,91
bird4,0,15,0.001,-1.2746564288191482,1,1
bird4,0,15,0.01,-1.2746564415079105,1,1
bird4,0,15,0.1,-1.274656568541779,1,1
bird4,1,15,0.001,-0.5644169538555521,5,4
bird4,1,15,0.01,-0.5644169503506732,5,4
bird4,1,15,0.1,-0.564416960503535,5,4
bird4,2,15,0.001,-0.5425630985555187,20,12
bird4,2,15,0.01,-0.5423488390731377,20,12
bird4,2,15,0.1,-0.5421301170435895,20,12
bird4,3,15,0.001,-0.549350044579061,80,31
bird4,3,15,0.01,-0.547054904882903,80,31
bird4,3,15,0.1,-0.5449848623530433,80,31
bird4,4,15,0.001,-0.5710777591153122,320,58
bird4,4,15,0.01,-0.565479141022143,320,58
bird4,4,15,0.1,-0.5605999618172901,320,58
bird4,5,15,0.001,-0.5863123733318848,1280,96
bird4,5,15,0.01,-0.5773150379776867,1280,96
bird4,5,15,0.1,-0.5695755304524841,1280,96
bird4,0,16,0.001,-1.2808321639968594,1,1
bird4,0,16,0.01,-1.2808321640157851,1,1
bird4,0,16,0.1,-1.2808321643572798,1,1
bird4,1,16,0.001,-0.5632411063908875,5,4
bird4,1,16,0.01,-0.5632410222965916,5,4
bird4,1,16,0.1,-0.5632402310981174,5,4
bird4,2,16,0.001,-0.5387491791644614,20,12
bird4,2,16,0.01,-0.5385280790782473,20,12
bird4,2,16,0.1,-0.5383079910006641,20,12
bird4,3,16,0.001,-0.5438169877583495,80,30
bird4,3,16,0.01,-0.5430929414790993,80,30
bird4,3,16,0.1,-0.5424182168808559,80,30
bird4,4,16,0.001,-0.5798868774434932,320,56
bird4,4,16,0.01,-0.571266142665466,320,56
bird4,4,16,0.1,-0.563487391685474,320,56
bird4,5,16,0.001,-0.5898089322977034,1280,89
bird4,5,16,0.01,-0.5794778790282317,1280,89
bird4,5,16,0.1,-0.5703199094335435,1280,89
bird4,0,17,0.001,-1.2829354118132248,1,1
bird4,0,17,0.01,-1.2829354056213131,1,1
bird4,0,17,0.1,-1.2829353438574456,1,1
bird4,1,17,0.001,-0.5642597763043466,5,4
bird4,1,17,0.01,-0.5642600571250099,5,4
bird4,1,17,0.1,-0.5642628896744425,5,4
bird4,2,17,0.001,-0.5404481459852883,20,12
bird4,2,17,0.01,-0.5402229735098798,20,12
bird4,2,17,0.1,-0.5400023552928576,20,12
bird4,3,17,0.001,-0.545570699774074,80,28
bird4,3,17,0.01,-0.5440979547429106,80,28
bird4,3,17,0.1,-0.5426862700625169,80,28
bird4,4,17,0.001,-0.5631253411434063,320,52
bird4,4,17,0.01,-0.5601208477158738,320,52
bird4,4,17,0.1,-0.5573608885036024,320,52
bird4,5,17,0.001,-0.5763195832835638,1280,84
bird4,5,17,0.01,-0.5712307316951534,1280,84
bird4,5,17,0.1,-0.5669170952484561,1280,84
bird4,0,18,0.001,-1.2818480820930074,1,1
bird4,0,18,0.01,-1.2818480812922324,1,1
bird4,0,18,0.1,-1.2818480734365478,1,1
bird4,1,18,0.001,-0.570646934593671,5,4
bird4,1,18,0.01,-0.5706470666820289,5,4
bird4,1,18,0.1,-0.5706484210867211,5,4
bird4,2,18,0.001,-0.5481025754086287,20,12
bird4,2,18,0.01,-0.547664127137361,20,12
bird4,2,18,0.1,-0.5472228285807469,20,12
bird4,3,18,0.001,-0.5589478503765102,80,30
bird4,3,18,0.01,-0.5556440726018689,80,30
bird4,3,18,0.1,-0.5525986747964503,80,30
bird4,4,18,0.001,-0.5752347535327906,320,58
bird4,4,18,0.01,-0.5700361722452836,320,58
bird4,4,18,0.1,-0.5654546443032775,320,58
bird4,5,18,0.001,-0.5786068588924009,1280,95
bird4,5,18,0.01,-0.5718602127036881,1280,95
bird4,5,18,0.1,-0.5661392701200392,1280,95
bird4,0,19,0.001,-1.2757703353227359,1,1
bird4,0,19,0.01,-1.2757703464944983,1,1
bird4,0,19,0.1,-1.2757704583588279,1,1
bird4,1,19,0.001,-0.5678996637051437,5,4
bird4,1,19,0.01,-0.5678994733650191,5,4
bird4,1,19,0.1,-0.5678976207839145,5,4
bird4,2,19,0.001,-0.547944884748262,20,12
bird4,2,19,0.01,-0.5477293499639647,20,12
bird4,2,19,0.1,-0.5475094628334818,20,12
bird4,3,19,0.001,-0.5495014144294125,80,32
bird4,3,19,0.01,-0.5483532925010025,80,32
bird4,3,19,0.1,-0.5473266206053286,80,32
bird4,4,19,0.001,-0.5722406928158245,320,64
bird4,4,19,0.01,-0.5674132066060394,320,64
bird4,4,19,0.1,-0.5633424018754959,320,64
bird4,5,19,0.001,-0.587619161529446,1280,104
bird4,5,19,0.01,-0.5793165792019049,1280,104
bird4,5,19,0.1,-0.5725519622819618,1280,104
bird4,0,20,0.001,-1.2923646756600469,1,1
bird4,0,20,0.01,-1.2923646563967985,1,1
bird4,0,20,0.1,-1.2923644639235043,1,1
bird4,1,20,0.001,-0.5689167032086996,5,4
bird4,1,20,0.01,-0.5689169664301675,5,4
bird4,1,20,0.1,-0.5689196200764491,5,4
bird4,2,20,0.001,-0.5452934382301285,20,12
bird4,2,20,0.01,-0.5450643883141578,20,12
bird4,2,20,0.1,-0.5448475364579911,20,12
bird4,3,20,0.001,-0.5499789061473671,80,31
bird4,3,20,0.01,-0.5492288570659964,80,31
bird4,3,20,0.1,-0.5485325319931573,80,31
bird4,4,20,0.001,-0.5691577760563985,320,59
bird4,4,20,0.01,-0.5674772545535067,320,59
bird4,4,20,0.1,-0.5660601308107737,320,59
bird4,5,20,0.001,-0.5787829975081934,1280,90
bird4,5,20,0.01,-0.574465114007907,1280,90
bird4,5,20,0.1,-0.571041471672529,1280,90
bird4,0,21,0.001,-1.2714583048589978,1,1
bird4,0,21,0.01,-1.27145831228108,1,1
bird4,0,21,0.1,-1.2714583866549616,1,1
bird4,1,21,0.001,-0.5682376307815763,5,4
bird4,1,21,0.01,-0.5682368816471498,5,4
bird4,1,21,0.1,-0.5682294709561126,5,4
bird4,2,21,0.001,-0.5433613207475326,20,12
bird4,2,21,0.01,-0.5431359825181401,20,12
bird4,2,21,0.1,-0.5429006508005118,20,12
bird4,3,21,0.001,-0.5498199523950877,80,32
bird4,3,21,0.01,-0.5483600805322442,80,32
bird4,3,21,0.1,-0.5470678610017135,80,32
bird4,4,21,0.001,-0.5953137370936847,320,63
bird4,4,21,0.01,-0.5832436831556274,320,63
bird4,4,21,0.1,-0.5723366365709015,320,63
bird4,5,21,0.001,-0.6110615134136237,1280,106
bird4,5,21,0.01,-0.5962258547013498,1280,106
bird4,5,21,0.1,-0.58299533050938,1280,106
bird4,0,22,0.001,-1.2656330289012874,1,1
bird4,0,22,0.01,-1.265633039640141,1,1
bird4,0,22,0.1,-1.2656331471820066,1,1
bird4,1,22,0.001,-0.5664263100116523,5,4
bird4,1,22,0.01,-0.5664255375764969,5,4
bird4,1,22,0.1,-0.5664178959416513,5,4
bird4,2,22,0.001,-0.5425529894215946,20,12
bird4,2,22,0.01,-0.5418789261822242,20,12
bird4,2,22,0.1,-0.5412355228386861,20,12
bird4,3,22,0.001,-0.5473106932540064,80,34
bird4,3,22,0.01,-0.5456035102981884,80,34
bird4,3,22,0.1,-0.5440176976444628,80,34
bird4,4,22,0.001,-0.5772420750119269,320,66
bird4,4,22,0.01,-0.5704095049253588,320,66
bird4,4,22,0.1,-0.5643434429225963,320,66
bird4,5,22,0.001,-0.5851865566653054,1280,105
bird4,5,22,0.01,-0.5764973767234897,1280,105
bird4,5,22,0.1,-0.569287308854828,1280,105
bird4,0,23,0.001,-1.2730903490670535,1,1
bird4,0,23,0.01,-1.2730903542995007,1,1
bird4,0,23,0.1,-1.2730904067777484,1,1
bird4,1,23,0.001,-0.5661792876636655,5,4
bird4,1,23,0.01,-0.5661784978810942,5,4
bird4,1,23,0.1,-0.5661706856531196,5,4
bird4,2,23,0.001,-0.5382504397708657,20,12
bird4,2,23,0.01,-0.5377999253067716,20,12
bird4,2,23,0.1,-0.5373593980573229,20,12
bird4,3,23,0.001,-0.5435127668035742,80,33
bird4,3,23,0.01,-0.5408554998356968,80,33
bird4,3,23,0.1,-0.5384534981988741,80,33
bird4,4,23,0.001,-0.5677992853568696,320,63
bird4,4,23,0.01,-0.5618244978543004,320,63
bird4,4,23,0.1,-0.5565444688151595,320,63
bird4,5,23,0.001,-0.5814768288585187,1280,105
bird4,5,23,0.01,-0.5730925323409328,1280,105
bird4,5,23,0.1,-0.5660610706989214,1280,105
bird4,0,24,0.001,-1.2772038078646677,1,1
bird4,0,24,0.01,-1.277203812381177,1,1
bird4,0,24,0.1,-1.2772038576972686,1,1
bird4,1,24,0.001,-0.5650975511908115,5,4
bird4,1,24,0.01,-0.5650976635465939,5,4
bird4,1,24,0.1,-0.565098814862603,5,4
bird4,2,24,0.001,-0.5419817530776819,20,12
bird4,2,24,0.01,-0.541763243749998,20,12
bird4,2,24,0.1,-0.5415508377836358,20,12
bird4,3,24,0.001,-0.5457194704222244,80,28
bird4,3,24,0.01,-0.5445417054459912,80,28
bird4,3,24,0.1,-0.5434333876845071,80,28
bird4,4,24,0.001,-0.5693354167507356,320,54
bird4,4,24,0.01,-0.5653509765007461,320,54
bird4,4,24,0.1,-0.5619599409241695,320,54
bird4,5,24,0.001,-0.5821334235807148,1280,88
bird4,5,24,0.01,-0.5745245612018263,1280,88
bird4,5,24,0.1,-0.5680559434924564,1280,88
bird4,0,25,0.001,-1.2804543600190994,1,1
bird4,0,25,0.01,-1.2804543522263776,1,1
bird4,0,25,0.1,-1.2804542744582836,1,1
bird4,1,25,0.001,-0.5590997098985061,5,4
bird4,1,25,0.01,-0.5590998584347971,5,4
bird4,1,25,0.1,-0.5591013688701332,5,4
bird4,2,25,0.001,-0.5346093962151648,20,12
bird4,2,25,0.01,-0.5346097927490091,20,12
bird4,2,25,0.1,-0.5346139646247515,20,12
bird4,3,25,0.001,-0.5409487960357824,80,29
bird4,3,25,0.01,-0.5399274963878885,80,29
bird4,3,25,0.1,-0.5389553010571374,80,29
bird4,4,25,0.001,-0.5528228871479759,320,50
bird4,4,25,0.01,-0.551691740676777,320,50
bird4,4,25,0.1,-0.5507936713704045,320,50
bird4,5,25,0.001,-0.5571284797993772,1280,75
bird4,5,25,0.01,-0.5543192513674624,1280,75
bird4,5,25,0.1,-0.5521370232317557,1280,75
bird4,0,26,0.001,-1.281540052295357,1,1
bird4,0,26,0.01,-1.2815400572076299,1,1
bird4,0,26,0.1,-1.281540106477881,1,1
bird4,1,26,0.001,-0.5700297795704777,5,4
bird4,1,26,0.01,-0.5700300507702967,5,4
bird4,1,26,0.1,-0.5700327829977386,5,4
bird4,2,26,0.001,-0.5440626479039031,20,12
bird4,2,26,0.01,-0.5438509114064893,20,12
bird4,2,26,0.1,-0.5436556641213216,20,12
bird4,3,26,0.001,-0.5428179290564719,80,28
bird4,3,26,0.01,-0.5425957913939549,80,28
bird4,3,26,0.1,-0.5424442030950561,80,28
bird4,4,26,0.001,-0.5604408701789422,320,52
bird4,4,26,0.01,-0.5574303570096079,320,52
bird4,4,26,0.1,-0.5548057216663335,320,52
bird4,5,26,0.001,-0.5688218423563572,1280,86
bird4,5,26,0.01,-0.5633791397762129,1280,86
bird4,5,26,0.1,-0.5588884903383208,1280,86
bird4,0,27,0.001,-1.2773877723334033,1,1
bird4,0,27,0.01,-1.277387774482321,1,1
bird4,0,27,0.1,-1.2773877961245645,1,1
bird4,1,27,0.001,-0.5672683203885149,5,4
bird4,1,27,0.01,-0.5672680327352939,5,4
bird4,1,27,0.1,-0.5672652092209192,5,4
bird4,2,27,0.001,-0.5411188122052953,20,12
bird4,2,27,0.01,-0.5404511035258186,20,12
bird4,2,27,0.1,-0.5397990530035424,20,12
bird4,3,27,0.001,-0.5445247779878752,80,34
bird4,3,27,0.01,-0.5428319296771543,80,34
bird4,3,27,0.1,-0.5412165529922756,80,34
bird4,4,27,0.001,-0.558679905723799,320,60
bird4,4,27,0.01,-0.5554443326159653,320,60
bird4,4,27,0.1,-0.5525640843115277,320,60
bird4,5,27,0.001,-0.5750657396637217,1280,96
bird4,5,27,0.01,-0.5682561553991899,1280,96
bird4,5,27,0.1,-0.5624263328341377,1280,96
bird4,0,28,0.001,-1.278115290074676,1,1
bird4,0,28,0.01,-1.2781152852595938,1,1
bird4,0,28,0.1,-1.278115237265382,1,1
bird4,1,28,0.001,-0.5581592903271578,5,4
bird4,1,28,0.01,-0.55815905853182,5,4
bird4,1,28,0.1,-0.5581567949802986,5,4
bird4,2,28,0.001,-0.5398416933085982,20,12
bird4,2,28,0.01,-0.5393812960701229,20,12
bird4,2,28,0.1,-0.5389160003299448,20,12
bird4,3,28,0.001,-0.5448504446689972,80,28
bird4,3,28,0.01,-0.5426051350686266,80,28
bird4,3,28,0.1,-0.5404351950458394,80,28
bird4,4,28,0.001,-0.5704029943371736,320,53
bird4,4,28,0.01,-0.5642747535497257,320,53
bird4,4,28,0.1,-0.5589197419670137,320,53
bird4,5,28,0.001,-0.5846177778130771,1280,83
bird4,5,28,0.01,-0.5756476879101274,1280,83
bird4,5,28,0.1,-0.5679348437014307,1280,83
bird4,0,29,0.001,-1.2750019619708928,1,1
bird4,0,29,0.01,-1.2750019562094401,1,1
bird4,0,29,0.1,-1.2750018987558975,1,1
bird4,1,29,0.001,-0.5603214987652243,5,4
bird4,1,29,0.01,-0.5603218649766554,5,4
bird4,1,29,0.1,-0.5603255423175064,5,4
bird4,2,29,0.001,-0.5408141452380512,20,11
bird4,2,29,0.01,-0.5408149620919984,20,11
bird4,2,29,0.1,-0.5408232815385575,20,11
bird4,3,29,0.001,-0.5463715924772962,80,26
bird4,3,29,0.01,-0.5455868209116219,80,26
bird4,3,29,0.1,-0.544820525796958,80,26
bird4,4,29,0.001,-0.5596677224909256,320,49
bird4,4,29,0.01,-0.5570465335547394,320,49
bird4,4,29,0.1,-0.5546782421248931,320,49
bird4,5,29,0.001,-0.5722232438142031,1280,78
bird4,5,29,0.01,-0.5667385887868605,1280,78
bird4,5,29,0.1,-0.5619525518468628,1280,78
bird4,0,30,0.001,-1.2759211175196616,1,1
bird4,0,30,0.01,-1.2759211171488964,1,1
bird4,0,30,0.1,-1.2759211135972959,1,1
bird4,1,30,0.001,-0.5566032409625614,5,4
bird4,1,30,0.01,-0.5566031870539222,5,4
bird4,1,30,0.1,-0.5566026879803384,5,4
bird4,2,30,0.001,-0.5310570536406745,20,12
bird4,2,30,0.01,-0.5308314196193415,20,12
bird4,2,30,0.1,-0.5306160731577992,20,12
bird4,3,30,0.001,-0.5316543428059755,80,33
bird4,3,30,0.01,-0.5314150590806319,80,33
bird4,3,30,0.1,-0.5312456169476071,80,33
bird4,4,30,0.001,-0.5562287851055819,320,59
bird4,4,30,0.01,-0.552651646970981,320,59
bird4,4,30,0.1,-0.5495461715471676,320,59
bird4,5,30,0.001,-0.5689027134929743,1280,90
bird4,5,30,0.01,-0.5621830423148438,1280,90
bird4,5,30,0.1,-0.5565321585275212,1280,90
bird4,0,31,0.001,-1.2754947059269997,1,1
bird4,0,31,0.01,-1.2754946970684018,1,1
bird4,0,31,0.1,-1.2754946086456855,1,1
bird4,1,31,0.001,-0.5579441089233903,5,4
bird4,1,31,0.01,-0.5579441617248007,5,4
bird4,1,31,0.1,-0.5579447199763917,5,4
bird4,2,31,0.001,-0.5346183284259649,20,12
bird4,2,31,0.01,-0.5343811982938161,20,12
bird4,2,31,0.1,-0.5341641016298523,20,12
bird4,3,31,0.001,-0.5380844685067996,80,29
bird4,3,31,0.01,-0.5375675105663461,80,29
bird4,3,31,0.1,-0.5370993283324389,80,29
bird4,4,31,0.001,-0.5682838304427287,320,55
bird4,4,31,0.01,-0.5630138992617852,320,55
bird4,4,31,0.1,-0.5581959692040802,320,55
bird4,5,31,0.001,-0.5823983546086254,1280,88
bird4,5,31,0.01,-0.5730013409126153,1280,88
bird4,5,31,0.1,-0.5649017586941755,1280,88
bird4,0,32,0.001,-1.2696748785589191,1,1
bird4,0,32,0.01,-1.269674891915611,1,1
bird4,0,32,0.1,-1.269675025631566,1,1
bird4,1,32,0.001,-0.5637628442457572,5,4
bird4,1,32,0.01,-0.5637623916230062,5,4
bird4,1,32,0.1,-0.5637579066595874,5,4
bird4,2,32,0.001,-0.5420830046972446,20,12
bird4,2,32,0.01,-0.541647112236158,20,12
bird4,2,32,0.1,-0.5412075819214267,20,12
bird4,3,32,0.001,-0.5457545369702038,80,33
bird4,3,32,0.01,-0.5443474028921252,80,33
bird4,3,32,0.1,-0.5430871200457819,80,33
bird4,4,32,0.001,-0.5656583332679417,320,68
bird4,4,32,0.01,-0.5622537930883548,320,68
bird4,4,32,0.1,-0.559409683113506,320,68
bird4,5,32,0.001,-0.5776652689269046,1280,113
bird4,5,32,0.01,-0.5705027174467227,1280,113
bird4,5,32,0.1,-0.5645803161556634,1280,113
bird4,0,33,0.001,-1.276516201942288,1,1
bird4,0,33,0.01,-1.2765161997531815,1,1
bird4,0,33,0.1,-1.2765161780188676,1,1
bird4,1,33,0.001,-0.5677108695649568,5,4
bird4,1,33,0.01,-0.5677104977633958,5,4
bird4,1,33,0.1,-0.5677068331717887,5,4
bird4,2,33,0.001,-0.544925543517655,20,12
bird4,2,33,0.01,-0.5444670381383298,20,12
bird4,2,33,0.1,-0.5440023361654059,20,12
bird4,3,33,0.001,-0.5586421765628813,80,31
bird4,3,33,0.01,-0.5551316918643842,80,31
bird4,3,33,0.1,-0.5518097082086818,80,31
bird4,4,33,0.001,-0.5759052376642358,320,59
bird4,4,33,0.01,-0.5697729266372539,320,59
bird4,4,33,0.1,-0.5644036318334992,320,59
bird4,5,33,0.001,-0.5843996746746584,1280,96
bird4,5,33,0.01,-0.5770060259273676,1280,96
bird4,5,33,0.1,-0.5708921136172432,1280,96
bird4,0,34,0.001,-1.274917401458153,1,1
bird4,0,34,0.01,-1.2749173985175568,1,1
bird4,0,34,0.1,-1.2749173692706057,1,1
bird4,1,34,0.001,-0.5580321985617507,5,4
bird4,1,34,0.01,-0.5580323984390627,5,4
bird4,1,34,0.1,-0.5580344228396715,5,4
bird4,2,34,0.001,-0.5373317738743829,20,12
bird4,2,34,0.01,-0.5368615275125576,20,12
bird4,2,34,0.1,-0.5363748712474954,20,12
bird4,3,34,0.001,-0.5440618268655173,80,29
bird4,3,34,0.01,-0.5414910952983925,80,29
bird4,3,34,0.1,-0.5390093869171011,80,29
bird4,4,34,0.001,-0.5607491079821351,320,57
bird4,4,34,0.01,-0.5567418437506696,320,57
bird4,4,34,0.1,-0.5531988898805721,320,57
bird4,5,34,0.001,-0.5773260724346149,1280,87
bird4,5,34,0.01,-0.568239215455072,1280,87
bird4,5,34,0.1,-0.5602738233340012,1280,87
bird4,0,35,0.001,-1.2773540107193153,1,1
bird4,0,35,0.01,-1.2773540246917228,1,1
bird4,0,35,0.1,-1.2773541645598894,1,1
bird4,1,35,0.001,-0.5711365257406598,5,4
bird4,1,35,0.01,-0.5711363564398767,5,4
bird4,1,35,0.1,-0.5711347133912831,5,4
bird4,2,35,0.001,-0.5515972639615853,20,12
bird4,2,35,0.01,-0.5511769461583826,20,12
bird4,2,35,0.1,-0.5507702443098291,20,12
bird4,3,35,0.001,-0.5606271586687352,80,34
bird4,3,35,0.01,-0.5574441734581267,80,34
bird4,3,35,0.1,-0.5544929236327056,80,34
bird4,4,35,0.001,-0.5733824718721078,320,69
bird4,4,35,0.01,-0.5679057658414994,320,69
bird4,4,35,0.1,-0.5631080600038454,320,69
bird4,5,35,0.001,-0.5866617431710284,1280,113
bird4,5,35,0.01,-0.5784693108754726,1280,113
bird4,5,35,0.1,-0.5714762677052497,1280,113
bird4,0,36,0.001,-1.2849116607460214,1,1
bird4,0,36,0.01,-1.2849116464223522,1,1
bird4,0,36,0.1,-1.2849115033465002,1,1
bird4,1,36,0.001,-0.5716483331348331,5,4
bird4,1,36,0.01,-0.5716485009571111,5,4
bird4,1,36,0.1,-0.5716502039412686,5,4
bird4,2,36,0.001,-0.5513277671798734,20,12
bird4,2,36,0.01,-0.5510942913676402,20,12
bird4,2,36,0.1,-0.5508711456414016,20,12
bird4,3,36,0.001,-0.5508771014191968,80,30
bird4,3,36,0.01,-0.5498639850783832,80,30
bird4,3,36,0.1,-0.5489005448093746,80,30
bird4,4,36,0.001,-0.5664463725309191,320,57
bird4,4,36,0.01,-0.5639243672683398,320,57
bird4,4,36,0.1,-0.5617253631809875,320,57
bird4,5,36,0.001,-0.5794653590120019,1280,95
bird4,5,36,0.01,-0.5741928272255034,1280,95
bird4,5,36,0.1,-0.5696679115439667,1280,95
bird4,0,37,0.001,-1.2786388041394732,1,1
bird4,0,37,0.01,-1.2786388017616337,1,1
bird4,0,37,0.1,-1.2786387781381199,1,1
bird4,1,37,0.001,-0.5649824736827702,5,4
bird4,1,37,0.01,-0.5649823403656552,5,4
bird4,1,37,0.1,-0.5649810463556463,5,4
bird4,2,37,0.001,-0.5420438793490674,20,12
bird4,2,37,0.01,-0.5418185582062512,20,12
bird4,2,37,0.1,-0.5415947734662111,20,12
bird4,3,37,0.001,-0.5445901221817762,80,31
bird4,3,37,0.01,-0.5438587823417022,80,31
bird4,3,37,0.1,-0.5432165440173613,80,31
bird4,4,37,0.001,-0.5676568654862648,320,57
bird4,4,37,0.01,-0.563545614251876,320,57
bird4,4,37,0.1,-0.5600488166998108,320,57
bird4,5,37,0.001,-0.5717861196429578,1280,94
bird4,5,37,0.01,-0.5666562062862672,1280,94
bird4,5,37,0.1,-0.5624681860745097,1280,94
bird4,0,38,0.001,-1.2726302456625398,1,1
bird4,0,38,0.01,-1.2726302572225368,1,1
bird4,0,38,0.1,-1.2726303729713808,1,1
bird4,1,38,0.001,-0.5693104323420713,5,4
bird4,1,38,0.01,-0.5693094027729616,5,4
bird4,1,38,0.1,-0.569299228024521,5,4
bird4,2,38,0.001,-0.5527951307827699,20,12
bird4,2,38,0.01,-0.551701165888471,20,12
bird4,2,38,0.1,-0.5506078614311426,20,12
bird4,3,38,0.001,-0.5582379730028363,80,33
bird4,3,38,0.01,-0.5556414182248965,80,33
bird4,3,38,0.1,-0.5532376325422893,80,33
bird4,4,38,0.001,-0.5847278078485248,320,66
bird4,4,38,0.01,-0.5773885942493207,320,66
bird4,4,38,0.1,-0.5707638623241433,320,66
bird4,5,38,0.001,-0.6067697300917918,1280,106
bird4,5,38,0.01,-0.5929939696042571,1280,106
bird4,5,38,0.1,-0.5806232458163856,1280,106
bird4,0,39,0.001,-1.2622478499462018,1,1
bird4,0,39,0.01,-1.2622478783845072,1,1
bird4,0,39,0.1,-1.2622481629106181,1,1
bird4,1,39,0.001,-0.55173400237755,5,4
bird4,1,39,0.01,-0.5517343160586099,5,4
bird4,1,39,0.1,-0.5517374762175755,5,4
bird4,2,39,0.001,-0.529374459791218,20,12
bird4,2,39,0.01,-0.5293755662493504,20,12
bird4,2,39,0.1,-0.5293872093091502,20,12
bird4,3,39,0.001,-0.5310535495154617,80,29
bird4,3,39,0.01,-0.5305978382415214,80,29
bird4,3,39,0.1,-0.5302337195184673,80,29
bird4,4,39,0.001,-0.5458095550343453,320,58
bird4,4,39,0.01,-0.5440355456178845,320,58
bird4,4,39,0.1,-0.5425977613734524,320,58
bird4,5,39,0.001,-0.5748857330197606,1280,90
bird4,5,39,0.01,-0.5653839457713024,1280,90
bird4,5,39,0.1,-0.5571012901364383,1280,90
bird4,0,40,0.001,-1.2800646460365228,1,1
bird4,0,40,0.01,-1.28006465350791,1,1
bird4,0,40,0.1,-1.2800647283693076,1,1
bird4,1,40,0.001,-0.5597677309841932,5,4
bird4,1,40,0.01,-0.5597680505499025,5,4
bird4,1,40,0.1,-0.5597712694064452,5,4
bird4,2,40,0.001,-0.5359439596032927,20,12
bird4,2,40,0.01,-0.5355143148460871,20,12
bird4,2,40,0.1,-0.5350987468492129,20,12
bird4,3,40,0.001,-0.5406733769982177,80,30
bird4,3,40,0.01,-0.54021063296143,80,30
bird4,3,40,0.1,-0.539825438355052,80,30
bird4,4,40,0.001,-0.5636137587451981,320,54
bird4,4,40,0.01,-0.5605100603036879,320,54
bird4,4,40,0.1,-0.5578563077115642,320,54
bird4,5,40,0.001,-0.5779431019214284,1280,85
bird4,5,40,0.01,-0.571110747078486,1280,85
bird4,5,40,0.1,-0.5653513193564517,1280,85
bird4,0,41,0.001,-1.265399398631812,1,1
bird4,0,41,0.01,-1.2653994231165053,1,1
bird4,0,41,0.1,-1.2653996681075224,1,1
bird4,1,41,0.001,-0.5544105578707148,5,4
bird4,1,41,0.01,-0.5544104727384879,5,4
bird4,1,41,0.1,-0.5544096622116662,5,4
bird4,2,41,0.001,-0.5378591198389179,20,12
bird4,2,41,0.01,-0.5372175296706574,20,12
bird4,2,41,0.1,-0.5365899049415349,20,12
bird4,3,41,0.001,-0.5429609195706385,80,34
bird4,3,41,0.01,-0.5418013631377617,80,34
bird4,3,41,0.1,-0.5407466036285868,80,34
bird4,4,41,0.001,-0.5624716259867583,320,60
bird4,4,41,0.01,-0.5593687544062598,320,60
bird4,4,41,0.1,-0.556683576490312,320,60
bird4,5,41,0.001,-0.5754807779304988,1280,96
bird4,5,41,0.01,-0.5683796147437894,1280,96
bird4,5,41,0.1,-0.5622833434489034,1280,96
bird4,0,42,0.001,-1.288960441826257,1,1
bird4,0,42,0.01,-1.2889604213052677,1,1
bird4,0,42,0.1,-1.2889602162575553,1,1
bird4,1,42,0.001,-0.5617534679049636,5,4
bird4,1,42,0.01,-0.56175314913217,5,4
bird4,1,42,0.1,-0.5617500025118737,5,4
bird4,2,42,0.001,-0.5375549650261399,20,12
bird4,2,42,0.01,-0.5375559589988883,20,12
bird4,2,42,0.1,-0.5375662190028756,20,12
bird4,3,42,0.001,-0.5427491504281744,80,30
bird4,3,42,0.01,-0.5422440019131425,80,30
bird4,3,42,0.1,-0.5418354512117866,80,30
bird4,4,42,0.001,-0.5593068138411348,320,59
bird4,4,42,0.01,-0.5578946788421597,320,59
bird4,4,42,0.1,-0.5569665276212918,320,59
bird4,5,42,0.001,-0.5733243487901237,1280,94
bird4,5,42,0.01,-0.5679515794405268,1280,94
bird4,5,42,0.1,-0.5638301750727321,1280,94
bird4,0,43,0.001,-1.294139370527252,1,1
bird4,0,43,0.01,-1.2941393491186715,1,1
bird4,0,43,0.1,-1.294139135192777,1,1
bird4,1,43,0.001,-0.5843507078089367,5,4
bird4,1,43,0.01,-0.5843504661455601,5,4
bird4,1,43,0.1,-0.5843480864193866,5,4
bird4,2,43,0.001,-0.5565392764432775,20,12
bird4,2,43,0.01,-0.5565395844325288,20,12
bird4,2,43,0.1,-0.5565429670631635,20,12
bird4,3,43,0.001,-0.5615879476349213,80,32
bird4,3,43,0.01,-0.5608466918677083,80,32
bird4,3,43,0.1,-0.5601588270621178,80,32
bird4,4,43,0.001,-0.5932581007117765,320,67
bird4,4,43,0.01,-0.5866277151142607,320,67
bird4,4,43,0.1,-0.5807258814421282,320,67
bird4,5,43,0.001,-0.6011386212931678,1280,111
bird4,5,43,0.01,-0.590584163072697,1280,111
bird4,5,43,0.1,-0.5816992629944142,1280,111
bird4,0,44,0.001,-1.2740475584618944,1,1
bird4,0,44,0.01,-1.2740475476208972,1,1
bird4,0,44,0.1,-1.2740474393759678,1,1
bird4,1,44,0.001,-0.5659546793801818,5,4
bird4,1,44,0.01,-0.5659543864150723,5,4
bird4,1,44,0.1,-0.5659514962206351,5,4
bird4,2,44,0.001,-0.5463863069208319,20,12
bird4,2,44,0.01,-0.5461402474680401,20,12
bird4,2,44,0.1,-0.5458870037186981,20,12
bird4,3,44,0.001,-0.54480247458689,80,29
bird4,3,44,0.01,-0.5437518161672972,80,29
bird4,3,44,0.1,-0.5427982583433657,80,29
bird4,4,44,0.001,-0.5672282005089417,320,53
bird4,4,44,0.01,-0.5630894629685758,320,53
bird4,4,44,0.1,-0.5595107460250978,320,53
bird4,5,44,0.001,-0.5726970381515448,1280,87
bird4,5,44,0.01,-0.5671202425811224,1280,87
bird4,5,44,0.1,-0.5626380874852246,1280,87
bird4,0,45,0.001,-1.2769420329728312,1,1
bird4,0,45,0.01,-1.2769420249827155,1,1
bird4,0,45,0.1,-1.2769419452428976,1,1
bird4,1,45,0.001,-0.5660724283109545,5,4
bird4,1,45,0.01,-0.5660716870690737,5,4
bird4,1,45,0.1,-0.566064357717882,5,4
bird4,2,45,0.001,-0.5411801932474695,20,12
bird4,2,45,0.01,-0.5404743863058981,20,12
bird4,2,45,0.1,-0.5397589070552012,20,12
bird4,3,45,0.001,-0.5420856875715794,80,33
bird4,3,45,0.01,-0.5405607185061052,80,33
bird4,3,45,0.1,-0.5391841872681692,80,33
bird4,4,45,0.001,-0.5729273938561797,320,65
bird4,4,45,0.01,-0.5665773361066476,320,65
bird4,4,45,0.1,-0.5608759003205216,320,65
bird4,5,45,0.001,-0.5867950123466711,1280,104
bird4,5,45,0.01,-0.5762442643795469,1280,104
bird4,5,45,0.1,-0.5671078250125215,1280,104
bird4,0,46,0.001,-1.2824011502543993,1,1
bird4,0,46,0.01,-1.2824011505302118,1,1
bird4,0,46,0.1,-1.2824011534390798,1,1
bird4,1,46,0.001,-0.5702111703555108,5,4
bird4,1,46,0.01,-0.5702114051486222,5,4
bird4,1,46,0.1,-0.5702137706027809,5,4
bird4,2,46,0.001,-0.5436697272940391,20,11
bird4,2,46,0.01,-0.5436672327055188,20,11
bird4,2,46,0.1,-0.543644032954078,20,11
bird4,3,46,0.001,-0.5499213608445014,80,28
bird4,3,46,0.01,-0.5482552553428383,80,28
bird4,3,46,0.1,-0.5466397665648549,80,28
bird4,4,46,0.001,-0.5682999710099381,320,54
bird4,4,46,0.01,-0.5653619715165465,320,54
bird4,4,46,0.1,-0.5626651082499532,320,54
bird4,5,46,0.001,-0.5747556620009386,1280,85
bird4,5,46,0.01,-0.5715401449444454,1280,85
bird4,5,46,0.1,-0.5688201455602896,1280,85
bird4,0,47,0.001,-1.2774747202186907,1,1
bird4,0,47,0.01,-1.2774747115827492,1,1
bird4,0,47,0.1,-1.2774746253852625,1,1
bird4,1,47,0.001,-0.5684986611481664,5,4
bird4,1,47,0.01,-0.5684986415241137,5,4
bird4,1,47,0.1,-0.5684984765607398,5,4
bird4,2,47,0.001,-0.5527956752487151,20,12
bird4,2,47,0.01,-0.55255686998104,20,12
bird4,2,47,0.1,-0.5523307596185401,20,12
bird4,3,47,0.001,-0.5571179193206189,80,31
bird4,3,47,0.01,-0.5560764147732046,80,31
bird4,3,47,0.1,-0.5550984817224812,80,31
bird4,4,47,0.001,-0.5757310723367637,320,62
bird4,4,47,0.01,-0.5714156747799578,320,62
bird4,4,47,0.1,-0.5675913649423233,320,62
bird4,5,47,0.001,-0.6126955233441226,1280,101
bird4,5,47,0.01,-0.5967258308283258,1280,101
bird4,5,47,0.1,-0.5829019786690397,1280,101
bird4,0,48,0.001,-1.28337149156552,1,1
bird4,0,48,0.01,-1.283371490080428,1,1
bird4,0,48,0.1,-1.2833714753804861,1,1
bird4,1,48,0.001,-0.5734703199777406,5,4
bird4,1,48,0.01,-0.5734696582420197,5,4
bird4,1,48,0.1,-0.5734630964769483,5,4
bird4,2,48,0.001,-0.5526097199797058,20,12
bird4,2,48,0.01,-0.5523897222247,20,12
bird4,2,48,0.1,-0.5521543810385245,20,12
bird4,3,48,0.001,-0.5624670340499754,80,33
bird4,3,48,0.01,-0.5591613305666557,80,33
bird4,3,48,0.1,-0.5559822495540444,80,33
bird4,4,48,0.001,-0.5876056542987012,320,70
bird4,4,48,0.01,-0.5805198930161097,320,70
bird4,4,48,0.1,-0.5741010082386704,320,70
bird4,5,48,0.001,-0.6002713767645588,1280,120
bird4,5,48,0.01,-0.5913670200573456,1280,120
bird4,5,48,0.1,-0.5838794128235784,1280,120
bird4,0,49,0.001,-1.2855515329363876,1,1
bird4,0,49,0.01,-1.2855515230854764,1,1
bird4,0,49,0.1,-1.285551424733206,1,1
bird4,1,49,0.001,-0.5787367185350988,5,4
bird4,1,49,0.01,-0.578736449070072,5,4
bird4,1,49,0.1,-0.5787337977026062,5,4
bird4,2,49,0.001,-0.5557722572533699,20,12
bird4,2,49,0.01,-0.5553214187396884,20,12
bird4,2,49,0.1,-0.5548774230932833,20,12
bird4,3,49,0.001,-0.5648211672012202,80,34
bird4,3,49,0.01,-0.5621367525300432,80,34
bird4,3,49,0.1,-0.5595900284798143,80,34
bird4,4,49,0.001,-0.5987261665852185,320,67
bird4,4,49,0.01,-0.5881701117448346,320,67
bird4,4,49,0.1,-0.5789284180133788,320,67
bird4,5,49,0.001,-0.6066386106876669,1280,112
bird4,5,49,0.01,-0.5944800703662468,1280,112
bird4,5,49,0.1,-0.5843286238581407,1280,112
bird4,0,50,0.001,-1.2663828931486327,1,1
bird4,0,50,0.01,-1.2663829090276497,1,1
bird4,0,50,0.1,-1.2663830679676502,1,1
bird4,1,50,0.001,-0.5513435193019247,5,4
bird4,1,50,0.01,-0.5513438596062439,5,4
bird4,1,50,0.1,-0.5513472795916572,5,4
bird4,2,50,0.001,-0.5315332947784125,20,11
bird4,2,50,0.01,-0.5315337036784544,20,11
bird4,2,50,0.1,-0.5315382975674972,20,11
bird4,3,50,0.001,-0.5281484725226896,80,27
bird4,3,50,0.01,-0.5281523257745977,80,27
bird4,3,50,0.1,-0.5281931973394142,80,27
bird4,4,50,0.001,-0.54632301701371,320,50
bird4,4,50,0.01,-0.545270671013376,320,50
bird4,4,50,0.1,-0.5444929606624886,320,50
bird4,5,50,0.001,-0.5635162223048797,1280,75
bird4,5,50,0.01,-0.557588506278072,1280,75
bird4,5,50,0.1,-0.5524894613434324,1280,75
