,sim,alpha,corpusSize,trueK,bestK,best_ll,correct,entropy,nStates,way,bestLag
0,1,0.1,10,0,0,-6.249941406765764e-06,1,0.00023688639401577425,2,semicol,
1,1,0.1,10,0,0,-0.07111537376542967,1,0.1382986242918472,2,lagged,0.0
2,1,0.1,50,0,0,-0.1467513546563099,1,0.20967608783099004,2,semicol,
3,1,0.1,50,0,3,-0.5780124812066153,0,0.8484887735651138,2,lagged,50.0
4,1,0.1,100,0,0,-6.312691355551915e-05,1,0.00038370223190337945,2,semicol,
5,1,0.1,100,0,4,-0.4964907107221043,0,0.7407012924348498,2,lagged,30.0
6,1,0.5,10,0,2,-0.43471992821914507,0,0.6618520225279271,2,semicol,
7,1,0.5,10,0,3,-0.21564399138384316,0,0.4349075298845531,2,lagged,50.0
8,1,0.5,50,0,0,-0.6930114578894436,1,0.9999004372290812,2,semicol,
9,1,0.5,50,0,3,-0.21642846442026142,0,0.35312230193483257,2,lagged,50.0
10,1,0.5,100,0,3,-0.24997538121637836,0,0.3646467815608097,2,semicol,
11,1,0.5,100,0,3,-0.6873044682810209,0,0.996113526124817,2,lagged,50.0
12,1,1.0,10,0,4,-0.23068173327267072,0,0.35994455680918974,2,semicol,
13,1,1.0,10,0,0,-0.6894967220596491,1,0.9954164122391793,2,lagged,0.0
14,1,1.0,50,0,4,-0.6910314041370161,0,0.9961490863638272,2,semicol,
15,1,1.0,50,0,1,-0.6269529013032473,0,0.9050327131072186,2,lagged,50.0
16,1,1.0,100,0,2,-0.5582229125795373,0,0.8196026710423695,2,semicol,
17,1,1.0,100,0,0,-0.6917528323458716,1,0.9907554926974487,2,lagged,0.0
18,1,0.1,10,0,1,-0.3860949707960936,0,0.3314936507862173,3,semicol,
19,1,0.1,10,0,0,-1.2499843752058261e-05,1,1.233409555798475e-07,3,lagged,0.0
20,1,0.1,50,0,4,-0.00042855664521737987,0,0.022601038313562503,3,semicol,
21,1,0.1,50,0,4,-0.03474114358664268,0,0.03265040876412549,3,lagged,30.0
22,1,0.1,100,0,4,-0.0008672255440509371,0,0.009610111814718937,3,semicol,
23,1,0.1,100,0,3,-5.003727777202966e-06,0,0.0011255785486387507,3,lagged,50.0
24,1,0.5,10,0,1,-0.7221363488384317,0,0.6472125824325485,3,semicol,
25,1,0.5,10,0,3,-0.7834491671386462,0,0.7572923310148256,3,lagged,30.0
26,1,0.5,50,0,2,-0.7675838633298793,0,0.6886957377014346,3,semicol,
27,1,0.5,50,0,1,-0.20639808162009698,0,0.16983574510512583,3,lagged,0.0
28,1,0.5,100,0,0,-0.7491753618058917,1,0.6815634054026454,3,semicol,
29,1,0.5,100,0,1,-0.9714967755562419,0,0.8929560538424662,3,lagged,50.0
30,1,1.0,10,0,0,-0.8426563415074583,1,0.8018218243174954,3,semicol,
31,1,1.0,10,0,2,-0.7836807095272701,0,0.7379976931630531,3,lagged,20.0
32,1,1.0,50,0,0,-1.0291012909287047,1,0.947553352602573,3,semicol,
33,1,1.0,50,0,2,-0.743956329644284,0,0.6785314294784772,3,lagged,30.0
34,1,1.0,100,0,2,-0.738800238435036,0,0.6665901374165508,3,semicol,
35,1,1.0,100,0,0,-0.7788252806682173,1,0.716171948555508,3,lagged,0.0
36,1,0.1,10,0,3,-0.9367860892679251,0,0.6535048560706174,4,semicol,
37,1,0.1,10,0,1,-0.8021002689233154,0,0.5984018969343357,4,lagged,0.0
38,1,0.1,50,0,3,-0.06698992832642872,0,0.05649012807631127,4,semicol,
39,1,0.1,50,0,3,-0.000531323436111033,0,0.005456507349980947,4,lagged,50.0
40,1,0.1,100,0,4,-0.007932543043875813,0,0.01154610714004101,4,semicol,
41,1,0.1,100,0,2,-0.5621032339796326,0,0.4217569340959611,4,lagged,30.0
42,1,0.5,10,0,2,-0.8078498982467274,0,0.6032510802910422,4,semicol,
43,1,0.5,10,0,0,-0.6453696494112083,1,0.45554072380443095,4,lagged,0.0
44,1,0.5,50,0,0,-1.2279418695789215,1,0.8789971519336568,4,semicol,
45,1,0.5,50,0,3,-0.5909554047702208,0,0.4297315795764291,4,lagged,50.0
46,1,0.5,100,0,0,-0.959637557218053,1,0.6747778735505668,4,semicol,
47,1,0.5,100,0,2,-0.8333375481296519,0,0.6070755317949418,4,lagged,50.0
48,1,1.0,10,0,0,-1.0999653108992242,1,0.8033031454180919,4,semicol,
49,1,1.0,10,0,1,-1.1968116645556075,0,0.8848093462860149,4,lagged,0.0
50,1,1.0,50,0,3,-0.6914021685719911,0,0.5000344939964013,4,semicol,
51,1,1.0,50,0,2,-0.9185672987675739,0,0.6599957203578042,4,lagged,50.0
52,1,1.0,100,0,2,-1.3135773250796918,0,0.9487335689520421,4,semicol,
53,1,1.0,100,0,1,-1.1394969424028825,0,0.8289992070131622,4,lagged,0.0
54,1,0.1,10,0,0,-2.4999531260090636e-05,1,4.4163900685610125e-07,5,semicol,
55,1,0.1,10,0,1,-0.7139220498737673,0,0.4530133056483805,5,lagged,50.0
56,1,0.1,50,0,2,-0.09189789887422617,0,0.059264653681766956,5,semicol,
57,1,0.1,50,0,3,-0.5573515389677691,0,0.3516379608538277,5,lagged,30.0
58,1,0.1,100,0,0,-0.0005026247243386788,1,0.0019131892388846807,5,semicol,
59,1,0.1,100,0,3,-0.32020157132118077,0,0.20770842343758456,5,lagged,50.0
60,1,0.5,10,0,0,-1.2560517717038069,1,0.7425067293743225,5,semicol,
61,1,0.5,10,0,0,-0.8691353887182962,1,0.5754419539848133,5,lagged,0.0
62,1,0.5,50,0,0,-1.4479980672697361,1,0.9038991271765663,5,semicol,
63,1,0.5,50,0,0,-0.7511310804343841,1,0.485783423860863,5,lagged,0.0
64,1,0.5,100,0,0,-0.859281131689842,1,0.5307193548040039,5,semicol,
65,1,0.5,100,0,3,-0.44705270481725123,0,0.2768290398630748,5,lagged,50.0
66,1,1.0,10,0,0,-1.2672102395808664,1,0.8038107379895653,5,semicol,
67,1,1.0,10,0,0,-1.253109645087827,1,0.7922956058665769,5,lagged,0.0
68,1,1.0,50,0,0,-1.4997224850072808,1,0.9317091258351837,5,semicol,
69,1,1.0,50,0,1,-1.0831237190934841,0,0.673396032037148,5,lagged,50.0
70,1,1.0,100,0,0,-1.131875545095244,1,0.7038562568678014,5,semicol,
71,1,1.0,100,0,0,-1.2391397124803103,1,0.7685849371818638,5,lagged,0.0
72,1,0.1,10,1,4,-0.18502542289914997,0,0.0,2,semicol,
73,1,0.1,10,1,1,-0.17212736143520488,1,0.0,2,lagged,30.0
74,1,0.1,50,1,4,-0.21367549962366694,0,0.0,2,semicol,
75,1,0.1,50,1,3,-0.15425519412742045,0,0.0,2,lagged,50.0
76,1,0.1,100,1,2,-0.1879475640660996,0,0.0,2,semicol,
77,1,0.1,100,1,1,-0.19768805793802166,1,0.0,2,lagged,20.0
78,1,0.5,10,1,4,-0.21190428718203183,0,0.0,2,semicol,
79,1,0.5,10,1,3,-0.1887268639680203,0,0.0,2,lagged,50.0
80,1,0.5,50,1,1,-0.19196042650342782,1,0.0,2,semicol,
81,1,0.5,50,1,1,-0.18027043301875662,1,0.0,2,lagged,20.0
82,1,0.5,100,1,2,-0.19602235374922092,0,0.0,2,semicol,
83,1,0.5,100,1,1,-0.19771155594014245,1,0.0,2,lagged,20.0
84,1,1.0,10,1,4,-0.19975047285449615,0,0.0,2,semicol,
85,1,1.0,10,1,3,-0.08505152629540072,0,0.0,2,lagged,50.0
86,1,1.0,50,1,2,-0.2102644794322051,0,0.0,2,semicol,
87,1,1.0,50,1,1,-0.19712862677511914,1,0.0,2,lagged,20.0
88,1,1.0,100,1,3,-0.2088206079699507,0,0.0,2,semicol,
89,1,1.0,100,1,1,-0.19419536912805765,1,0.0,2,lagged,30.0
90,1,0.1,10,1,4,-0.21105986976101904,0,0.1943416515067797,3,semicol,
91,1,0.1,10,1,1,-0.2403480089186473,1,0.3050262143736558,3,lagged,20.0
92,1,0.1,50,1,4,-0.18743779338356828,0,0.3386910097730346,3,semicol,
93,1,0.1,50,1,2,-0.188857029727454,0,0.21836840734108745,3,lagged,50.0
94,1,0.1,100,1,2,-0.18441681532781212,0,0.0462861285280504,3,semicol,
95,1,0.1,100,1,3,-0.15651955744300466,0,0.4292531051197308,3,lagged,50.0
96,1,0.5,10,1,2,-0.2237480080827738,0,0.5581980642453026,3,semicol,
97,1,0.5,10,1,2,-0.21023208865201756,0,0.42319704789408435,3,lagged,20.0
98,1,0.5,50,1,2,-0.21589192930521922,0,0.4663173668511907,3,semicol,
99,1,0.5,50,1,2,-0.2615275428492366,0,0.8569442300033033,3,lagged,50.0
100,1,0.5,100,1,2,-0.20076140603887857,0,0.29241838335987763,3,semicol,
101,1,0.5,100,1,2,-0.1924719318652744,0,0.44246121169893565,3,lagged,50.0
102,1,1.0,10,1,1,-0.28164886540789413,1,0.8822361208384432,3,semicol,
103,1,1.0,10,1,1,-0.18031396218959683,1,0.6062348526059546,3,lagged,50.0
104,1,1.0,50,1,1,-0.21763228765659895,1,0.6270329394482301,3,semicol,
105,1,1.0,50,1,3,-0.24978926848967478,0,0.7260064875214375,3,lagged,50.0
106,1,1.0,100,1,1,-0.23744560539963894,1,0.8507098537706564,3,semicol,
107,1,1.0,100,1,3,-0.2468116856353492,0,0.6576569748232787,3,lagged,30.0
108,1,0.1,10,1,2,-0.23117785663722565,0,0.11872548538036483,4,semicol,
109,1,0.1,10,1,2,-0.16470736938515296,0,0.39671824174048964,4,lagged,50.0
110,1,0.1,50,1,2,-0.2002344958261904,0,0.0499909513025362,4,semicol,
111,1,0.1,50,1,2,-0.19120160086766216,0,0.14367789406607456,4,lagged,50.0
112,1,0.1,100,1,1,-0.19046594690473556,1,0.0044167726094410595,4,semicol,
113,1,0.1,100,1,1,-0.2106772173610648,1,0.1651628087040295,4,lagged,50.0
114,1,0.5,10,1,2,-0.1973900901093523,0,0.6754415578430787,4,semicol,
115,1,0.5,10,1,1,-0.272120675788167,1,0.5848303689236127,4,lagged,20.0
116,1,0.5,50,1,1,-0.2229923569962385,1,0.6326127390392065,4,semicol,
117,1,0.5,50,1,1,-0.2530368775532784,1,0.5918843381476624,4,lagged,20.0
118,1,0.5,100,1,2,-0.2454428065746817,0,0.7681925057890983,4,semicol,
119,1,0.5,100,1,1,-0.2439368781233587,1,0.5659189133908792,4,lagged,30.0
120,1,1.0,10,1,1,-0.23068846934189852,1,0.7019006798735994,4,semicol,
121,1,1.0,10,1,1,-0.1531552314068106,1,0.7352397329422939,4,lagged,20.0
122,1,1.0,50,1,1,-0.2352242230932288,1,0.6758512504901085,4,semicol,
123,1,1.0,50,1,1,-0.21667767802209265,1,0.6924460435956181,4,lagged,30.0
124,1,1.0,100,1,2,-0.2187009931535126,0,0.6533127438932008,4,semicol,
125,1,1.0,100,1,2,-0.22098549512460366,0,0.7187566512975414,4,lagged,50.0
126,1,0.1,10,1,4,-0.1630562782191109,0,0.2865726473177176,5,semicol,
127,1,0.1,10,1,1,-0.19911465950715557,1,0.17670867790243708,5,lagged,50.0
128,1,0.1,50,1,3,-0.20235364074267476,0,0.15054028444646556,5,semicol,
129,1,0.1,50,1,1,-0.1765666958296101,1,0.34340674573373986,5,lagged,30.0
130,1,0.1,100,1,1,-0.21043882338846426,1,0.28638203320485084,5,semicol,
131,1,0.1,100,1,1,-0.21283519847531354,1,0.15973206799423584,5,lagged,30.0
132,1,0.5,10,1,1,-0.2298006309867994,1,0.6939547634843772,5,semicol,
133,1,0.5,10,1,1,-0.27441373487026544,1,0.636927411021573,5,lagged,30.0
134,1,0.5,50,1,1,-0.24667015120108102,1,0.7139654962767754,5,semicol,
135,1,0.5,50,1,1,-0.21880939742886224,1,0.6248323148383637,5,lagged,50.0
136,1,0.5,100,1,1,-0.2561847360704377,1,0.5569471398595607,5,semicol,
137,1,0.5,100,1,1,-0.2551193436184093,1,0.594205843700394,5,lagged,20.0
138,1,1.0,10,1,1,-0.28659226651028297,1,0.7873721263032499,5,semicol,
139,1,1.0,10,1,1,-0.2191467702742992,1,0.83566073165785,5,lagged,50.0
140,1,1.0,50,1,2,-0.23869572421501242,0,0.8052298048731485,5,semicol,
141,1,1.0,50,1,1,-0.2659378613649142,1,0.675212393049492,5,lagged,20.0
142,1,1.0,100,1,1,-0.23527201854890045,1,0.7434801850769537,5,semicol,
143,1,1.0,100,1,1,-0.2614325381676781,1,0.8347511287276174,5,lagged,50.0
144,1,0.1,10,2,3,-0.12770392813008094,0,0.0,2,semicol,
145,1,0.1,10,2,3,-0.1073245527757857,0,0.0,2,lagged,50.0
146,1,0.1,50,2,2,-0.19752413726853643,1,0.0,2,semicol,
147,1,0.1,50,2,3,-0.1584634560089488,0,0.0,2,lagged,50.0
148,1,0.1,100,2,4,-0.19343681364959808,0,0.0,2,semicol,
149,1,0.1,100,2,3,-0.16860939018913787,0,0.0,2,lagged,50.0
150,1,0.5,10,2,4,-0.20416701422008465,0,0.0,2,semicol,
151,1,0.5,10,2,3,-0.16480794169490878,0,0.0,2,lagged,30.0
152,1,0.5,50,2,3,-0.20998296787000026,0,0.0,2,semicol,
153,1,0.5,50,2,4,-0.1881630662235614,0,0.0,2,lagged,20.0
154,1,0.5,100,2,2,-0.19194799065189852,1,0.0,2,semicol,
155,1,0.5,100,2,3,-0.16256212207213877,0,0.0,2,lagged,50.0
156,1,1.0,10,2,2,-0.1761303858443449,1,0.0,2,semicol,
157,1,1.0,10,2,1,-0.19748420691363977,0,0.0,2,lagged,20.0
158,1,1.0,50,2,2,-0.19029584475535236,1,0.0,2,semicol,
159,1,1.0,50,2,3,-0.1884611059468575,0,0.0,2,lagged,50.0
160,1,1.0,100,2,4,-0.2087999505619016,0,0.0,2,semicol,
161,1,1.0,100,2,1,-0.17973237594143257,0,0.0,2,lagged,20.0
162,1,0.1,10,2,4,-0.2146602279653801,0,0.045838662296523586,3,semicol,
163,1,0.1,10,2,3,-0.20309433892202022,0,0.412422374442134,3,lagged,30.0
164,1,0.1,50,2,2,-0.2335571126093589,1,0.3525992101361879,3,semicol,
165,1,0.1,50,2,2,-0.21145005024678806,1,0.23385861635866412,3,lagged,20.0
166,1,0.1,100,2,2,-0.19974688388177378,1,0.4143690502814585,3,semicol,
167,1,0.1,100,2,3,-0.22051166674876813,0,0.3424956719922679,3,lagged,50.0
168,1,0.5,10,2,4,-0.21011061271663994,0,0.5581981594213571,3,semicol,
169,1,0.5,10,2,2,-0.24636405424079577,1,0.6029698017844984,3,lagged,50.0
170,1,0.5,50,2,2,-0.22470134469245437,1,0.5649342981267301,3,semicol,
171,1,0.5,50,2,3,-0.19151443482940625,0,0.4492770433366922,3,lagged,30.0
172,1,0.5,100,2,2,-0.252519924397931,1,0.5427745329950232,3,semicol,
173,1,0.5,100,2,1,-0.2004487255067003,0,0.500676436291246,3,lagged,20.0
174,1,1.0,10,2,2,-0.19522516191148145,1,0.6461327192416287,3,semicol,
175,1,1.0,10,2,1,-0.225640037604557,0,0.6188909418779577,3,lagged,50.0
176,1,1.0,50,2,2,-0.21947620946603064,1,0.6866114956382968,3,semicol,
177,1,1.0,50,2,1,-0.2698449675201279,0,0.7090688815608702,3,lagged,20.0
178,1,1.0,100,2,2,-0.2300700256649005,1,0.5054274511450485,3,semicol,
179,1,1.0,100,2,1,-0.23565754193201638,0,0.6344248474147294,3,lagged,20.0
180,1,0.1,10,2,2,-0.21788314119262783,1,0.1565269940146388,4,semicol,
181,1,0.1,10,2,2,-0.291656653830851,1,0.32637925382865507,4,lagged,50.0
182,1,0.1,50,2,2,-0.207725438202045,1,0.22258027895279986,4,semicol,
183,1,0.1,50,2,1,-0.1829093911587415,0,0.3185393666360037,4,lagged,50.0
184,1,0.1,100,2,2,-0.22651796170274863,1,0.21759423328020716,4,semicol,
185,1,0.1,100,2,2,-0.20020349419759376,1,0.1169998990198421,4,lagged,30.0
186,1,0.5,10,2,1,-0.18780657454158597,0,0.5409488368465156,4,semicol,
187,1,0.5,10,2,1,-0.24542219539713273,0,0.6358308363777138,4,lagged,0.0
188,1,0.5,50,2,2,-0.24749191801017342,1,0.6582142792895167,4,semicol,
189,1,0.5,50,2,1,-0.28388658996986693,0,0.6731002520738469,4,lagged,20.0
190,1,0.5,100,2,2,-0.24946639862596287,1,0.6128163902442396,4,semicol,
191,1,0.5,100,2,2,-0.2486241081504834,1,0.5749209519021546,4,lagged,20.0
192,1,1.0,10,2,2,-0.18002357946257203,1,0.7413569032430032,4,semicol,
193,1,1.0,10,2,1,-0.19774248075161702,0,0.6759484695516615,4,lagged,30.0
194,1,1.0,50,2,3,-0.25013525948543996,0,0.8035871622237807,4,semicol,
195,1,1.0,50,2,1,-0.26469529552990584,0,0.7654157866768632,4,lagged,30.0
196,1,1.0,100,2,2,-0.2215021584643071,1,0.679593634309361,4,semicol,
197,1,1.0,100,2,2,-0.22339439625636248,1,0.710083221506995,4,lagged,50.0
198,1,0.1,10,2,1,-0.29432061430134465,0,0.3277030447550815,5,semicol,
199,1,0.1,10,2,1,-0.2732199181878864,0,0.2875573298687915,5,lagged,20.0
200,1,0.1,50,2,2,-0.1967313254430101,1,0.22508963944391477,5,semicol,
201,1,0.1,50,2,1,-0.2584328749625167,0,0.3000485105127855,5,lagged,20.0
202,1,0.1,100,2,2,-0.2359214496119957,1,0.22399171123154338,5,semicol,
203,1,0.1,100,2,1,-0.2505452704272331,0,0.29989676344346294,5,lagged,50.0
204,1,0.5,10,2,2,-0.22233016659608612,1,0.6719876858384914,5,semicol,
205,1,0.5,10,2,1,-0.2444936844733327,0,0.6707536467886864,5,lagged,50.0
206,1,0.5,50,2,2,-0.2902312018514102,1,0.6774252863607133,5,semicol,
207,1,0.5,50,2,1,-0.2155821111701829,0,0.6764830164853229,5,lagged,30.0
208,1,0.5,100,2,2,-0.25559241325593923,1,0.6824771431075941,5,semicol,
209,1,0.5,100,2,1,-0.26820845441276203,0,0.6366320082606197,5,lagged,50.0
210,1,1.0,10,2,1,-0.3037263808772237,0,0.821480330870562,5,semicol,
211,1,1.0,10,2,1,-0.254194577019125,0,0.7443751322200385,5,lagged,20.0
212,1,1.0,50,2,2,-0.2798453854801217,1,0.8212681365222896,5,semicol,
213,1,1.0,50,2,1,-0.2364786755539183,0,0.8079447245430182,5,lagged,50.0
214,1,1.0,100,2,2,-0.27416102895568306,1,0.8212081231866886,5,semicol,
215,1,1.0,100,2,2,-0.2633667393132125,1,0.7770446796456912,5,lagged,50.0
216,1,0.1,10,3,3,-0.1884693187918464,1,0.0,2,semicol,
217,1,0.1,10,3,1,-0.20018966430010757,0,0.0,2,lagged,20.0
218,1,0.1,50,3,3,-0.18701439948441698,1,0.0,2,semicol,
219,1,0.1,50,3,2,-0.1810938670147701,0,0.0,2,lagged,50.0
220,1,0.1,100,3,2,-0.20991777888928115,0,0.0,2,semicol,
221,1,0.1,100,3,1,-0.17395143554195625,0,0.0,2,lagged,50.0
222,1,0.5,10,3,4,-0.12679967471368836,0,0.0,2,semicol,
223,1,0.5,10,3,3,-0.16699428275096467,1,0.0,2,lagged,20.0
224,1,0.5,50,3,4,-0.17583992570445367,0,0.0,2,semicol,
225,1,0.5,50,3,2,-0.17518748509219972,0,0.0,2,lagged,50.0
226,1,0.5,100,3,2,-0.19713635468299814,0,0.0,2,semicol,
227,1,0.5,100,3,4,-0.18452596319343662,0,0.0,2,lagged,30.0
228,1,1.0,10,3,4,-0.22442929392404318,0,0.0,2,semicol,
229,1,1.0,10,3,3,-0.11872981988221763,1,0.0,2,lagged,50.0
230,1,1.0,50,3,4,-0.17898278682333277,0,0.0,2,semicol,
231,1,1.0,50,3,2,-0.17717539452057626,0,0.0,2,lagged,50.0
232,1,1.0,100,3,4,-0.19364735045269277,0,0.0,2,semicol,
233,1,1.0,100,3,2,-0.16964186935863507,0,0.0,2,lagged,30.0
234,1,0.1,10,3,4,-0.2834506509845184,0,0.23065631982576548,3,semicol,
235,1,0.1,10,3,1,-0.22955720934577356,0,0.10142395661554506,3,lagged,20.0
236,1,0.1,50,3,3,-0.2061864457780945,1,0.2592219869431991,3,semicol,
237,1,0.1,50,3,2,-0.18642329040558422,0,0.18282805932617718,3,lagged,50.0
238,1,0.1,100,3,4,-0.1962103690665878,0,0.22847673724721118,3,semicol,
239,1,0.1,100,3,1,-0.20505576232631018,0,0.13183111474567763,3,lagged,50.0
240,1,0.5,10,3,3,-0.2465820185615942,1,0.6068107443660784,3,semicol,
241,1,0.5,10,3,1,-0.2716158966329818,0,0.5770939114564957,3,lagged,20.0
242,1,0.5,50,3,2,-0.2524671972142676,0,0.5552096144913523,3,semicol,
243,1,0.5,50,3,2,-0.21986440019281508,0,0.5169380379799811,3,lagged,50.0
244,1,0.5,100,3,3,-0.2283545252540389,1,0.6070852688677769,3,semicol,
245,1,0.5,100,3,3,-0.22342104938371118,1,0.45392391722698566,3,lagged,50.0
246,1,1.0,10,3,3,-0.27360330837061764,1,0.8157564176382974,3,semicol,
247,1,1.0,10,3,1,-0.17245798687285624,0,0.7249702148632076,3,lagged,50.0
248,1,1.0,50,3,2,-0.23901363156813749,0,0.6424298121348871,3,semicol,
249,1,1.0,50,3,3,-0.18860973643679674,1,0.7506223035418286,3,lagged,50.0
250,1,1.0,100,3,3,-0.2205288369796589,1,0.6960039007650899,3,semicol,
251,1,1.0,100,3,1,-0.23475572695562666,0,0.8177818753570564,3,lagged,30.0
252,1,0.1,10,3,4,-0.1696545434377727,0,0.18351870100923595,4,semicol,
253,1,0.1,10,3,1,-0.2423801762790414,0,0.22122143969503238,4,lagged,20.0
254,1,0.1,50,3,3,-0.21348069515052767,1,0.24531547338870732,4,semicol,
255,1,0.1,50,3,1,-0.2058981268382221,0,0.19527627939930725,4,lagged,30.0
256,1,0.1,100,3,2,-0.24571155824894705,0,0.2935455100407787,4,semicol,
257,1,0.1,100,3,3,-0.20590875354015256,1,0.2050144350901088,4,lagged,30.0
258,1,0.5,10,3,1,-0.2547260921037043,0,0.5902180896524611,4,semicol,
259,1,0.5,10,3,1,-0.23862338758045784,0,0.5953257678196984,4,lagged,50.0
260,1,0.5,50,3,2,-0.2536642968235984,0,0.6302054810315005,4,semicol,
261,1,0.5,50,3,1,-0.24501647303441246,0,0.598838340550808,4,lagged,50.0
262,1,0.5,100,3,3,-0.23249601952996674,1,0.6242792589978232,4,semicol,
263,1,0.5,100,3,1,-0.24606331909866946,0,0.6009620490278853,4,lagged,50.0
264,1,1.0,10,3,2,-0.2792993930445563,0,0.7794318276686341,4,semicol,
265,1,1.0,10,3,1,-0.2361599858549756,0,0.7503088400299551,4,lagged,50.0
266,1,1.0,50,3,3,-0.24772981379616074,1,0.740553359732737,4,semicol,
267,1,1.0,50,3,2,-0.2347945748668417,0,0.76437954086059,4,lagged,50.0
268,1,1.0,100,3,3,-0.2447542860361406,1,0.7394700476437235,4,semicol,
269,1,1.0,100,3,1,-0.24720913809788417,0,0.7328474187892854,4,lagged,50.0
270,1,0.1,10,3,1,-0.26953403346837107,0,0.2603016468337358,5,semicol,
271,1,0.1,10,3,1,-0.16478047920103417,0,0.2855557139288165,5,lagged,30.0
272,1,0.1,50,3,4,-0.20118515471699958,0,0.2525824368192285,5,semicol,
273,1,0.1,50,3,1,-0.25662428266914233,0,0.2549480010008857,5,lagged,20.0
274,1,0.1,100,3,2,-0.2607605311445914,0,0.25592655008700615,5,semicol,
275,1,0.1,100,3,1,-0.23412119685473898,0,0.2800127362671552,5,lagged,50.0
276,1,0.5,10,3,1,-0.3368406725885961,0,0.6503905076008388,5,semicol,
277,1,0.5,10,3,1,-0.21953670586291282,0,0.6433484114725385,5,lagged,20.0
278,1,0.5,50,3,2,-0.2544503147236617,0,0.6363544925734884,5,semicol,
279,1,0.5,50,3,1,-0.20741516631256668,0,0.648187064282691,5,lagged,50.0
280,1,0.5,100,3,2,-0.24667911596190426,0,0.6112507458801475,5,semicol,
281,1,0.5,100,3,1,-0.21793305959921855,0,0.6358181080829765,5,lagged,20.0
282,1,1.0,10,3,1,-0.2740982455724429,0,0.7755987145653999,5,semicol,
283,1,1.0,10,3,1,-0.20612680441189987,0,0.7882175963367295,5,lagged,30.0
284,1,1.0,50,3,2,-0.3102585755609484,0,0.7665203093502013,5,semicol,
285,1,1.0,50,3,1,-0.22028605659766287,0,0.793956781318822,5,lagged,30.0
286,1,1.0,100,3,2,-0.2759258250999722,0,0.7756396035521957,5,semicol,
287,1,1.0,100,3,1,-0.23521369240765633,0,0.7769083758814299,5,lagged,20.0
288,2,0.1,10,0,2,-0.0016271714884304104,0,0.030969197927175885,2,semicol,
289,2,0.1,10,0,3,-0.341830114221506,0,0.5323382786677237,2,lagged,50.0
290,2,0.1,50,0,3,-0.6709130293078299,0,0.9714519837950714,2,semicol,
291,2,0.1,50,0,2,-0.15482785325927062,0,0.2408911017644246,2,lagged,20.0
292,2,0.1,100,0,4,-0.0013240959629352797,0,0.03420556302170346,2,semicol,
293,2,0.1,100,0,0,-6.249994140244896e-07,1,2.0515262079125154e-06,2,lagged,0.0
294,2,0.5,10,0,4,-0.5552959219211082,0,0.8609244514246749,2,semicol,
295,2,0.5,10,0,3,-0.4584062756342115,0,0.6898796071241027,2,lagged,50.0
296,2,0.5,50,0,0,-0.6914554119255806,1,0.9946404264731681,2,semicol,
297,2,0.5,50,0,1,-0.0006965574910261815,0,0.005043597179908863,2,lagged,20.0
298,2,0.5,100,0,1,-0.6728478813229567,0,0.9756006501312711,2,semicol,
299,2,0.5,100,0,3,-0.3699305843151165,0,0.5570543249096019,2,lagged,50.0
300,2,1.0,10,0,4,-0.6347851650207078,0,0.9397296459509304,2,semicol,
301,2,1.0,10,0,1,-0.6863303172412375,0,0.9995620242468203,2,lagged,30.0
302,2,1.0,50,0,0,-0.6873164296987547,1,0.9923875853787114,2,semicol,
303,2,1.0,50,0,0,-0.44593528346353367,1,0.6554444305993147,2,lagged,0.0
304,2,1.0,100,0,0,-0.5241863172536391,1,0.7439867572623857,2,semicol,
305,2,1.0,100,0,3,-0.46314399409611684,0,0.6646866871246474,2,lagged,50.0
306,2,0.1,10,0,2,-0.2948049360698867,0,0.3105425517761512,3,semicol,
307,2,0.1,10,0,2,-0.6675872207728999,0,0.6903769072294879,3,lagged,50.0
308,2,0.1,50,0,0,-0.3832086604243286,1,0.3820557283374453,3,semicol,
309,2,0.1,50,0,2,-0.019107251201233987,0,0.0189378676204095,3,lagged,20.0
310,2,0.1,100,0,3,-0.579430912195102,0,0.5278852362043597,3,semicol,
311,2,0.1,100,0,3,-0.2832902917537624,0,0.2776778540352766,3,lagged,50.0
312,2,0.5,10,0,0,-0.5413085453807043,1,0.49254053915375173,3,semicol,
313,2,0.5,10,0,2,-0.25242558278848376,0,0.2785973865982338,3,lagged,50.0
314,2,0.5,50,0,0,-0.570081901541684,1,0.5494379091304099,3,semicol,
315,2,0.5,50,0,1,-0.9783988881007973,0,0.886404136863308,3,lagged,30.0
316,2,0.5,100,0,1,-0.6332846851480817,0,0.5871025050193345,3,semicol,
317,2,0.5,100,0,3,-0.8778086861703277,0,0.8276690368496997,3,lagged,50.0
318,2,1.0,10,0,0,-1.002769251431981,1,0.904326743078584,3,semicol,
319,2,1.0,10,0,0,-0.813528861238492,1,0.7194592875502904,3,lagged,0.0
320,2,1.0,50,0,0,-1.0731803838337546,1,0.9797000630641854,3,semicol,
321,2,1.0,50,0,2,-0.9189461492653668,0,0.8462281381106949,3,lagged,30.0
322,2,1.0,100,0,0,-0.9002127734691824,1,0.8051909766954773,3,semicol,
323,2,1.0,100,0,1,-0.9183931849888787,0,0.833981588676443,3,lagged,20.0
324,2,0.1,10,0,0,-0.0006439411922862097,1,0.0020018064107935976,4,semicol,
325,2,0.1,10,0,1,-1.0339651253558482,0,0.7557810359893776,4,lagged,20.0
326,2,0.1,50,0,0,-0.6656061927099097,1,0.48082484053043395,4,semicol,
327,2,0.1,50,0,2,-0.5002650822977284,0,0.35695885752710654,4,lagged,50.0
328,2,0.1,100,0,2,-0.21777193034774148,0,0.16524604164762638,4,semicol,
329,2,0.1,100,0,1,-0.6314689899352439,0,0.4545549498657686,4,lagged,0.0
330,2,0.5,10,0,4,-0.9837650649151448,0,0.7174372353113614,4,semicol,
331,2,0.5,10,0,1,-1.0993010936974876,0,0.791706273999228,4,lagged,30.0
332,2,0.5,50,0,0,-0.6581074168867388,1,0.4504111995258288,4,semicol,
333,2,0.5,50,0,2,-0.6020120237714999,0,0.417772551252994,4,lagged,50.0
334,2,0.5,100,0,0,-1.2945996834114322,1,0.9318179443652603,4,semicol,
335,2,0.5,100,0,0,-0.8208756897591521,1,0.5955878427888862,4,lagged,0.0
336,2,1.0,10,0,2,-1.06586778770657,0,0.7747755724929424,4,semicol,
337,2,1.0,10,0,1,-1.2441030394929835,0,0.8683980951509641,4,lagged,20.0
338,2,1.0,50,0,0,-1.208903078886558,1,0.878030602432754,4,semicol,
339,2,1.0,50,0,2,-1.1943455615550653,0,0.8656848891523191,4,lagged,20.0
340,2,1.0,100,0,1,-1.268340458661777,0,0.9155486040460454,4,semicol,
341,2,1.0,100,0,1,-1.2117728412705682,0,0.892915239245763,4,lagged,50.0
342,2,0.1,10,0,0,-0.40589320017208075,1,0.23393542186323174,5,semicol,
343,2,0.1,10,0,2,-0.31915048076218994,0,0.2016855948993238,5,lagged,30.0
344,2,0.1,50,0,0,-0.21759909999551366,1,0.141148614012509,5,semicol,
345,2,0.1,50,0,3,-0.4864279368460569,0,0.3243654555868289,5,lagged,50.0
346,2,0.1,100,0,0,-0.7888361149699028,1,0.5013829057846644,5,semicol,
347,2,0.1,100,0,4,-0.46513009094399793,0,0.2810501109545544,5,lagged,20.0
348,2,0.5,10,0,0,-0.7041999253174115,1,0.3546732329344532,5,semicol,
349,2,0.5,10,0,0,-1.2092907876828765,1,0.7619947942792408,5,lagged,0.0
350,2,0.5,50,0,0,-1.4387954699168897,1,0.8892125834292148,5,semicol,
351,2,0.5,50,0,1,-0.706717470769013,0,0.4549214813260598,5,lagged,50.0
352,2,0.5,100,0,1,-1.3777275953705077,0,0.8493285639342034,5,semicol,
353,2,0.5,100,0,1,-0.9200240011009606,0,0.5707470648598101,5,lagged,30.0
354,2,1.0,10,0,0,-1.4245680597706343,1,0.8696848923334715,5,semicol,
355,2,1.0,10,0,0,-1.5192617130648225,1,0.9389504375968655,5,lagged,0.0
356,2,1.0,50,0,1,-1.156410658805827,0,0.731732115824087,5,semicol,
357,2,1.0,50,0,0,-1.227552858809795,1,0.7792036250673018,5,lagged,0.0
358,2,1.0,100,0,0,-1.381595257119892,1,0.8598991779833215,5,semicol,
359,2,1.0,100,0,2,-1.2690839000679073,0,0.7847800112258024,5,lagged,50.0
360,2,0.1,10,1,4,-0.13698062524679064,0,0.0,2,semicol,
361,2,0.1,10,1,2,-0.12583130143893478,0,0.0,2,lagged,50.0
362,2,0.1,50,1,3,-0.19054587763105507,0,0.0,2,semicol,
363,2,0.1,50,1,1,-0.2086028614173045,1,0.0,2,lagged,20.0
364,2,0.1,100,1,4,-0.19747845296883518,0,0.0,2,semicol,
365,2,0.1,100,1,3,-0.1891146954049117,0,0.0,2,lagged,30.0
366,2,0.5,10,1,2,-0.17948001735401098,0,0.0,2,semicol,
367,2,0.5,10,1,2,-0.12226631191678333,0,0.0,2,lagged,50.0
368,2,0.5,50,1,2,-0.18259107395886762,0,0.0,2,semicol,
369,2,0.5,50,1,4,-0.1604801023036269,0,0.0,2,lagged,20.0
370,2,0.5,100,1,4,-0.20310225270338364,0,0.0,2,semicol,
371,2,0.5,100,1,2,-0.1778370003358312,0,0.0,2,lagged,50.0
372,2,1.0,10,1,4,-0.21563335262227729,0,0.0,2,semicol,
373,2,1.0,10,1,3,-0.15688744913736197,0,0.0,2,lagged,30.0
374,2,1.0,50,1,1,-0.21402282216613197,1,0.0,2,semicol,
375,2,1.0,50,1,2,-0.1531598559336271,0,0.0,2,lagged,50.0
376,2,1.0,100,1,4,-0.18259039422147266,0,0.0,2,semicol,
377,2,1.0,100,1,3,-0.18320839780805545,0,0.0,2,lagged,50.0
378,2,0.1,10,1,3,-0.27255942560133223,0,0.33333190591734424,3,semicol,
379,2,0.1,10,1,2,-0.18276838723281197,0,0.030080967893759303,3,lagged,50.0
380,2,0.1,50,1,4,-0.20017119606231007,0,0.325450251685286,3,semicol,
381,2,0.1,50,1,1,-0.1647325578198233,1,1.0139339729967241e-06,3,lagged,20.0
382,2,0.1,100,1,1,-0.19397118921354092,1,0.04570432179837706,3,semicol,
383,2,0.1,100,1,1,-0.2217040923435786,1,0.4826941470190343,3,lagged,30.0
384,2,0.5,10,1,1,-0.19394787483146442,1,0.8883903138852212,3,semicol,
385,2,0.5,10,1,1,-0.18592771416507492,1,0.5359241422637647,3,lagged,0.0
386,2,0.5,50,1,2,-0.18592606103422635,0,0.636162597095037,3,semicol,
387,2,0.5,50,1,2,-0.21261728563069243,0,0.36199362203622615,3,lagged,20.0
388,2,0.5,100,1,4,-0.20421133422326937,0,0.3550695697805852,3,semicol,
389,2,0.5,100,1,2,-0.20992575361250507,0,0.41534758333635624,3,lagged,20.0
390,2,1.0,10,1,4,-0.16308955323703747,0,0.6870193937976334,3,semicol,
391,2,1.0,10,1,1,-0.2116265636789929,1,0.5946325265633055,3,lagged,20.0
392,2,1.0,50,1,1,-0.2033743540464896,1,0.6834232916502007,3,semicol,
393,2,1.0,50,1,3,-0.20854186476813089,0,0.9466233575592929,3,lagged,50.0
394,2,1.0,100,1,1,-0.24350097710507804,1,0.8738786979437609,3,semicol,
395,2,1.0,100,1,2,-0.2284787907715933,0,0.7526324237154424,3,lagged,50.0
396,2,0.1,10,1,4,-0.17680006363293235,0,0.3655668024092402,4,semicol,
397,2,0.1,10,1,1,-0.1913800079574176,1,0.20083398291045995,4,lagged,30.0
398,2,0.1,50,1,1,-0.26366833701378967,1,0.43029070616662884,4,semicol,
399,2,0.1,50,1,2,-0.21640737936462862,0,0.26833344703165457,4,lagged,50.0
400,2,0.1,100,1,1,-0.21201477408056335,1,0.18477089703316307,4,semicol,
401,2,0.1,100,1,2,-0.21354847749204342,0,0.24975572842159438,4,lagged,50.0
402,2,0.5,10,1,1,-0.24141352199142666,1,0.4817431005450913,4,semicol,
403,2,0.5,10,1,1,-0.1713059094418347,1,0.6300349826963452,4,lagged,30.0
404,2,0.5,50,1,1,-0.2239039142174193,1,0.5844205206576186,4,semicol,
405,2,0.5,50,1,1,-0.19935079933468844,1,0.7708479838364288,4,lagged,30.0
406,2,0.5,100,1,1,-0.21277950491921332,1,0.596596104143831,4,semicol,
407,2,0.5,100,1,2,-0.18922929341842248,0,0.5460310321548851,4,lagged,50.0
408,2,1.0,10,1,1,-0.14214141828868354,1,0.8097963398029775,4,semicol,
409,2,1.0,10,1,1,-0.2674559554660986,1,0.8157073171012311,4,lagged,20.0
410,2,1.0,50,1,1,-0.2196939786156079,1,0.6306847861966958,4,semicol,
411,2,1.0,50,1,2,-0.23405189805014837,0,0.7288160600277835,4,lagged,30.0
412,2,1.0,100,1,1,-0.23544118544119763,1,0.7660301054345026,4,semicol,
413,2,1.0,100,1,1,-0.26514429009221535,1,0.8454227782312558,4,lagged,30.0
414,2,0.1,10,1,4,-0.2228028721502966,0,0.19006404358337461,5,semicol,
415,2,0.1,10,1,1,-0.25026335824483564,1,0.3971677082814048,5,lagged,20.0
416,2,0.1,50,1,1,-0.20927579457071424,1,0.09352147965663396,5,semicol,
417,2,0.1,50,1,1,-0.25430192787875167,1,0.27151999552941597,5,lagged,30.0
418,2,0.1,100,1,1,-0.23363758244515112,1,0.24513889747526818,5,semicol,
419,2,0.1,100,1,1,-0.23326258983323842,1,0.3494128316182593,5,lagged,30.0
420,2,0.5,10,1,1,-0.28510178775915856,1,0.7444717247815847,5,semicol,
421,2,0.5,10,1,1,-0.26143275800713367,1,0.6649185833612804,5,lagged,50.0
422,2,0.5,50,1,1,-0.2341000372355853,1,0.5253335585372575,5,semicol,
423,2,0.5,50,1,1,-0.24028025392485378,1,0.7586732081089268,5,lagged,20.0
424,2,0.5,100,1,1,-0.23997287929041886,1,0.7305896296770958,5,semicol,
425,2,0.5,100,1,1,-0.2482120024019027,1,0.6852956385430777,5,lagged,50.0
426,2,1.0,10,1,1,-0.3108074584154778,1,0.812550414556837,5,semicol,
427,2,1.0,10,1,1,-0.29300827198051216,1,0.8948027837186171,5,lagged,20.0
428,2,1.0,50,1,2,-0.2693964037825881,0,0.7597126852311575,5,semicol,
429,2,1.0,50,1,1,-0.23083254889129975,1,0.7475468256376052,5,lagged,20.0
430,2,1.0,100,1,2,-0.23887915015338906,0,0.8312410679829778,5,semicol,
431,2,1.0,100,1,2,-0.22049428077644576,0,0.7865426344794384,5,lagged,50.0
432,2,0.1,10,2,2,-0.16723835247462682,1,0.0,2,semicol,
433,2,0.1,10,2,2,-0.2200608992498707,1,0.0,2,lagged,20.0
434,2,0.1,50,2,2,-0.23059252172402933,1,0.0,2,semicol,
435,2,0.1,50,2,1,-0.18893000661858872,0,0.0,2,lagged,20.0
436,2,0.1,100,2,3,-0.18886103306552235,0,0.0,2,semicol,
437,2,0.1,100,2,4,-0.18281126063272965,0,0.0,2,lagged,30.0
438,2,0.5,10,2,1,-0.17650999783477322,0,0.0,2,semicol,
439,2,0.5,10,2,2,-0.13983693614238474,1,0.0,2,lagged,50.0
440,2,0.5,50,2,4,-0.18511260228687357,0,0.0,2,semicol,
441,2,0.5,50,2,3,-0.21918100491814674,0,0.0,2,lagged,50.0
442,2,0.5,100,2,4,-0.1767472675368258,0,0.0,2,semicol,
443,2,0.5,100,2,1,-0.19523483840736203,0,0.0,2,lagged,30.0
444,2,1.0,10,2,4,-0.15999254318234574,0,0.0,2,semicol,
445,2,1.0,10,2,4,-0.1870284659831672,0,0.0,2,lagged,20.0
446,2,1.0,50,2,3,-0.2168843968181053,0,0.0,2,semicol,
447,2,1.0,50,2,1,-0.1853538495055308,0,0.0,2,lagged,20.0
448,2,1.0,100,2,4,-0.19047777539225033,0,0.0,2,semicol,
449,2,1.0,100,2,2,-0.18859217727689853,1,0.0,2,lagged,30.0
450,2,0.1,10,2,2,-0.22581012023204705,1,0.19284195991135322,3,semicol,
451,2,0.1,10,2,1,-0.1233922562086982,0,0.19796090484411794,3,lagged,30.0
452,2,0.1,50,2,4,-0.20235202493716042,0,0.17783262892132137,3,semicol,
453,2,0.1,50,2,3,-0.19264948669225673,0,0.4091222690877289,3,lagged,50.0
454,2,0.1,100,2,4,-0.2137328238414273,0,0.22920880334770485,3,semicol,
455,2,0.1,100,2,1,-0.20690140123282724,0,0.26582732628381905,3,lagged,30.0
456,2,0.5,10,2,1,-0.24292962501589846,0,0.5292005480268779,3,semicol,
457,2,0.5,10,2,2,-0.22364657562724635,1,0.6114850990344484,3,lagged,30.0
458,2,0.5,50,2,3,-0.1955032254854032,0,0.5860666297137407,3,semicol,
459,2,0.5,50,2,1,-0.21737131023982634,0,0.6174239284662727,3,lagged,20.0
460,2,0.5,100,2,2,-0.2443964007102634,1,0.7421518097058871,3,semicol,
461,2,0.5,100,2,3,-0.19161547132702508,0,0.4632674595585668,3,lagged,50.0
462,2,1.0,10,2,4,-0.1720232257323545,0,0.7260221954028236,3,semicol,
463,2,1.0,10,2,1,-0.2130252243856676,0,0.4971353756945672,3,lagged,20.0
464,2,1.0,50,2,3,-0.17972179457080875,0,0.6005096629088036,3,semicol,
465,2,1.0,50,2,1,-0.21048159881445241,0,0.7427414394756249,3,lagged,20.0
466,2,1.0,100,2,2,-0.22875322696384703,1,0.6735896582820023,3,semicol,
467,2,1.0,100,2,2,-0.19370521435259827,1,0.7895044919866172,3,lagged,50.0
468,2,0.1,10,2,2,-0.21958051128968234,1,0.28203508607770256,4,semicol,
469,2,0.1,10,2,1,-0.324664807853609,0,0.16480223886746587,4,lagged,50.0
470,2,0.1,50,2,2,-0.19792698257819433,1,0.3566644057420667,4,semicol,
471,2,0.1,50,2,3,-0.18415201166040784,0,0.16790403685194136,4,lagged,50.0
472,2,0.1,100,2,3,-0.17983375199534757,0,0.29616264859277386,4,semicol,
473,2,0.1,100,2,2,-0.19812561022262615,1,0.23882933018300007,4,lagged,50.0
474,2,0.5,10,2,1,-0.2619850924624735,0,0.6924536325746353,4,semicol,
475,2,0.5,10,2,1,-0.2530000002455291,0,0.4668696969547305,4,lagged,20.0
476,2,0.5,50,2,2,-0.23257636611876675,1,0.5667373585369249,4,semicol,
477,2,0.5,50,2,1,-0.2134534161468896,0,0.5751163359647429,4,lagged,50.0
478,2,0.5,100,2,2,-0.22164591932371724,1,0.6406403033571798,4,semicol,
479,2,0.5,100,2,1,-0.2231499547589456,0,0.5180056921347611,4,lagged,30.0
480,2,1.0,10,2,1,-0.2385766571304823,0,0.7331899583484223,4,semicol,
481,2,1.0,10,2,1,-0.2590773592474387,0,0.7411757241808363,4,lagged,50.0
482,2,1.0,50,2,2,-0.252039710587588,1,0.7885067782402073,4,semicol,
483,2,1.0,50,2,2,-0.2202263339292105,1,0.8152631610383592,4,lagged,50.0
484,2,1.0,100,2,2,-0.2463569225995356,1,0.7634093634924521,4,semicol,
485,2,1.0,100,2,2,-0.236093755610261,1,0.7696525768212439,4,lagged,30.0
486,2,0.1,10,2,2,-0.26343317401492655,1,0.3668573312197176,5,semicol,
487,2,0.1,10,2,1,-0.26752741006180536,0,0.3018984043191989,5,lagged,20.0
488,2,0.1,50,2,2,-0.2182277891559597,1,0.275759397922436,5,semicol,
489,2,0.1,50,2,1,-0.23935614480362488,0,0.2765366627409511,5,lagged,20.0
490,2,0.1,100,2,2,-0.22265916016858653,1,0.2929387342337102,5,semicol,
491,2,0.1,100,2,1,-0.25075450809882016,0,0.3281796603061652,5,lagged,20.0
492,2,0.5,10,2,1,-0.375599133982592,0,0.6969055278260932,5,semicol,
493,2,0.5,10,2,1,-0.1970851310094674,0,0.5394434711763323,5,lagged,30.0
494,2,0.5,50,2,2,-0.27590321725512174,1,0.6803502130892766,5,semicol,
495,2,0.5,50,2,1,-0.21303997213963352,0,0.5929673784315381,5,lagged,30.0
496,2,0.5,100,2,2,-0.2538007656442289,1,0.7291900441835173,5,semicol,
497,2,0.5,100,2,2,-0.2549816118823702,1,0.6453065057489172,5,lagged,50.0
498,2,1.0,10,2,1,-0.2859167816683218,0,0.8449307927237742,5,semicol,
499,2,1.0,10,2,1,-0.32332267856118535,0,0.7791516558935093,5,lagged,20.0
500,2,1.0,50,2,2,-0.24629929669778183,1,0.7946280828398595,5,semicol,
501,2,1.0,50,2,1,-0.2893241307766265,0,0.773473899689671,5,lagged,50.0
502,2,1.0,100,2,2,-0.2486556812696631,1,0.7783050987953369,5,semicol,
503,2,1.0,100,2,1,-0.23727348973875045,0,0.7926272373362566,5,lagged,50.0
504,2,0.1,10,3,3,-0.18113477326576485,1,0.0,2,semicol,
505,2,0.1,10,3,1,-0.2135401887173173,0,0.0,2,lagged,20.0
506,2,0.1,50,3,3,-0.19279441128644026,1,0.0,2,semicol,
507,2,0.1,50,3,4,-0.18628183391059966,0,0.0,2,lagged,30.0
508,2,0.1,100,3,4,-0.1865909996280199,0,0.0,2,semicol,
509,2,0.1,100,3,1,-0.18096255400138284,0,0.0,2,lagged,50.0
510,2,0.5,10,3,3,-0.17915390408307388,1,0.0,2,semicol,
511,2,0.5,10,3,2,-0.1714983607158964,0,0.0,2,lagged,30.0
512,2,0.5,50,3,3,-0.202896377422331,1,0.0,2,semicol,
513,2,0.5,50,3,3,-0.1711123390168109,1,0.0,2,lagged,50.0
514,2,0.5,100,3,3,-0.19050054801821062,1,0.0,2,semicol,
515,2,0.5,100,3,3,-0.17854529813167347,1,0.0,2,lagged,50.0
516,2,1.0,10,3,3,-0.20679317092493135,1,0.0,2,semicol,
517,2,1.0,10,3,2,-0.2144609933176759,0,0.0,2,lagged,50.0
518,2,1.0,50,3,3,-0.22314669206760837,1,0.0,2,semicol,
519,2,1.0,50,3,3,-0.1763630737955392,1,0.0,2,lagged,50.0
520,2,1.0,100,3,4,-0.1871113741443857,0,0.0,2,semicol,
521,2,1.0,100,3,3,-0.1965304746534883,1,0.0,2,lagged,50.0
522,2,0.1,10,3,3,-0.21079168912315546,1,0.12574798641257287,3,semicol,
523,2,0.1,10,3,2,-0.21615735579273082,0,0.14765568087949776,3,lagged,50.0
524,2,0.1,50,3,2,-0.24130632078059602,0,0.17456253896859564,3,semicol,
525,2,0.1,50,3,3,-0.23687463346112217,1,0.2746213096303638,3,lagged,50.0
526,2,0.1,100,3,3,-0.17979096555541102,1,0.18941657604166048,3,semicol,
527,2,0.1,100,3,3,-0.2192496963610963,1,0.19232096868395268,3,lagged,50.0
528,2,0.5,10,3,1,-0.271835324967746,0,0.49700716791701693,3,semicol,
529,2,0.5,10,3,2,-0.1897904681744835,0,0.5434059394655342,3,lagged,50.0
530,2,0.5,50,3,3,-0.20887105694084235,1,0.5027517064378516,3,semicol,
531,2,0.5,50,3,1,-0.21813646265984618,0,0.573357168784603,3,lagged,20.0
532,2,0.5,100,3,3,-0.23065592422622738,1,0.4539720365432955,3,semicol,
533,2,0.5,100,3,3,-0.22083802762113286,1,0.5712457715719995,3,lagged,50.0
534,2,1.0,10,3,2,-0.14009214008533377,0,0.754288153063642,3,semicol,
535,2,1.0,10,3,1,-0.17100223847823162,0,0.693937683946785,3,lagged,50.0
536,2,1.0,50,3,3,-0.24745184278308613,1,0.7325577801066303,3,semicol,
537,2,1.0,50,3,2,-0.21371650400893405,0,0.7663347545094105,3,lagged,30.0
538,2,1.0,100,3,4,-0.23303992873358445,0,0.7708232693316477,3,semicol,
539,2,1.0,100,3,1,-0.21306210134126533,0,0.7760081480785771,3,lagged,50.0
540,2,0.1,10,3,3,-0.26111359863921313,1,0.2064769200861904,4,semicol,
541,2,0.1,10,3,1,-0.21531723888789292,0,0.2229324986787029,4,lagged,30.0
542,2,0.1,50,3,2,-0.3103140234965829,0,0.26923715297460316,4,semicol,
543,2,0.1,50,3,1,-0.22870770170274926,0,0.24218940715104192,4,lagged,30.0
544,2,0.1,100,3,3,-0.22727661518783088,1,0.23921630515980313,4,semicol,
545,2,0.1,100,3,1,-0.18435376465815106,0,0.22208010840157713,4,lagged,20.0
546,2,0.5,10,3,2,-0.21998474451504946,0,0.6208436884793539,4,semicol,
547,2,0.5,10,3,1,-0.30005762873133623,0,0.6287385730285726,4,lagged,50.0
548,2,0.5,50,3,3,-0.2569809305804937,1,0.6145680263704385,4,semicol,
549,2,0.5,50,3,1,-0.2588406484124972,0,0.5938325641710923,4,lagged,30.0
550,2,0.5,100,3,3,-0.20242155390963962,1,0.6110347938059293,4,semicol,
551,2,0.5,100,3,2,-0.2347662139475244,0,0.6588143545016709,4,lagged,20.0
552,2,1.0,10,3,2,-0.27465653151518665,0,0.7659188061124353,4,semicol,
553,2,1.0,10,3,1,-0.24721352190489826,0,0.7621592815697205,4,lagged,30.0
554,2,1.0,50,3,2,-0.2506030847646749,0,0.7814403802359344,4,semicol,
555,2,1.0,50,3,1,-0.2465994107469032,0,0.7292448243346599,4,lagged,50.0
556,2,1.0,100,3,2,-0.25439759975919524,0,0.7730597280998021,4,semicol,
557,2,1.0,100,3,1,-0.22953361476471926,0,0.7612337795194554,4,lagged,50.0
558,2,0.1,10,3,3,-0.2249967269058493,1,0.2568547242560011,5,semicol,
559,2,0.1,10,3,1,-0.25011344261679985,0,0.2962670577081374,5,lagged,50.0
560,2,0.1,50,3,2,-0.2447714925766526,0,0.2736146968377573,5,semicol,
561,2,0.1,50,3,2,-0.1918211063883557,0,0.25116881347459113,5,lagged,50.0
562,2,0.1,100,3,2,-0.2608933510338276,0,0.22907571439043448,5,semicol,
563,2,0.1,100,3,2,-0.22882285284561643,0,0.2618224931819136,5,lagged,50.0
564,2,0.5,10,3,2,-0.2180478478913999,0,0.6398344288639509,5,semicol,
565,2,0.5,10,3,1,-0.25755559388041194,0,0.6448807161834027,5,lagged,50.0
566,2,0.5,50,3,2,-0.3007689357544231,0,0.6695327068405214,5,semicol,
567,2,0.5,50,3,1,-0.24997757512588226,0,0.616169512112062,5,lagged,50.0
568,2,0.5,100,3,2,-0.24058718370939342,0,0.6308299287476371,5,semicol,
569,2,0.5,100,3,1,-0.2537239539281147,0,0.6680551675428982,5,lagged,50.0
570,2,1.0,10,3,1,-0.3421345654589251,0,0.7824179818332381,5,semicol,
571,2,1.0,10,3,1,-0.21375004426316893,0,0.773063232564807,5,lagged,30.0
572,2,1.0,50,3,2,-0.26121851960809445,0,0.7922579983437944,5,semicol,
573,2,1.0,50,3,1,-0.23361716325192658,0,0.7672740942885559,5,lagged,50.0
574,2,1.0,100,3,2,-0.27111331996770055,0,0.7919811109599744,5,semicol,
575,2,1.0,100,3,1,-0.2527080526572882,0,0.7803886824371032,5,lagged,20.0
576,3,0.1,10,0,0,-6.249941406765764e-06,1,0.0014547068209464953,2,semicol,
577,3,0.1,10,0,0,-6.249941406765764e-06,1,1.7908122302863097e-09,2,lagged,0.0
578,3,0.1,50,0,4,-0.006462488155282752,0,0.06403558279978372,2,semicol,
579,3,0.1,50,0,3,-0.36676324643073377,0,0.5611438647300421,2,lagged,50.0
580,3,0.1,100,0,4,-0.37146251591086366,0,0.5093792086344594,2,semicol,
581,3,0.1,100,0,2,-0.023447013986380032,0,0.050370147499819815,2,lagged,50.0
582,3,0.5,10,0,1,-0.6628425507535249,0,0.9556323114867079,2,semicol,
583,3,0.5,10,0,1,-0.3701470534062605,0,0.6249177456801067,2,lagged,20.0
584,3,0.5,50,0,0,-0.39152190859368546,1,0.5931285006359227,2,semicol,
585,3,0.5,50,0,3,-0.004017771176623074,0,0.029775988460511604,2,lagged,50.0
586,3,0.5,100,0,2,-0.10302969876539192,0,0.16711504756134438,2,semicol,
587,3,0.5,100,0,1,-0.27627014097763697,0,0.3871615387389904,2,lagged,20.0
588,3,1.0,10,0,2,-0.49986085957224147,0,0.7523258329009374,2,semicol,
589,3,1.0,10,0,4,-0.6384757331972792,0,0.9404052221022929,2,lagged,30.0
590,3,1.0,50,0,0,-0.4439216007889668,1,0.6315588179938616,2,semicol,
591,3,1.0,50,0,1,-0.10424468756417052,0,0.14498752668036183,2,lagged,20.0
592,3,1.0,100,0,2,-0.5852524149183073,0,0.8527690916784129,2,semicol,
593,3,1.0,100,0,4,-0.504220413479783,0,0.7477883800940317,2,lagged,30.0
594,3,0.1,10,0,4,-0.23109551648037155,0,0.2611390441407441,3,semicol,
595,3,0.1,10,0,1,-0.9343719295615048,0,0.8918241446690787,3,lagged,0.0
596,3,0.1,50,0,0,-0.41925509486753054,1,0.3821433976331111,3,semicol,
597,3,0.1,50,0,3,-0.6939690707723809,0,0.6123900814783623,3,lagged,50.0
598,3,0.1,100,0,0,-1.2499984375195942e-06,1,0.000757446778628928,3,semicol,
599,3,0.1,100,0,0,-1.2499984375195942e-06,1,0.0005346014991105165,3,lagged,0.0
600,3,0.5,10,0,0,-0.7970936095302145,1,0.7207167773718776,3,semicol,
601,3,0.5,10,0,1,-0.9731664330975902,0,0.8269190219736886,3,lagged,50.0
602,3,0.5,50,0,2,-0.4508172676039731,0,0.4192064021846313,3,semicol,
603,3,0.5,50,0,1,-0.6821062221070998,0,0.6186333069720646,3,lagged,50.0
604,3,0.5,100,0,2,-0.7468136791201344,0,0.6787761273447488,3,semicol,
605,3,0.5,100,0,1,-1.092612181411087,0,0.9952305388668043,3,lagged,50.0
606,3,1.0,10,0,3,-1.0037012825167932,0,0.9108554647026517,3,semicol,
607,3,1.0,10,0,1,-0.9471749112144612,0,0.8467903213879389,3,lagged,0.0
608,3,1.0,50,0,0,-0.7640419947775612,1,0.6902962109613762,3,semicol,
609,3,1.0,50,0,1,-0.8722909362269226,0,0.8104423976647005,3,lagged,50.0
610,3,1.0,100,0,0,-0.9426758952865074,1,0.8608050466112293,3,semicol,
611,3,1.0,100,0,2,-0.8698840065513462,0,0.7986345012811685,3,lagged,50.0
612,3,0.1,10,0,4,-0.652995042405748,0,0.46441176153394753,4,semicol,
613,3,0.1,10,0,3,-7.518325922962996e-05,0,0.005484311637085028,4,lagged,50.0
614,3,0.1,50,0,0,-0.03904475191889635,1,0.030164885224930566,4,semicol,
615,3,0.1,50,0,2,-0.242057954449636,0,0.1688399939368268,4,lagged,20.0
616,3,0.1,100,0,4,-0.006873490784401181,0,0.017879288953910784,4,semicol,
617,3,0.1,100,0,1,-0.19196086035909465,0,0.1380348016026064,4,lagged,50.0
618,3,0.5,10,0,0,-0.5249107770664326,1,0.38957536634590795,4,semicol,
619,3,0.5,10,0,0,-0.9756378326529194,1,0.7188994485633872,4,lagged,0.0
620,3,0.5,50,0,0,-0.2545145876225849,1,0.18336926508910803,4,semicol,
621,3,0.5,50,0,1,-0.980328611973472,0,0.7006177051500264,4,lagged,30.0
622,3,0.5,100,0,0,-0.32064590148955147,1,0.24191894344438433,4,semicol,
623,3,0.5,100,0,2,-1.0198087896192598,0,0.7438688177096618,4,lagged,50.0
624,3,1.0,10,0,0,-1.0483163960722093,1,0.7620589214824597,4,semicol,
625,3,1.0,10,0,1,-1.140254993650426,0,0.8071464307652824,4,lagged,0.0
626,3,1.0,50,0,0,-1.1104783822178808,1,0.811169795760075,4,semicol,
627,3,1.0,50,0,1,-0.9722327079480723,0,0.7094412481760757,4,lagged,20.0
628,3,1.0,100,0,2,-0.8977296937904896,0,0.6529124419473233,4,semicol,
629,3,1.0,100,0,1,-1.0751019131477424,0,0.7812642603594177,4,lagged,20.0
630,3,0.1,10,0,2,-0.5751077033101234,0,0.3872574045335457,5,semicol,
631,3,0.1,10,0,1,-0.5540662687251363,0,0.3580515574644692,5,lagged,0.0
632,3,0.1,50,0,0,-0.7145419430320236,1,0.4359614029001133,5,semicol,
633,3,0.1,50,0,3,-0.19662892420288824,0,0.12745685957035824,5,lagged,50.0
634,3,0.1,100,0,3,-0.6586600980755839,0,0.41113935352508724,5,semicol,
635,3,0.1,100,0,2,-0.6950722368972168,0,0.42850406417767156,5,lagged,50.0
636,3,0.5,10,0,0,-0.8456856001034397,1,0.5042722871468561,5,semicol,
637,3,0.5,10,0,0,-1.1435364292046857,1,0.673283409662913,5,lagged,0.0
638,3,0.5,50,0,0,-1.2243587694800206,1,0.7603553776505956,5,semicol,
639,3,0.5,50,0,1,-1.0663727468076096,0,0.6651880007482617,5,lagged,20.0
640,3,0.5,100,0,0,-1.2269490323316936,1,0.7571955005561507,5,semicol,
641,3,0.5,100,0,1,-1.002691726744021,0,0.6341877417254475,5,lagged,50.0
642,3,1.0,10,0,0,-1.1632359279293698,1,0.7146118640711296,5,semicol,
643,3,1.0,10,0,0,-1.17845006574173,1,0.729641661785164,5,lagged,0.0
644,3,1.0,50,0,0,-1.533832900240603,1,0.9468073392738938,5,semicol,
645,3,1.0,50,0,1,-1.5247362325562739,0,0.9493287437460076,5,lagged,50.0
646,3,1.0,100,0,1,-1.4845593232653627,0,0.9243789269609485,5,semicol,
647,3,1.0,100,0,1,-1.3349796482274892,0,0.8406573103804783,5,lagged,50.0
648,3,0.1,10,1,4,-0.19124660419573689,0,0.0,2,semicol,
649,3,0.1,10,1,2,-0.19509291918114458,0,0.0,2,lagged,50.0
650,3,0.1,50,1,1,-0.20512375741200944,1,0.0,2,semicol,
651,3,0.1,50,1,2,-0.20583211211844926,0,0.0,2,lagged,20.0
652,3,0.1,100,1,4,-0.1924790825542389,0,0.0,2,semicol,
653,3,0.1,100,1,1,-0.20800617455557407,1,0.0,2,lagged,30.0
654,3,0.5,10,1,3,-0.10645128313045492,0,0.0,2,semicol,
655,3,0.5,10,1,3,-0.207614844466749,0,0.0,2,lagged,20.0
656,3,0.5,50,1,2,-0.19368673220502014,0,0.0,2,semicol,
657,3,0.5,50,1,2,-0.17093577549582978,0,0.0,2,lagged,30.0
658,3,0.5,100,1,4,-0.1886948302313092,0,0.0,2,semicol,
659,3,0.5,100,1,2,-0.18984568632712978,0,0.0,2,lagged,50.0
660,3,1.0,10,1,4,-0.19348021755179462,0,0.0,2,semicol,
661,3,1.0,10,1,2,-0.13172145403869337,0,0.0,2,lagged,30.0
662,3,1.0,50,1,1,-0.20239650538887954,1,0.0,2,semicol,
663,3,1.0,50,1,3,-0.16950035322436122,0,0.0,2,lagged,50.0
664,3,1.0,100,1,4,-0.1771262699738076,0,0.0,2,semicol,
665,3,1.0,100,1,3,-0.19684314816602172,0,0.0,2,lagged,50.0
666,3,0.1,10,1,4,-0.18581109812243388,0,0.0024557855367605902,3,semicol,
667,3,0.1,10,1,1,-0.1641625544945876,1,0.2523839252723739,3,lagged,30.0
668,3,0.1,50,1,3,-0.21325361191861858,0,0.211687230155872,3,semicol,
669,3,0.1,50,1,1,-0.22148849879057808,1,0.3079255138681383,3,lagged,30.0
670,3,0.1,100,1,4,-0.20548202925231535,0,0.0016277090782574539,3,semicol,
671,3,0.1,100,1,1,-0.22300542175459184,1,0.5456915488233604,3,lagged,50.0
672,3,0.5,10,1,2,-0.21015901155170474,0,0.7435088892067699,3,semicol,
673,3,0.5,10,1,1,-0.24571298181730966,1,0.4212369296490021,3,lagged,0.0
674,3,0.5,50,1,2,-0.23024439971660837,0,0.748731961887002,3,semicol,
675,3,0.5,50,1,1,-0.2270394623530376,1,0.7814093956047924,3,lagged,20.0
676,3,0.5,100,1,4,-0.20143069821060933,0,0.4267020985308115,3,semicol,
677,3,0.5,100,1,3,-0.21767146569894777,0,0.49306155241575894,3,lagged,50.0
678,3,1.0,10,1,1,-0.23670779425396468,1,0.611459654720096,3,semicol,
679,3,1.0,10,1,2,-0.17822093105459563,0,0.8379313891323096,3,lagged,30.0
680,3,1.0,50,1,3,-0.20064618015426927,0,0.47966762574296934,3,semicol,
681,3,1.0,50,1,1,-0.2291997971602788,1,0.8390421027202208,3,lagged,20.0
682,3,1.0,100,1,4,-0.19711531115720315,0,0.7812537808560952,3,semicol,
683,3,1.0,100,1,1,-0.23231346422464408,1,0.5247173237699012,3,lagged,20.0
684,3,0.1,10,1,4,-0.16140905479781023,0,0.12467763641422756,4,semicol,
685,3,0.1,10,1,1,-0.19251645212709229,1,0.23424914903371236,4,lagged,20.0
686,3,0.1,50,1,3,-0.2046506446358797,0,0.19099746574328905,4,semicol,
687,3,0.1,50,1,1,-0.19985659072384737,1,0.08883826839825651,4,lagged,50.0
688,3,0.1,100,1,4,-0.20990121582581053,0,0.5160563514495908,4,semicol,
689,3,0.1,100,1,1,-0.21186868810137138,1,0.44031280919589666,4,lagged,50.0
690,3,0.5,10,1,1,-0.2534951933620122,1,0.641719497132288,4,semicol,
691,3,0.5,10,1,1,-0.22530809815818106,1,0.35707913367444827,4,lagged,20.0
692,3,0.5,50,1,1,-0.2313527643867972,1,0.6905010654070294,4,semicol,
693,3,0.5,50,1,1,-0.21148049940005392,1,0.4741273483681029,4,lagged,50.0
694,3,0.5,100,1,3,-0.22309400654786837,0,0.6362000779626988,4,semicol,
695,3,0.5,100,1,2,-0.21783111225214238,0,0.6027221242573176,4,lagged,30.0
696,3,1.0,10,1,3,-0.2351631492099104,0,0.5821257790846741,4,semicol,
697,3,1.0,10,1,1,-0.239909453089031,1,0.8079580119145416,4,lagged,20.0
698,3,1.0,50,1,1,-0.21794715777273602,1,0.7266968753665549,4,semicol,
699,3,1.0,50,1,1,-0.24714625293363862,1,0.732920840680592,4,lagged,20.0
700,3,1.0,100,1,1,-0.2251153890953876,1,0.7559561091785899,4,semicol,
701,3,1.0,100,1,1,-0.2485275127733677,1,0.8466116374703239,4,lagged,50.0
702,3,0.1,10,1,3,-0.273008738438805,0,0.20457734069120118,5,semicol,
703,3,0.1,10,1,1,-0.19925509135218292,1,0.2681268841884742,5,lagged,20.0
704,3,0.1,50,1,2,-0.2259260358561603,0,0.315246352407581,5,semicol,
705,3,0.1,50,1,1,-0.2554670962654594,1,0.4370177122696763,5,lagged,20.0
706,3,0.1,100,1,1,-0.19607590570298167,1,0.18136109406017625,5,semicol,
707,3,0.1,100,1,1,-0.21851215652542488,1,0.22227400300658018,5,lagged,20.0
708,3,0.5,10,1,1,-0.31778488586081316,1,0.5489851480564046,5,semicol,
709,3,0.5,10,1,1,-0.17769344575441925,1,0.6209364306263797,5,lagged,30.0
710,3,0.5,50,1,1,-0.24693810378996714,1,0.4942680276812442,5,semicol,
711,3,0.5,50,1,1,-0.2398078673109605,1,0.7203509063105313,5,lagged,20.0
712,3,0.5,100,1,3,-0.22113186270234997,0,0.6089117735342654,5,semicol,
713,3,0.5,100,1,1,-0.2445031373893039,1,0.6147511934982108,5,lagged,30.0
714,3,1.0,10,1,1,-0.2057671578954239,1,0.825183257146116,5,semicol,
715,3,1.0,10,1,1,-0.3196422025987007,1,0.8109525385866816,5,lagged,20.0
716,3,1.0,50,1,1,-0.23829656385071368,1,0.7114829465078947,5,semicol,
717,3,1.0,50,1,1,-0.2382559689026517,1,0.7911131734755786,5,lagged,20.0
718,3,1.0,100,1,1,-0.24906968751370567,1,0.7137052029944833,5,semicol,
719,3,1.0,100,1,1,-0.261289016677666,1,0.8449009156021108,5,lagged,50.0
720,3,0.1,10,2,2,-0.10873332996011516,1,0.0,2,semicol,
721,3,0.1,10,2,3,-0.06454549516159064,0,0.0,2,lagged,50.0
722,3,0.1,50,2,4,-0.20220098287199723,0,0.0,2,semicol,
723,3,0.1,50,2,4,-0.1692839634607688,0,0.0,2,lagged,30.0
724,3,0.1,100,2,2,-0.19896520249302657,1,0.0,2,semicol,
725,3,0.1,100,2,1,-0.20669713213653837,0,0.0,2,lagged,20.0
726,3,0.5,10,2,1,-0.15572037164075872,0,0.0,2,semicol,
727,3,0.5,10,2,3,-0.1178777565098236,0,0.0,2,lagged,50.0
728,3,0.5,50,2,4,-0.16985134087213924,0,0.0,2,semicol,
729,3,0.5,50,2,3,-0.17009987699317716,0,0.0,2,lagged,30.0
730,3,0.5,100,2,2,-0.20380766009579637,1,0.0,2,semicol,
731,3,0.5,100,2,1,-0.2006441258916154,0,0.0,2,lagged,50.0
732,3,1.0,10,2,3,-0.19416139724481082,0,0.0,2,semicol,
733,3,1.0,10,2,3,-0.12768363440109143,0,0.0,2,lagged,50.0
734,3,1.0,50,2,3,-0.20066207028498764,0,0.0,2,semicol,
735,3,1.0,50,2,2,-0.1911490671614949,1,0.0,2,lagged,20.0
736,3,1.0,100,2,3,-0.1935171999834606,0,0.0,2,semicol,
737,3,1.0,100,2,3,-0.1925390395144236,0,0.0,2,lagged,50.0
738,3,0.1,10,2,4,-0.13128048639446677,0,0.10854770145778705,3,semicol,
739,3,0.1,10,2,1,-0.22714451716146825,0,0.018085834590601337,3,lagged,20.0
740,3,0.1,50,2,2,-0.24085756944226508,1,0.32568038768965346,3,semicol,
741,3,0.1,50,2,2,-0.18868036117396975,1,0.2920263812134676,3,lagged,50.0
742,3,0.1,100,2,3,-0.19934151862533736,0,0.21115904144695039,3,semicol,
743,3,0.1,100,2,3,-0.17254183552184568,0,0.24466966265280035,3,lagged,30.0
744,3,0.5,10,2,3,-0.32242551714558676,0,0.6836860048046395,3,semicol,
745,3,0.5,10,2,2,-0.20201811717769025,1,0.5246016883592671,3,lagged,50.0
746,3,0.5,50,2,4,-0.22547330555327308,0,0.4973622482242103,3,semicol,
747,3,0.5,50,2,4,-0.1994594836282196,0,0.6130802519921775,3,lagged,20.0
748,3,0.5,100,2,4,-0.21283154805110038,0,0.603227780708503,3,semicol,
749,3,0.5,100,2,1,-0.23047897150669716,0,0.6698070568255825,3,lagged,20.0
750,3,1.0,10,2,2,-0.25522512472762393,1,0.654883329067325,3,semicol,
751,3,1.0,10,2,1,-0.15449382194411698,0,0.7066785505095189,3,lagged,20.0
752,3,1.0,50,2,4,-0.21951111301611848,0,0.53524349407559,3,semicol,
753,3,1.0,50,2,1,-0.2341998643710036,0,0.6816220243504701,3,lagged,20.0
754,3,1.0,100,2,2,-0.2343601628341976,1,0.8322297782507475,3,semicol,
755,3,1.0,100,2,3,-0.2090129871673043,0,0.74716380069877,3,lagged,50.0
756,3,0.1,10,2,1,-0.25531812530254083,0,0.17626391255171142,4,semicol,
757,3,0.1,10,2,1,-0.22948426521236884,0,0.3196585013247225,4,lagged,50.0
758,3,0.1,50,2,2,-0.24511189397991925,1,0.30799551366092015,4,semicol,
759,3,0.1,50,2,1,-0.21405886580618327,0,0.2216126909934707,4,lagged,20.0
760,3,0.1,100,2,3,-0.21290511836708118,0,0.14141145837660923,4,semicol,
761,3,0.1,100,2,1,-0.21534495737771028,0,0.30077756987218696,4,lagged,50.0
762,3,0.5,10,2,2,-0.26840608346550837,1,0.6656116380153223,4,semicol,
763,3,0.5,10,2,2,-0.22648093426438745,1,0.617475281033091,4,lagged,50.0
764,3,0.5,50,2,3,-0.22557170587477293,0,0.6770354520819672,4,semicol,
765,3,0.5,50,2,1,-0.2548853961140179,0,0.6464315171301197,4,lagged,50.0
766,3,0.5,100,2,2,-0.21881077545318026,1,0.4832752742710177,4,semicol,
767,3,0.5,100,2,1,-0.20053989620713328,0,0.5755875864824977,4,lagged,20.0
768,3,1.0,10,2,2,-0.20355101429263764,1,0.837235249933045,4,semicol,
769,3,1.0,10,2,2,-0.1354793184040606,1,0.8174685217433255,4,lagged,50.0
770,3,1.0,50,2,2,-0.2749118153059348,1,0.8171708344200517,4,semicol,
771,3,1.0,50,2,2,-0.25221066598748004,1,0.7485898853697625,4,lagged,50.0
772,3,1.0,100,2,2,-0.23576085239980987,1,0.7354912840832354,4,semicol,
773,3,1.0,100,2,1,-0.24154243801077405,0,0.8073869460834031,4,lagged,30.0
774,3,0.1,10,2,3,-0.2066877338044827,0,0.3195168398870795,5,semicol,
775,3,0.1,10,2,1,-0.2187091098744476,0,0.28871280847483916,5,lagged,30.0
776,3,0.1,50,2,2,-0.20948954895027302,1,0.2382948111980509,5,semicol,
777,3,0.1,50,2,2,-0.2184528239020688,1,0.2555451912831822,5,lagged,30.0
778,3,0.1,100,2,2,-0.23709373433350853,1,0.23184817845962125,5,semicol,
779,3,0.1,100,2,1,-0.21993594562032684,0,0.23303927683473857,5,lagged,20.0
780,3,0.5,10,2,2,-0.24294909526362152,1,0.6732359629351121,5,semicol,
781,3,0.5,10,2,1,-0.23098316983260328,0,0.6555206563945292,5,lagged,20.0
782,3,0.5,50,2,1,-0.2500065557549595,0,0.6777233668916081,5,semicol,
783,3,0.5,50,2,2,-0.2261030338798147,1,0.6487820752017806,5,lagged,50.0
784,3,0.5,100,2,2,-0.22935384447915153,1,0.6616014930854979,5,semicol,
785,3,0.5,100,2,1,-0.25627303368058535,0,0.6349005087591967,5,lagged,20.0
786,3,1.0,10,2,1,-0.2674379525459364,0,0.7902308807352513,5,semicol,
787,3,1.0,10,2,1,-0.303406776542663,0,0.7512846326661693,5,lagged,20.0
788,3,1.0,50,2,2,-0.30534335968010784,1,0.7737617757032106,5,semicol,
789,3,1.0,50,2,1,-0.22919155573337346,0,0.8148542696157102,5,lagged,20.0
790,3,1.0,100,2,2,-0.2559093348525669,1,0.7288225779954858,5,semicol,
791,3,1.0,100,2,1,-0.23975407676262037,0,0.7480337719336124,5,lagged,30.0
792,3,0.1,10,3,4,-0.23230146784005268,0,0.0,2,semicol,
793,3,0.1,10,3,4,-0.15052023716498025,0,0.0,2,lagged,30.0
794,3,0.1,50,3,3,-0.19115948493602108,1,0.0,2,semicol,
795,3,0.1,50,3,3,-0.18577908053760445,1,0.0,2,lagged,50.0
796,3,0.1,100,3,4,-0.1935537509351006,0,0.0,2,semicol,
797,3,0.1,100,3,1,-0.19705678305579613,0,0.0,2,lagged,20.0
798,3,0.5,10,3,4,-0.20240202644782232,0,0.0,2,semicol,
799,3,0.5,10,3,2,-0.2076289204846703,0,0.0,2,lagged,50.0
800,3,0.5,50,3,3,-0.21984965346625476,1,0.0,2,semicol,
801,3,0.5,50,3,4,-0.16555885686394028,0,0.0,2,lagged,30.0
802,3,0.5,100,3,3,-0.1911748989620747,1,0.0,2,semicol,
803,3,0.5,100,3,4,-0.18236315195126723,0,0.0,2,lagged,20.0
804,3,1.0,10,3,4,-0.21174678627396945,0,0.0,2,semicol,
805,3,1.0,10,3,3,-0.15953811304622736,1,0.0,2,lagged,50.0
806,3,1.0,50,3,4,-0.18884055145472647,0,0.0,2,semicol,
807,3,1.0,50,3,3,-0.1657372960147947,1,0.0,2,lagged,50.0
808,3,1.0,100,3,4,-0.20298494072350376,0,0.0,2,semicol,
809,3,1.0,100,3,2,-0.20304487207094016,0,0.0,2,lagged,20.0
810,3,0.1,10,3,1,-0.26460256923038367,0,0.19595266509031417,3,semicol,
811,3,0.1,10,3,2,-0.1950448567409017,0,0.2550584436257026,3,lagged,30.0
812,3,0.1,50,3,3,-0.21429780630090223,1,0.22219992878632924,3,semicol,
813,3,0.1,50,3,1,-0.186148296195693,0,0.13075821698712706,3,lagged,20.0
814,3,0.1,100,3,3,-0.21660760595241066,1,0.1819507872412858,3,semicol,
815,3,0.1,100,3,2,-0.2117482344048732,0,0.23859633382182874,3,lagged,50.0
816,3,0.5,10,3,2,-0.2662169313312772,0,0.47385228494257625,3,semicol,
817,3,0.5,10,3,2,-0.15143385617759658,0,0.593735994544289,3,lagged,50.0
818,3,0.5,50,3,3,-0.23333645499648406,1,0.673110946102315,3,semicol,
819,3,0.5,50,3,1,-0.22826653880956776,0,0.5024446473928964,3,lagged,20.0
820,3,0.5,100,3,4,-0.20194368209796845,0,0.45279950388099294,3,semicol,
821,3,0.5,100,3,3,-0.21339115172247317,1,0.5433928358251288,3,lagged,30.0
822,3,1.0,10,3,3,-0.21989126213305285,1,0.8044803521791387,3,semicol,
823,3,1.0,10,3,1,-0.10745123665540841,0,0.6959287474582532,3,lagged,30.0
824,3,1.0,50,3,3,-0.22925572520108953,1,0.6777206492538935,3,semicol,
825,3,1.0,50,3,1,-0.26523874079123677,0,0.6460064895093032,3,lagged,50.0
826,3,1.0,100,3,3,-0.24396168305373012,1,0.7704374324088629,3,semicol,
827,3,1.0,100,3,2,-0.21783894202010526,0,0.7531199044342713,3,lagged,50.0
828,3,0.1,10,3,2,-0.2683734907290291,0,0.23317783110283713,4,semicol,
829,3,0.1,10,3,2,-0.24921107652397745,0,0.28019376651698025,4,lagged,20.0
830,3,0.1,50,3,3,-0.23622307062232523,1,0.20740666200178914,4,semicol,
831,3,0.1,50,3,2,-0.204462881131104,0,0.19895454825773337,4,lagged,50.0
832,3,0.1,100,3,2,-0.2663786508289322,0,0.2816205228481803,4,semicol,
833,3,0.1,100,3,1,-0.23329778023171993,0,0.18422494296533565,4,lagged,30.0
834,3,0.5,10,3,3,-0.22051594733685428,1,0.6140337097837598,4,semicol,
835,3,0.5,10,3,1,-0.23173360211420907,0,0.6314023567660334,4,lagged,20.0
836,3,0.5,50,3,2,-0.2599590333516639,0,0.574423667007271,4,semicol,
837,3,0.5,50,3,1,-0.22240564623648365,0,0.6079863358562592,4,lagged,50.0
838,3,0.5,100,3,3,-0.23991115171329566,1,0.63434470869307,4,semicol,
839,3,0.5,100,3,1,-0.22904644778989958,0,0.626316701622138,4,lagged,30.0
840,3,1.0,10,3,1,-0.2504788877018834,0,0.7535410714307746,4,semicol,
841,3,1.0,10,3,1,-0.24222607097556662,0,0.7652999515150123,4,lagged,50.0
842,3,1.0,50,3,3,-0.24338097688071195,1,0.7327065850223478,4,semicol,
843,3,1.0,50,3,1,-0.2557840477193352,0,0.7619370933402448,4,lagged,20.0
844,3,1.0,100,3,3,-0.27081215974509426,1,0.7559505265394886,4,semicol,
845,3,1.0,100,3,1,-0.2421399876386301,0,0.7292709386736819,4,lagged,20.0
846,3,0.1,10,3,1,-0.27795562793189516,0,0.2367724661511365,5,semicol,
847,3,0.1,10,3,1,-0.23858327386781125,0,0.24649779742921937,5,lagged,20.0
848,3,0.1,50,3,1,-0.27188080107516394,0,0.2399100453584934,5,semicol,
849,3,0.1,50,3,1,-0.18052492528402517,0,0.23895753718975876,5,lagged,50.0
850,3,0.1,100,3,2,-0.25068293131085334,0,0.27073536176402435,5,semicol,
851,3,0.1,100,3,1,-0.2695299177153971,0,0.2542078218654044,5,lagged,20.0
852,3,0.5,10,3,1,-0.31770585592619816,0,0.648112774632381,5,semicol,
853,3,0.5,10,3,1,-0.2094233269908349,0,0.6152228236451137,5,lagged,30.0
854,3,0.5,50,3,2,-0.2252417403302931,0,0.6384501261705177,5,semicol,
855,3,0.5,50,3,1,-0.24218544241759704,0,0.6509431951583008,5,lagged,30.0
856,3,0.5,100,3,2,-0.28266936031862216,0,0.6383071534929853,5,semicol,
857,3,0.5,100,3,2,-0.21763531821278753,0,0.6501782175682385,5,lagged,50.0
858,3,1.0,10,3,1,-0.35895926739394785,0,0.7904831325263927,5,semicol,
859,3,1.0,10,3,1,-0.26053872590470395,0,0.768113616358002,5,lagged,50.0
860,3,1.0,50,3,2,-0.26582847976105617,0,0.7786290925659196,5,semicol,
861,3,1.0,50,3,1,-0.24966941632688386,0,0.7681851152283318,5,lagged,20.0
862,3,1.0,100,3,2,-0.28047035086803707,0,0.7941749367535088,5,semicol,
863,3,1.0,100,3,1,-0.2547317721571276,0,0.7836919221837173,5,lagged,20.0
864,4,0.1,10,0,0,-6.249941406765764e-06,1,0.00021243251717763834,2,semicol,
865,4,0.1,10,0,3,-0.0051503712811525985,0,0.06154979937701536,2,lagged,50.0
866,4,0.1,50,0,0,-1.2499976562546753e-06,1,1.721559560998586e-16,2,semicol,
867,4,0.1,50,0,3,-0.014801933653119614,0,0.035147932318323555,2,lagged,50.0
868,4,0.1,100,0,0,-0.00025065609833436006,1,0.005132872200494355,2,semicol,
869,4,0.1,100,0,0,-0.08683660670993527,1,0.09641871770596437,2,lagged,0.0
870,4,0.5,10,0,2,-0.339877864513976,0,0.512319756409614,2,semicol,
871,4,0.5,10,0,2,-0.033743324437980976,0,0.06997073238830859,2,lagged,50.0
872,4,0.5,50,0,1,-0.3183269073050874,0,0.44492455054591534,2,semicol,
873,4,0.5,50,0,2,-0.16808389185436687,0,0.2855787549497751,2,lagged,50.0
874,4,0.5,100,0,3,-0.4483379687101414,0,0.6640217056251863,2,semicol,
875,4,0.5,100,0,2,-0.676211968919614,0,0.9711650272927257,2,lagged,20.0
876,4,1.0,10,0,1,-0.6895578090172945,0,0.9813983416255102,2,semicol,
877,4,1.0,10,0,3,-0.6734044195364434,0,0.9867840017505665,2,lagged,20.0
878,4,1.0,50,0,1,-0.4727106161571234,0,0.7042941827993593,2,semicol,
879,4,1.0,50,0,3,-0.45201053045794404,0,0.6551920059606648,2,lagged,50.0
880,4,1.0,100,0,4,-0.398812360176458,0,0.5693915584002093,2,semicol,
881,4,1.0,100,0,1,-0.4254574127590612,0,0.6246241973651647,2,lagged,30.0
882,4,0.1,10,0,0,-0.0012632739231757735,1,0.008032453909544504,3,semicol,
883,4,0.1,10,0,1,-0.0008510496792412426,0,0.010120694491830942,3,lagged,50.0
884,4,0.1,50,0,4,-0.5317366597168836,0,0.4618351030746931,3,semicol,
885,4,0.1,50,0,0,-0.3063835003931315,1,0.30549654437595003,3,lagged,0.0
886,4,0.1,100,0,4,-0.4755920324518304,0,0.45292850137692897,3,semicol,
887,4,0.1,100,0,3,-0.09322917290567473,0,0.0775237960546586,3,lagged,50.0
888,4,0.5,10,0,0,-0.947755957147013,1,0.875622033500041,3,semicol,
889,4,0.5,10,0,1,-0.8872938341959238,0,0.8189629030483775,3,lagged,20.0
890,4,0.5,50,0,0,-0.608359749674773,1,0.5559535439726128,3,semicol,
891,4,0.5,50,0,3,-0.8116952803816896,0,0.746971424657651,3,lagged,50.0
892,4,0.5,100,0,0,-1.0389364646705623,1,0.9432455970726774,3,semicol,
893,4,0.5,100,0,3,-0.8163188318764996,0,0.7627028281780622,3,lagged,50.0
894,4,1.0,10,0,3,-1.046380405388929,0,0.9596941555688561,3,semicol,
895,4,1.0,10,0,2,-0.8790339007299521,0,0.8484613946288322,3,lagged,50.0
896,4,1.0,50,0,1,-0.7951623583393636,0,0.7276075252841121,3,semicol,
897,4,1.0,50,0,2,-0.9139739042464423,0,0.8222030453190431,3,lagged,30.0
898,4,1.0,100,0,1,-0.9650110959034096,0,0.8780559243964734,3,semicol,
899,4,1.0,100,0,2,-0.768780556103978,0,0.710477195352197,3,lagged,20.0
900,4,0.1,10,0,0,-1.874970703634428e-05,1,8.913510739366761e-05,4,semicol,
901,4,0.1,10,0,2,-0.34178547907666756,0,0.29082875093363414,4,lagged,50.0
902,4,0.1,50,0,2,-0.473029866883725,0,0.34278384289809694,4,semicol,
903,4,0.1,50,0,0,-0.4651994740148503,1,0.34693390116613027,4,lagged,0.0
904,4,0.1,100,0,4,-0.3501439067448128,0,0.25260061106673753,4,semicol,
905,4,0.1,100,0,3,-0.8044669530187584,0,0.5846789085133928,4,lagged,50.0
906,4,0.5,10,0,0,-1.1820285261070427,1,0.8307177663812317,4,semicol,
907,4,0.5,10,0,0,-0.906386477904316,1,0.6647519017373392,4,lagged,0.0
908,4,0.5,50,0,0,-0.9886414024866812,1,0.6947036628492612,4,semicol,
909,4,0.5,50,0,3,-0.39309445898133216,0,0.30242155615922556,4,lagged,50.0
910,4,0.5,100,0,0,-0.30251130808827237,1,0.22346242467694286,4,semicol,
911,4,0.5,100,0,1,-1.1426714834121674,0,0.8265549795609565,4,lagged,30.0
912,4,1.0,10,0,1,-0.9082928871926776,0,0.659927639035742,4,semicol,
913,4,1.0,10,0,1,-1.1578443309346105,0,0.8253001558356687,4,lagged,20.0
914,4,1.0,50,0,0,-1.2903426760656587,1,0.9346493235899965,4,semicol,
915,4,1.0,50,0,1,-1.2574285664312834,0,0.8991700284196557,4,lagged,50.0
916,4,1.0,100,0,0,-1.2667868883040838,1,0.9158914112271885,4,semicol,
917,4,1.0,100,0,2,-1.1786740925577022,0,0.8636353758260673,4,lagged,20.0
918,4,0.1,10,0,0,-0.038496747298087934,1,0.02012221122413921,5,semicol,
919,4,0.1,10,0,3,-0.19323821776853578,0,0.14136859159711243,5,lagged,30.0
920,4,0.1,50,0,0,-0.5906867659601023,1,0.3661402653442775,5,semicol,
921,4,0.1,50,0,1,-0.7046641501255824,0,0.4386576906471499,5,lagged,30.0
922,4,0.1,100,0,0,-0.017508666599327746,1,0.01031025165978736,5,semicol,
923,4,0.1,100,0,2,-0.6900542640080592,0,0.4321609135008245,5,lagged,50.0
924,4,0.5,10,0,0,-1.3720525670702077,1,0.855083539717479,5,semicol,
925,4,0.5,10,0,0,-1.082376150775269,1,0.6827924160432927,5,lagged,0.0
926,4,0.5,50,0,1,-1.0933939707145115,0,0.6844099635567933,5,semicol,
927,4,0.5,50,0,1,-1.4156155788305793,0,0.8919537132700324,5,lagged,30.0
928,4,0.5,100,0,1,-1.081931308703769,0,0.6699344022349619,5,semicol,
929,4,0.5,100,0,0,-1.1787810200876327,1,0.7326729339695244,5,lagged,0.0
930,4,1.0,10,0,0,-1.3813284002796555,1,0.851137789596078,5,semicol,
931,4,1.0,10,0,1,-1.3905632309467502,0,0.8679366801996735,5,lagged,50.0
932,4,1.0,50,0,0,-1.1727802232378017,1,0.7264934584864097,5,semicol,
933,4,1.0,50,0,1,-0.5542205447923358,0,0.35788513732638744,5,lagged,50.0
934,4,1.0,100,0,0,-1.0723203297821218,1,0.6631055714896652,5,semicol,
935,4,1.0,100,0,1,-1.4009568883401236,0,0.8646922895527203,5,lagged,20.0
936,4,0.1,10,1,1,-0.1990232835405365,1,0.0,2,semicol,
937,4,0.1,10,1,1,-0.21288137657952735,1,0.0,2,lagged,0.0
938,4,0.1,50,1,2,-0.1852943357851228,0,0.0,2,semicol,
939,4,0.1,50,1,3,-0.1732252184710595,0,0.0,2,lagged,50.0
940,4,0.1,100,1,1,-0.19642585714650704,1,0.0,2,semicol,
941,4,0.1,100,1,4,-0.19638784868943454,0,0.0,2,lagged,30.0
942,4,0.5,10,1,4,-0.1467012305586132,0,0.0,2,semicol,
943,4,0.5,10,1,1,-0.21476139895791838,1,0.0,2,lagged,0.0
944,4,0.5,50,1,3,-0.18053690147968024,0,0.0,2,semicol,
945,4,0.5,50,1,1,-0.205545985817668,1,0.0,2,lagged,30.0
946,4,0.5,100,1,4,-0.1853318773378944,0,0.0,2,semicol,
947,4,0.5,100,1,3,-0.17877388033273087,0,0.0,2,lagged,50.0
948,4,1.0,10,1,2,-0.18937057394151055,0,0.0,2,semicol,
949,4,1.0,10,1,4,-0.19012899957073337,0,0.0,2,lagged,20.0
950,4,1.0,50,1,2,-0.20470940209761385,0,0.0,2,semicol,
951,4,1.0,50,1,3,-0.17620568835295133,0,0.0,2,lagged,50.0
952,4,1.0,100,1,1,-0.18553481882994075,1,0.0,2,semicol,
953,4,1.0,100,1,3,-0.1838764614712374,0,0.0,2,lagged,50.0
954,4,0.1,10,1,3,-0.1709226618332999,0,0.03143340300457981,3,semicol,
955,4,0.1,10,1,2,-0.17095683984466306,0,0.0011102160329059248,3,lagged,50.0
956,4,0.1,50,1,4,-0.2154677631272031,0,0.5942539862925048,3,semicol,
957,4,0.1,50,1,2,-0.2203491696950878,0,0.00807697664487021,3,lagged,50.0
958,4,0.1,100,1,2,-0.17953319855412744,0,0.058463456533640025,3,semicol,
959,4,0.1,100,1,2,-0.22072656803373703,0,0.27182220564545184,3,lagged,50.0
960,4,0.5,10,1,1,-0.35136625816433986,1,0.914742998809399,3,semicol,
961,4,0.5,10,1,2,-0.25100616855025765,0,0.28108151098846873,3,lagged,20.0
962,4,0.5,50,1,1,-0.25952494838537576,1,0.6908984832660284,3,semicol,
963,4,0.5,50,1,2,-0.18007008318191653,0,0.9689712561589046,3,lagged,50.0
964,4,0.5,100,1,1,-0.22152858328402686,1,0.5838847276331153,3,semicol,
965,4,0.5,100,1,3,-0.194294507165527,0,0.4513277618906319,3,lagged,50.0
966,4,1.0,10,1,1,-0.21592026828102578,1,0.8844519081674843,3,semicol,
967,4,1.0,10,1,2,-0.20266130598081106,0,0.8183784738672557,3,lagged,50.0
968,4,1.0,50,1,1,-0.222547020715074,1,0.5310348600705624,3,semicol,
969,4,1.0,50,1,1,-0.19974886393460858,1,0.24004400354724761,3,lagged,30.0
970,4,1.0,100,1,2,-0.204203916441689,0,0.7490021228169526,3,semicol,
971,4,1.0,100,1,2,-0.182461438416324,0,0.6155862633762293,3,lagged,50.0
972,4,0.1,10,1,4,-0.18551534903648884,0,0.31040595029293505,4,semicol,
973,4,0.1,10,1,1,-0.26792348383941894,1,0.1907574323248592,4,lagged,0.0
974,4,0.1,50,1,1,-0.22201752074120248,1,0.523767005684477,4,semicol,
975,4,0.1,50,1,1,-0.24474554954303393,1,0.45611133678516813,4,lagged,20.0
976,4,0.1,100,1,1,-0.21696746705872877,1,0.22170160094335617,4,semicol,
977,4,0.1,100,1,3,-0.18354351724002646,0,0.014300903670744181,4,lagged,50.0
978,4,0.5,10,1,1,-0.3495598646179006,1,0.4929375866391973,4,semicol,
979,4,0.5,10,1,1,-0.19859023565514108,1,0.5489172014238486,4,lagged,50.0
980,4,0.5,50,1,3,-0.22674169818304474,0,0.4968771770998558,4,semicol,
981,4,0.5,50,1,1,-0.23059769860928706,1,0.5260676881532663,4,lagged,50.0
982,4,0.5,100,1,2,-0.22897974755912176,0,0.7487393299033802,4,semicol,
983,4,0.5,100,1,1,-0.23409483359767488,1,0.5968074502531597,4,lagged,20.0
984,4,1.0,10,1,1,-0.22534265119456723,1,0.6193961967080445,4,semicol,
985,4,1.0,10,1,1,-0.2805257733254565,1,0.8690679856094035,4,lagged,20.0
986,4,1.0,50,1,1,-0.24905819114219868,1,0.8576598924507411,4,semicol,
987,4,1.0,50,1,1,-0.2181334241034625,1,0.6607366360019694,4,lagged,20.0
988,4,1.0,100,1,3,-0.2176921813425361,0,0.7923793176316082,4,semicol,
989,4,1.0,100,1,1,-0.24254753705256002,1,0.6532686360770865,4,lagged,20.0
990,4,0.1,10,1,2,-0.16728588939837985,0,0.1460584138679073,5,semicol,
991,4,0.1,10,1,2,-0.17126306346981912,0,0.24624349793277509,5,lagged,20.0
992,4,0.1,50,1,2,-0.24914443693190927,0,0.384031921644966,5,semicol,
993,4,0.1,50,1,2,-0.21509791969913652,0,0.23491758362403772,5,lagged,30.0
994,4,0.1,100,1,1,-0.21663452593920196,1,0.3009920973095809,5,semicol,
995,4,0.1,100,1,1,-0.21355645319274502,1,0.29230241947032887,5,lagged,20.0
996,4,0.5,10,1,1,-0.31260747633762603,1,0.8446162468838772,5,semicol,
997,4,0.5,10,1,1,-0.20221830486506007,1,0.6703279176071327,5,lagged,50.0
998,4,0.5,50,1,1,-0.2607461260936742,1,0.6216859078942616,5,semicol,
999,4,0.5,50,1,1,-0.27789726738864096,1,0.7160500407210315,5,lagged,30.0
1000,4,0.5,100,1,1,-0.26525836432842614,1,0.7013005214990031,5,semicol,
1001,4,0.5,100,1,2,-0.24544674931014193,0,0.7039690723525205,5,lagged,30.0
1002,4,1.0,10,1,1,-0.15775820413487238,1,0.7409057046955799,5,semicol,
1003,4,1.0,10,1,1,-0.24580288877514048,1,0.8271264606073219,5,lagged,0.0
1004,4,1.0,50,1,2,-0.2518174857169995,0,0.8399245151256917,5,semicol,
1005,4,1.0,50,1,1,-0.2719715904966344,1,0.7800038242233424,5,lagged,20.0
1006,4,1.0,100,1,1,-0.25987320105584494,1,0.7255557103167594,5,semicol,
1007,4,1.0,100,1,2,-0.24661200738033173,0,0.7684871613395658,5,lagged,50.0
1008,4,0.1,10,2,3,-0.20234312819585235,0,0.0,2,semicol,
1009,4,0.1,10,2,1,-0.19034411521578884,0,0.0,2,lagged,20.0
1010,4,0.1,50,2,3,-0.19503201146033394,0,0.0,2,semicol,
1011,4,0.1,50,2,3,-0.14350770810098934,0,0.0,2,lagged,50.0
1012,4,0.1,100,2,4,-0.1815838851381031,0,0.0,2,semicol,
1013,4,0.1,100,2,3,-0.19787050928328617,0,0.0,2,lagged,50.0
1014,4,0.5,10,2,2,-0.2533106504004867,1,0.0,2,semicol,
1015,4,0.5,10,2,4,-0.14885848211318625,0,0.0,2,lagged,30.0
1016,4,0.5,50,2,4,-0.205221098619765,0,0.0,2,semicol,
1017,4,0.5,50,2,1,-0.1827298333034364,0,0.0,2,lagged,30.0
1018,4,0.5,100,2,2,-0.20795981885650625,1,0.0,2,semicol,
1019,4,0.5,100,2,4,-0.19083004135173026,0,0.0,2,lagged,20.0
1020,4,1.0,10,2,3,-0.1820622455376248,0,0.0,2,semicol,
1021,4,1.0,10,2,1,-0.10227546312373119,0,0.0,2,lagged,30.0
1022,4,1.0,50,2,4,-0.19854993657373862,0,0.0,2,semicol,
1023,4,1.0,50,2,1,-0.20703309451214352,0,0.0,2,lagged,20.0
1024,4,1.0,100,2,3,-0.1968804774568315,0,0.0,2,semicol,
1025,4,1.0,100,2,1,-0.20823412073057634,0,0.0,2,lagged,20.0
1026,4,0.1,10,2,3,-0.21190876238829545,0,0.27046684113130115,3,semicol,
1027,4,0.1,10,2,3,-0.12728966315273535,0,0.03579528321275263,3,lagged,30.0
1028,4,0.1,50,2,3,-0.22317443998525205,0,0.3016970181956863,3,semicol,
1029,4,0.1,50,2,1,-0.22135877571014795,0,0.22956307114520566,3,lagged,20.0
1030,4,0.1,100,2,4,-0.204478539365428,0,0.2475107360001895,3,semicol,
1031,4,0.1,100,2,2,-0.21317312863489088,1,0.120826095969843,3,lagged,50.0
1032,4,0.5,10,2,3,-0.1652142683953233,0,0.5411104980402058,3,semicol,
1033,4,0.5,10,2,2,-0.2648051440175385,1,0.6027576605590412,3,lagged,50.0
1034,4,0.5,50,2,3,-0.20180837035561974,0,0.4654414449324912,3,semicol,
1035,4,0.5,50,2,1,-0.23755196886518182,0,0.562675640705568,3,lagged,20.0
1036,4,0.5,100,2,2,-0.21597684524679853,1,0.6573875251429131,3,semicol,
1037,4,0.5,100,2,2,-0.2100707370275308,1,0.49059325175130375,3,lagged,50.0
1038,4,1.0,10,2,2,-0.19423008903320718,1,0.7835384956547351,3,semicol,
1039,4,1.0,10,2,1,-0.2886390212355404,0,0.7454547473784419,3,lagged,20.0
1040,4,1.0,50,2,3,-0.22134716711015726,0,0.6448541926410474,3,semicol,
1041,4,1.0,50,2,1,-0.22784955985493488,0,0.7732760819757667,3,lagged,50.0
1042,4,1.0,100,2,3,-0.20764709116036797,0,0.5983760654598567,3,semicol,
1043,4,1.0,100,2,1,-0.23912093633151268,0,0.7006536203775989,3,lagged,20.0
1044,4,0.1,10,2,1,-0.18982807164556637,0,0.25528039644818884,4,semicol,
1045,4,0.1,10,2,1,-0.222308851344529,0,0.2385870804698697,4,lagged,30.0
1046,4,0.1,50,2,2,-0.21407985828623247,1,0.18548325591878045,4,semicol,
1047,4,0.1,50,2,2,-0.170896918755248,1,0.2721604783545603,4,lagged,50.0
1048,4,0.1,100,2,2,-0.2076979325389376,1,0.2620553590690259,4,semicol,
1049,4,0.1,100,2,1,-0.2063039722584999,0,0.27492162203484316,4,lagged,20.0
1050,4,0.5,10,2,1,-0.23029757643110504,0,0.6479430340511456,4,semicol,
1051,4,0.5,10,2,1,-0.2501801122394896,0,0.727648337601402,4,lagged,50.0
1052,4,0.5,50,2,2,-0.2485624301061454,1,0.7824203757669181,4,semicol,
1053,4,0.5,50,2,1,-0.2587028562002312,0,0.6029676825435679,4,lagged,50.0
1054,4,0.5,100,2,2,-0.2461841710056296,1,0.6158959395355355,4,semicol,
1055,4,0.5,100,2,1,-0.2183984928454494,0,0.6495117360326089,4,lagged,50.0
1056,4,1.0,10,2,1,-0.2371704080152073,0,0.7355742828803205,4,semicol,
1057,4,1.0,10,2,1,-0.19942350503825693,0,0.8228158068591795,4,lagged,20.0
1058,4,1.0,50,2,2,-0.24021041689730083,1,0.7887774189227205,4,semicol,
1059,4,1.0,50,2,1,-0.2555843313453397,0,0.7717971699397299,4,lagged,20.0
1060,4,1.0,100,2,2,-0.2377265028132208,1,0.6862415391388043,4,semicol,
1061,4,1.0,100,2,2,-0.23930136125296478,1,0.7435906178931517,4,lagged,50.0
1062,4,0.1,10,2,2,-0.1776818996538321,1,0.17374437307797097,5,semicol,
1063,4,0.1,10,2,3,-0.1978300772291149,0,0.26043685037575043,5,lagged,50.0
1064,4,0.1,50,2,2,-0.2436472692201254,1,0.3340948189726762,5,semicol,
1065,4,0.1,50,2,1,-0.2030885196257225,0,0.2111272555379779,5,lagged,50.0
1066,4,0.1,100,2,2,-0.2339090117823358,1,0.4069942498704996,5,semicol,
1067,4,0.1,100,2,1,-0.22113130602762543,0,0.2322550614717046,5,lagged,50.0
1068,4,0.5,10,2,1,-0.28434962674452313,0,0.6269770193351755,5,semicol,
1069,4,0.5,10,2,1,-0.26135132570934816,0,0.6231400593860088,5,lagged,50.0
1070,4,0.5,50,2,2,-0.23244542604630225,1,0.6833869210208325,5,semicol,
1071,4,0.5,50,2,1,-0.26625555412058094,0,0.5922115576793442,5,lagged,20.0
1072,4,0.5,100,2,2,-0.22149292127304412,1,0.6426528084212093,5,semicol,
1073,4,0.5,100,2,1,-0.2451045926892041,0,0.6723340336082927,5,lagged,50.0
1074,4,1.0,10,2,1,-0.317916428163524,0,0.8067334987025683,5,semicol,
1075,4,1.0,10,2,1,-0.30072506237494484,0,0.785546431159965,5,lagged,30.0
1076,4,1.0,50,2,2,-0.2651001116210343,1,0.8045735423935731,5,semicol,
1077,4,1.0,50,2,1,-0.2958638140507995,0,0.7529136846779139,5,lagged,30.0
1078,4,1.0,100,2,2,-0.22381662373112032,1,0.7711208033088397,5,semicol,
1079,4,1.0,100,2,1,-0.2681903367187762,0,0.7427681431729088,5,lagged,30.0
1080,4,0.1,10,3,4,-0.21237779541706264,0,0.0,2,semicol,
1081,4,0.1,10,3,1,-0.14827444396572975,0,0.0,2,lagged,30.0
1082,4,0.1,50,3,4,-0.21039947350663724,0,0.0,2,semicol,
1083,4,0.1,50,3,3,-0.1581672311716846,1,0.0,2,lagged,50.0
1084,4,0.1,100,3,4,-0.218713089762694,0,0.0,2,semicol,
1085,4,0.1,100,3,4,-0.18668321350162057,0,0.0,2,lagged,20.0
1086,4,0.5,10,3,4,-0.20506308252553995,0,0.0,2,semicol,
1087,4,0.5,10,3,1,-0.17719070478618884,0,0.0,2,lagged,20.0
1088,4,0.5,50,3,4,-0.18866704425334455,0,0.0,2,semicol,
1089,4,0.5,50,3,3,-0.19803060129128192,1,0.0,2,lagged,50.0
1090,4,0.5,100,3,2,-0.2127661040670801,0,0.0,2,semicol,
1091,4,0.5,100,3,1,-0.20418419711527538,0,0.0,2,lagged,20.0
1092,4,1.0,10,3,2,-0.19393850222560272,0,0.0,2,semicol,
1093,4,1.0,10,3,4,-0.13855037658371433,0,0.0,2,lagged,30.0
1094,4,1.0,50,3,4,-0.21937498373316283,0,0.0,2,semicol,
1095,4,1.0,50,3,1,-0.1986327669682187,0,0.0,2,lagged,30.0
1096,4,1.0,100,3,2,-0.2198696547840284,0,0.0,2,semicol,
1097,4,1.0,100,3,1,-0.18581060827164386,0,0.0,2,lagged,50.0
1098,4,0.1,10,3,3,-0.24836419795890377,1,0.15318243002525234,3,semicol,
1099,4,0.1,10,3,3,-0.15426412976286277,1,0.20330979650349545,3,lagged,20.0
1100,4,0.1,50,3,3,-0.22687575251858866,1,0.21270241381664753,3,semicol,
1101,4,0.1,50,3,2,-0.188636545356545,0,0.16950659875159635,3,lagged,50.0
1102,4,0.1,100,3,3,-0.2302075628982618,1,0.30395893722786077,3,semicol,
1103,4,0.1,100,3,1,-0.21430816737445088,0,0.23402780646281635,3,lagged,50.0
1104,4,0.5,10,3,3,-0.18920949223613603,1,0.6908280344928358,3,semicol,
1105,4,0.5,10,3,3,-0.15131359045238332,1,0.46400151218532076,3,lagged,50.0
1106,4,0.5,50,3,3,-0.22051997508198407,1,0.5174704006878154,3,semicol,
1107,4,0.5,50,3,3,-0.20904470864329833,1,0.36523476315431497,3,lagged,20.0
1108,4,0.5,100,3,4,-0.2033819133743239,0,0.5146015338321929,3,semicol,
1109,4,0.5,100,3,1,-0.22634196349644742,0,0.39313062447502894,3,lagged,20.0
1110,4,1.0,10,3,2,-0.2014997457704788,0,0.658319008810201,3,semicol,
1111,4,1.0,10,3,2,-0.16467203787910198,0,0.6953141773235323,3,lagged,50.0
1112,4,1.0,50,3,3,-0.23624610086950423,1,0.6360390512538602,3,semicol,
1113,4,1.0,50,3,2,-0.16398812336568677,0,0.805413834480794,3,lagged,50.0
1114,4,1.0,100,3,4,-0.23823559917896545,0,0.8004487875572115,3,semicol,
1115,4,1.0,100,3,2,-0.2397238928680147,0,0.7736071883086993,3,lagged,50.0
1116,4,0.1,10,3,3,-0.20408836835588842,1,0.20803390556465542,4,semicol,
1117,4,0.1,10,3,2,-0.20019251753772027,0,0.26593253835800645,4,lagged,50.0
1118,4,0.1,50,3,2,-0.25161655417714845,0,0.18778021720776664,4,semicol,
1119,4,0.1,50,3,1,-0.1779531154878731,0,0.26207148566912447,4,lagged,20.0
1120,4,0.1,100,3,3,-0.2586827760125611,1,0.2433506442968341,4,semicol,
1121,4,0.1,100,3,1,-0.20434464788934262,0,0.22880875831243894,4,lagged,50.0
1122,4,0.5,10,3,1,-0.28948577268326364,0,0.6253719558389783,4,semicol,
1123,4,0.5,10,3,1,-0.3089826294561503,0,0.5754920406101808,4,lagged,50.0
1124,4,0.5,50,3,2,-0.28238475804925667,0,0.6283994582867242,4,semicol,
1125,4,0.5,50,3,2,-0.24982036259861287,0,0.587449052770207,4,lagged,50.0
1126,4,0.5,100,3,3,-0.23825249897360584,1,0.576305997579915,4,semicol,
1127,4,0.5,100,3,1,-0.23353135517536944,0,0.5624928139689676,4,lagged,20.0
1128,4,1.0,10,3,2,-0.29785208420851617,0,0.763144681725767,4,semicol,
1129,4,1.0,10,3,1,-0.23818547025460618,0,0.8102161648192092,4,lagged,20.0
1130,4,1.0,50,3,2,-0.2640326651345745,0,0.7746387663437819,4,semicol,
1131,4,1.0,50,3,2,-0.2146596252154648,0,0.7551806645547311,4,lagged,50.0
1132,4,1.0,100,3,3,-0.24913381496499654,1,0.7691214789123169,4,semicol,
1133,4,1.0,100,3,1,-0.23380784714529412,0,0.7418798486982064,4,lagged,50.0
1134,4,0.1,10,3,2,-0.2559758826397034,0,0.24447567119158115,5,semicol,
1135,4,0.1,10,3,1,-0.1775276853606622,0,0.28834733050337313,5,lagged,50.0
1136,4,0.1,50,3,1,-0.283693524998616,0,0.2388203739958669,5,semicol,
1137,4,0.1,50,3,1,-0.23539409352804144,0,0.23570080577474684,5,lagged,50.0
1138,4,0.1,100,3,2,-0.252902570007869,0,0.28414363712037094,5,semicol,
1139,4,0.1,100,3,1,-0.23974215574029117,0,0.24637474642990792,5,lagged,30.0
1140,4,0.5,10,3,1,-0.33412891112272786,0,0.6429671966443615,5,semicol,
1141,4,0.5,10,3,1,-0.2497567213246936,0,0.634698363533402,5,lagged,20.0
1142,4,0.5,50,3,3,-0.2774037962584905,1,0.6388996349379339,5,semicol,
1143,4,0.5,50,3,1,-0.23570273848779225,0,0.6452093731034603,5,lagged,30.0
1144,4,0.5,100,3,3,-0.21295374586697766,1,0.665995840070807,5,semicol,
1145,4,0.5,100,3,2,-0.2682435903223835,0,0.639275368611522,5,lagged,20.0
1146,4,1.0,10,3,2,-0.25293941843393064,0,0.7823385993354433,5,semicol,
1147,4,1.0,10,3,1,-0.25217956832415067,0,0.7659441651771791,5,lagged,30.0
1148,4,1.0,50,3,2,-0.28804246235642134,0,0.7648285875002214,5,semicol,
1149,4,1.0,50,3,1,-0.2581405351635286,0,0.7805851638228778,5,lagged,30.0
1150,4,1.0,100,3,2,-0.27451923469557393,0,0.7722411268250631,5,semicol,
1151,4,1.0,100,3,2,-0.2537275658459518,0,0.7831823298178263,5,lagged,30.0
1152,5,0.1,10,0,0,-6.249941406765764e-06,1,0.0038282399289967933,2,semicol,
1153,5,0.1,10,0,3,-0.023894603333182697,0,0.12299806318562972,2,lagged,50.0
1154,5,0.1,50,0,4,-0.09507393081849316,0,0.12204750829064968,2,semicol,
1155,5,0.1,50,0,0,-1.2499976562546753e-06,1,1.3438279943350229e-11,2,lagged,0.0
1156,5,0.1,100,0,2,-0.0015177242002646922,0,0.011232617480438597,2,semicol,
1157,5,0.1,100,0,3,-0.684865488677983,0,0.9909490149435602,2,lagged,50.0
1158,5,0.5,10,0,0,-0.459818487387049,1,0.5224614965618762,2,semicol,
1159,5,0.5,10,0,2,-0.18806330370614358,0,0.3716279609245537,2,lagged,30.0
1160,5,0.5,50,0,4,-0.5531410036931734,0,0.7793347371172251,2,semicol,
1161,5,0.5,50,0,0,-0.04468618996397181,1,0.07344546845575767,2,lagged,0.0
1162,5,0.5,100,0,3,-8.657896217856503e-06,0,0.008406512994179403,2,semicol,
1163,5,0.5,100,0,4,-0.1971266486948556,0,0.31870347598530513,2,lagged,20.0
1164,5,1.0,10,0,2,-0.3614410603544206,0,0.5794386891977387,2,semicol,
1165,5,1.0,10,0,2,-0.06485273693711306,0,0.19097192546651987,2,lagged,50.0
1166,5,1.0,50,0,0,-0.6274006711422431,1,0.9091860544740992,2,semicol,
1167,5,1.0,50,0,4,-0.37601645397854555,0,0.5764344237519513,2,lagged,30.0
1168,5,1.0,100,0,2,-0.6103491341776811,0,0.8862287058671035,2,semicol,
1169,5,1.0,100,0,0,-0.36927753209327646,1,0.5012992480483084,2,lagged,0.0
1170,5,0.1,10,0,4,-0.6934921554843545,0,0.6292268285234037,3,semicol,
1171,5,0.1,10,0,3,-0.5116659638129764,0,0.46891545834310355,3,lagged,50.0
1172,5,0.1,50,0,3,-0.0009054433740060333,0,0.014593219745657957,3,semicol,
1173,5,0.1,50,0,3,-0.1752257884401786,0,0.1934078337055518,3,lagged,50.0
1174,5,0.1,100,0,0,-0.0005013747274636817,1,0.002340321110072656,3,semicol,
1175,5,0.1,100,0,2,-0.22919765303874812,0,0.2298783287315064,3,lagged,30.0
1176,5,0.5,10,0,1,-1.0344466150788498,0,0.9579819938990193,3,semicol,
1177,5,0.5,10,0,1,-0.18503657439179536,0,0.1940425208794816,3,lagged,20.0
1178,5,0.5,50,0,0,-1.0114984148537536,1,0.9262810778898279,3,semicol,
1179,5,0.5,50,0,1,-0.6894970024264161,0,0.6285753747641166,3,lagged,30.0
1180,5,0.5,100,0,0,-0.3032322697022232,1,0.27695708738429897,3,semicol,
1181,5,0.5,100,0,2,-0.24017579031337896,0,0.21319221272038563,3,lagged,20.0
1182,5,1.0,10,0,0,-0.9548010088994127,1,0.9032563172098141,3,semicol,
1183,5,1.0,10,0,0,-0.7063383920621782,1,0.6242054231851428,3,lagged,0.0
1184,5,1.0,50,0,1,-1.0198503542627668,0,0.9281070632774375,3,semicol,
1185,5,1.0,50,0,1,-0.8032379951485262,0,0.7311526236151186,3,lagged,50.0
1186,5,1.0,100,0,0,-0.8866990446147545,1,0.8230661814032857,3,semicol,
1187,5,1.0,100,0,2,-0.7710857365706334,0,0.7183436635669949,3,lagged,50.0
1188,5,0.1,10,0,4,-0.01280093180755451,0,0.05595382656105967,4,semicol,
1189,5,0.1,10,0,0,-0.15554559982143398,1,0.12356617710542706,4,lagged,0.0
1190,5,0.1,50,0,4,-0.5307530900342837,0,0.38457062297735717,4,semicol,
1191,5,0.1,50,0,1,-0.6304664224584952,0,0.46830362499777417,4,lagged,30.0
1192,5,0.1,100,0,0,-0.552858615929466,1,0.39232279486806154,4,semicol,
1193,5,0.1,100,0,3,-0.5634545425153777,0,0.4294848640154071,4,lagged,50.0
1194,5,0.5,10,0,2,-1.0484453365525328,0,0.7384448700202659,4,semicol,
1195,5,0.5,10,0,0,-1.2168181564777791,1,0.8625020368620754,4,lagged,0.0
1196,5,0.5,50,0,0,-1.2221687767503127,1,0.8801873849061033,4,semicol,
1197,5,0.5,50,0,0,-1.0598808043958008,1,0.7505291303790665,4,lagged,0.0
1198,5,0.5,100,0,1,-0.6491299917819612,0,0.46592423712268016,4,semicol,
1199,5,0.5,100,0,1,-1.1402298565771487,0,0.8150380582420337,4,lagged,0.0
1200,5,1.0,10,0,1,-0.8676386585726431,0,0.6352052571519223,4,semicol,
1201,5,1.0,10,0,1,-1.2623243959715165,0,0.9015643698231186,4,lagged,50.0
1202,5,1.0,50,0,0,-1.374784165922229,1,0.9936046445756135,4,semicol,
1203,5,1.0,50,0,1,-1.1712106043032195,0,0.8388950241462954,4,lagged,50.0
1204,5,1.0,100,0,0,-0.9739562596941961,1,0.6990468777205746,4,semicol,
1205,5,1.0,100,0,0,-1.339302283018684,1,0.9628582523992829,4,lagged,0.0
1206,5,0.1,10,0,0,-2.4999531260090636e-05,1,0.0036261074782824223,5,semicol,
1207,5,0.1,10,0,0,-0.5438840876270841,1,0.3093095272016745,5,lagged,0.0
1208,5,0.1,50,0,0,-0.15852511706222613,1,0.10285160774230213,5,semicol,
1209,5,0.1,50,0,0,-0.2966275145452708,1,0.19568225249793897,5,lagged,0.0
1210,5,0.1,100,0,0,-0.9834669921506227,1,0.6023099316004668,5,semicol,
1211,5,0.1,100,0,1,-0.2901418112915134,0,0.18833725960203204,5,lagged,30.0
1212,5,0.5,10,0,0,-1.1359118054877486,1,0.6998769177369546,5,semicol,
1213,5,0.5,10,0,1,-0.858454935550718,0,0.530350662699092,5,lagged,0.0
1214,5,0.5,50,0,1,-0.9664450542949471,0,0.6119531698229568,5,semicol,
1215,5,0.5,50,0,1,-1.209625719419836,0,0.7573630657278642,5,lagged,50.0
1216,5,0.5,100,0,0,-1.0495487990403882,1,0.6543762838309671,5,semicol,
1217,5,0.5,100,0,1,-1.0459753665538698,0,0.6617766918303923,5,lagged,20.0
1218,5,1.0,10,0,0,-1.1243845647533683,1,0.7251017585339509,5,semicol,
1219,5,1.0,10,0,0,-1.2650902094228855,1,0.7665554225288654,5,lagged,0.0
1220,5,1.0,50,0,0,-1.3359973598028234,1,0.8322880265007553,5,semicol,
1221,5,1.0,50,0,1,-1.221812564414091,0,0.7585114655118051,5,lagged,30.0
1222,5,1.0,100,0,0,-1.3856116836726067,1,0.8595239273035463,5,semicol,
1223,5,1.0,100,0,1,-1.3416290435440608,0,0.8381426516925669,5,lagged,50.0
1224,5,0.1,10,1,1,-0.2000339335886235,1,0.0,2,semicol,
1225,5,0.1,10,1,1,-0.19802561253032372,1,0.0,2,lagged,0.0
1226,5,0.1,50,1,2,-0.16472367056881526,0,0.0,2,semicol,
1227,5,0.1,50,1,3,-0.18725035110673496,0,0.0,2,lagged,50.0
1228,5,0.1,100,1,2,-0.1884850607286027,0,0.0,2,semicol,
1229,5,0.1,100,1,3,-0.17759308469636087,0,0.0,2,lagged,30.0
1230,5,0.5,10,1,1,-0.24471043671079987,1,0.0,2,semicol,
1231,5,0.5,10,1,3,-0.16363823452332274,0,0.0,2,lagged,50.0
1232,5,0.5,50,1,4,-0.17783872342496404,0,0.0,2,semicol,
1233,5,0.5,50,1,3,-0.2089015759884207,0,0.0,2,lagged,50.0
1234,5,0.5,100,1,1,-0.19995451128137184,1,0.0,2,semicol,
1235,5,0.5,100,1,4,-0.17731255688565437,0,0.0,2,lagged,30.0
1236,5,1.0,10,1,3,-0.16297670058494457,0,0.0,2,semicol,
1237,5,1.0,10,1,1,-0.1812730398013315,1,0.0,2,lagged,30.0
1238,5,1.0,50,1,1,-0.21405090088240541,1,0.0,2,semicol,
1239,5,1.0,50,1,1,-0.2100485110265972,1,0.0,2,lagged,50.0
1240,5,1.0,100,1,1,-0.19502053083821402,1,0.0,2,semicol,
1241,5,1.0,100,1,3,-0.17629668112834285,0,0.0,2,lagged,50.0
1242,5,0.1,10,1,1,-0.2338944455858759,1,0.33960751887571866,3,semicol,
1243,5,0.1,10,1,1,-0.1426077221882578,1,0.23155910194145404,3,lagged,30.0
1244,5,0.1,50,1,2,-0.19543832605709552,0,0.22226480812425461,3,semicol,
1245,5,0.1,50,1,4,-0.19081583082776268,0,0.064951768770063,3,lagged,30.0
1246,5,0.1,100,1,2,-0.20818863717791997,0,0.042833473998002726,3,semicol,
1247,5,0.1,100,1,1,-0.18013165791058985,1,0.029618041895521807,3,lagged,50.0
1248,5,0.5,10,1,1,-0.21059448517039006,1,0.4424207160791332,3,semicol,
1249,5,0.5,10,1,1,-0.2578653853934804,1,0.48646520689356104,3,lagged,30.0
1250,5,0.5,50,1,1,-0.21146164621194746,1,0.4784808179399651,3,semicol,
1251,5,0.5,50,1,3,-0.19753602239773724,0,0.5825559048698827,3,lagged,20.0
1252,5,0.5,100,1,4,-0.1887590500859628,0,0.5027052600529031,3,semicol,
1253,5,0.5,100,1,3,-0.1754749987369737,0,0.876181297894009,3,lagged,50.0
1254,5,1.0,10,1,3,-0.27993435104773523,0,0.7746810775941871,3,semicol,
1255,5,1.0,10,1,1,-0.13149837073672052,1,0.1593693491681015,3,lagged,50.0
1256,5,1.0,50,1,3,-0.2142207900720147,0,0.6182935940095745,3,semicol,
1257,5,1.0,50,1,3,-0.1437591460029122,0,0.7977255193436642,3,lagged,30.0
1258,5,1.0,100,1,1,-0.21563573212707926,1,0.8334966512012326,3,semicol,
1259,5,1.0,100,1,3,-0.20187057687050347,0,0.6075679608033351,3,lagged,50.0
1260,5,0.1,10,1,3,-0.2326284439174195,0,0.012089203172394718,4,semicol,
1261,5,0.1,10,1,1,-0.16800851972397787,1,0.06379015695694075,4,lagged,20.0
1262,5,0.1,50,1,2,-0.19479113050614386,0,0.1595559355854243,4,semicol,
1263,5,0.1,50,1,3,-0.1444416096387585,0,0.2735248209653843,4,lagged,50.0
1264,5,0.1,100,1,4,-0.20762984081683047,0,0.051505426177302534,4,semicol,
1265,5,0.1,100,1,1,-0.23266476573526484,1,0.14903936232440088,4,lagged,30.0
1266,5,0.5,10,1,3,-0.13949652139623264,0,0.6429936469381898,4,semicol,
1267,5,0.5,10,1,1,-0.25699103751972663,1,0.6614428796735418,4,lagged,0.0
1268,5,0.5,50,1,2,-0.2189336715043264,0,0.42655481619579527,4,semicol,
1269,5,0.5,50,1,1,-0.2036704360546474,1,0.5780209925335095,4,lagged,50.0
1270,5,0.5,100,1,2,-0.241094900424068,0,0.5561641164912098,4,semicol,
1271,5,0.5,100,1,1,-0.24983325057955627,1,0.6087421818421357,4,lagged,50.0
1272,5,1.0,10,1,1,-0.22372235431778098,1,0.7124061830810258,4,semicol,
1273,5,1.0,10,1,1,-0.2302578089124999,1,0.7787325193091162,4,lagged,50.0
1274,5,1.0,50,1,2,-0.26094901954374133,0,0.7135816407565684,4,semicol,
1275,5,1.0,50,1,1,-0.21819247401653724,1,0.7103451843306949,4,lagged,20.0
1276,5,1.0,100,1,2,-0.22766662788674066,0,0.6767944595758613,4,semicol,
1277,5,1.0,100,1,1,-0.24654561337314543,1,0.870416511244067,4,lagged,20.0
1278,5,0.1,10,1,2,-0.25203806367213055,0,0.18828776853557247,5,semicol,
1279,5,0.1,10,1,1,-0.2546085815136149,1,0.053144977289732095,5,lagged,20.0
1280,5,0.1,50,1,2,-0.19223223809447917,0,0.42997658584485093,5,semicol,
1281,5,0.1,50,1,1,-0.1845723524248613,1,0.2956946651666549,5,lagged,50.0
1282,5,0.1,100,1,3,-0.19649508888053058,0,0.24394462467860034,5,semicol,
1283,5,0.1,100,1,1,-0.22625833305430013,1,0.20758462376034306,5,lagged,50.0
1284,5,0.5,10,1,1,-0.20257456697415813,1,0.706037759562337,5,semicol,
1285,5,0.5,10,1,1,-0.16466047274007062,1,0.5023418059432951,5,lagged,50.0
1286,5,0.5,50,1,1,-0.2537945543451238,1,0.5471746484073428,5,semicol,
1287,5,0.5,50,1,2,-0.23055385298307116,0,0.7123793331092327,5,lagged,50.0
1288,5,0.5,100,1,1,-0.24483012884381228,1,0.685184600411619,5,semicol,
1289,5,0.5,100,1,2,-0.2529100785403134,0,0.6635489057896803,5,lagged,50.0
1290,5,1.0,10,1,1,-0.2504727760454144,1,0.7643465521182744,5,semicol,
1291,5,1.0,10,1,1,-0.22512153651626676,1,0.6767253801931339,5,lagged,50.0
1292,5,1.0,50,1,1,-0.2759965904513505,1,0.6648236212185281,5,semicol,
1293,5,1.0,50,1,1,-0.23758972068569104,1,0.6401547205632064,5,lagged,20.0
1294,5,1.0,100,1,1,-0.25897122222812147,1,0.7759229976961145,5,semicol,
1295,5,1.0,100,1,1,-0.24156677403741345,1,0.7832325780127694,5,lagged,30.0
1296,5,0.1,10,2,4,-0.1443229209735627,0,0.0,2,semicol,
1297,5,0.1,10,2,2,-0.20966309785873097,1,0.0,2,lagged,50.0
1298,5,0.1,50,2,3,-0.19170819867153568,0,0.0,2,semicol,
1299,5,0.1,50,2,3,-0.19867274396004464,0,0.0,2,lagged,30.0
1300,5,0.1,100,2,3,-0.17815450532419894,0,0.0,2,semicol,
1301,5,0.1,100,2,1,-0.17172533348027338,0,0.0,2,lagged,50.0
1302,5,0.5,10,2,4,-0.1881901520326289,0,0.0,2,semicol,
1303,5,0.5,10,2,2,-0.18683198405130663,1,0.0,2,lagged,50.0
1304,5,0.5,50,2,3,-0.1998844645026709,0,0.0,2,semicol,
1305,5,0.5,50,2,4,-0.2038552630162431,0,0.0,2,lagged,30.0
1306,5,0.5,100,2,4,-0.18137384283841154,0,0.0,2,semicol,
1307,5,0.5,100,2,3,-0.153667929848606,0,0.0,2,lagged,50.0
1308,5,1.0,10,2,1,-0.18496257232867258,0,0.0,2,semicol,
1309,5,1.0,10,2,2,-0.19714722467881415,1,0.0,2,lagged,30.0
1310,5,1.0,50,2,3,-0.2045811675138728,0,0.0,2,semicol,
1311,5,1.0,50,2,4,-0.16904151767529962,0,0.0,2,lagged,30.0
1312,5,1.0,100,2,2,-0.18446348192624862,1,0.0,2,semicol,
1313,5,1.0,100,2,2,-0.20019632013378716,1,0.0,2,lagged,30.0
1314,5,0.1,10,2,2,-0.14188017068665168,1,0.23900671586280176,3,semicol,
1315,5,0.1,10,2,2,-0.2556373307671458,1,0.18690976414313226,3,lagged,20.0
1316,5,0.1,50,2,4,-0.2258730063835653,0,0.04584984823483546,3,semicol,
1317,5,0.1,50,2,2,-0.20318903926390117,1,0.3283782137856449,3,lagged,50.0
1318,5,0.1,100,2,4,-0.22392714738468303,0,0.2534712514446411,3,semicol,
1319,5,0.1,100,2,1,-0.19756668439944414,0,0.14721414534037108,3,lagged,50.0
1320,5,0.5,10,2,2,-0.25946897088349363,1,0.5311062767616853,3,semicol,
1321,5,0.5,10,2,3,-0.19290200694210557,0,0.5605681299311649,3,lagged,50.0
1322,5,0.5,50,2,2,-0.21708651906502996,1,0.5373174380996321,3,semicol,
1323,5,0.5,50,2,1,-0.23197735301771988,0,0.45519286161585426,3,lagged,20.0
1324,5,0.5,100,2,2,-0.19054014661942914,1,0.463382888473425,3,semicol,
1325,5,0.5,100,2,2,-0.22136137423632676,1,0.6445728632675303,3,lagged,50.0
1326,5,1.0,10,2,2,-0.24303644797943333,1,0.865086706981428,3,semicol,
1327,5,1.0,10,2,1,-0.18365258934167733,0,0.7889047032643866,3,lagged,50.0
1328,5,1.0,50,2,3,-0.24488425708882747,0,0.8127637806337664,3,semicol,
1329,5,1.0,50,2,1,-0.22025822285027796,0,0.8015033804469504,3,lagged,50.0
1330,5,1.0,100,2,4,-0.20812418453061401,0,0.7674464483952782,3,semicol,
1331,5,1.0,100,2,2,-0.2129309634345268,1,0.7437674009103481,3,lagged,50.0
1332,5,0.1,10,2,1,-0.25646295320106227,0,0.18977470564572718,4,semicol,
1333,5,0.1,10,2,2,-0.2512260579071518,1,0.2517209796703942,4,lagged,20.0
1334,5,0.1,50,2,2,-0.21977616176269202,1,0.34424964545518366,4,semicol,
1335,5,0.1,50,2,1,-0.1875485678750274,0,0.2342281276022685,4,lagged,30.0
1336,5,0.1,100,2,3,-0.21837628476716928,0,0.25324895422083027,4,semicol,
1337,5,0.1,100,2,2,-0.20256448591621914,1,0.1608403149510467,4,lagged,20.0
1338,5,0.5,10,2,2,-0.22247410234536738,1,0.592629884897113,4,semicol,
1339,5,0.5,10,2,1,-0.1697161426159761,0,0.6275166746530024,4,lagged,50.0
1340,5,0.5,50,2,2,-0.25235241097182715,1,0.5369263198520761,4,semicol,
1341,5,0.5,50,2,1,-0.24555840550987312,0,0.5641473936844144,4,lagged,20.0
1342,5,0.5,100,2,2,-0.24673551341592853,1,0.6969335845072367,4,semicol,
1343,5,0.5,100,2,2,-0.22662437441008523,1,0.6490819029449681,4,lagged,50.0
1344,5,1.0,10,2,1,-0.27257155674081013,0,0.7491717450632777,4,semicol,
1345,5,1.0,10,2,1,-0.23387909911172702,0,0.7557725860930822,4,lagged,20.0
1346,5,1.0,50,2,2,-0.24760876312056979,1,0.7702241815185586,4,semicol,
1347,5,1.0,50,2,1,-0.2181469698661107,0,0.7701268325505775,4,lagged,20.0
1348,5,1.0,100,2,2,-0.22664264052636773,1,0.7758171388987166,4,semicol,
1349,5,1.0,100,2,1,-0.245521486169457,0,0.7315857407959176,4,lagged,20.0
1350,5,0.1,10,2,3,-0.19443232494353338,0,0.2833697690248957,5,semicol,
1351,5,0.1,10,2,1,-0.24491300168223384,0,0.22885944136405623,5,lagged,20.0
1352,5,0.1,50,2,2,-0.1917717703366434,1,0.25137181735953634,5,semicol,
1353,5,0.1,50,2,2,-0.1654941042865504,1,0.12573129789001777,5,lagged,30.0
1354,5,0.1,100,2,2,-0.2330787566291325,1,0.2010227498040108,5,semicol,
1355,5,0.1,100,2,2,-0.2150684035753584,1,0.20139433667093226,5,lagged,20.0
1356,5,0.5,10,2,1,-0.29382638525498334,0,0.6131078962039607,5,semicol,
1357,5,0.5,10,2,1,-0.20410135134545757,0,0.6548085642780482,5,lagged,50.0
1358,5,0.5,50,2,2,-0.2716263699180215,1,0.5518063148506518,5,semicol,
1359,5,0.5,50,2,1,-0.24859652540466695,0,0.6241828674711545,5,lagged,50.0
1360,5,0.5,100,2,2,-0.27327730540788425,1,0.6319000866980446,5,semicol,
1361,5,0.5,100,2,1,-0.2521293298294872,0,0.6591513184206693,5,lagged,30.0
1362,5,1.0,10,2,1,-0.21924670434123636,0,0.7583041910392828,5,semicol,
1363,5,1.0,10,2,1,-0.2007725397813517,0,0.7938907588572428,5,lagged,30.0
1364,5,1.0,50,2,2,-0.24491169167611354,1,0.8069237895286071,5,semicol,
1365,5,1.0,50,2,1,-0.288852223305025,0,0.7855359002099241,5,lagged,30.0
1366,5,1.0,100,2,2,-0.2449297084054758,1,0.8055456562861167,5,semicol,
1367,5,1.0,100,2,1,-0.25869312461109256,0,0.8046588337196819,5,lagged,20.0
1368,5,0.1,10,3,4,-0.21455668069809702,0,0.0,2,semicol,
1369,5,0.1,10,3,3,-0.1334222813277909,1,0.0,2,lagged,20.0
1370,5,0.1,50,3,3,-0.1949446606840277,1,0.0,2,semicol,
1371,5,0.1,50,3,1,-0.20735152298816828,0,0.0,2,lagged,30.0
1372,5,0.1,100,3,2,-0.19373408324478972,0,0.0,2,semicol,
1373,5,0.1,100,3,1,-0.19537061993994212,0,0.0,2,lagged,20.0
1374,5,0.5,10,3,3,-0.2119562802831927,1,0.0,2,semicol,
1375,5,0.5,10,3,1,-0.25902374730079764,0,0.0,2,lagged,50.0
1376,5,0.5,50,3,4,-0.2005990997022009,0,0.0,2,semicol,
1377,5,0.5,50,3,2,-0.1782422213520373,0,0.0,2,lagged,30.0
1378,5,0.5,100,3,3,-0.20229127237495914,1,0.0,2,semicol,
1379,5,0.5,100,3,1,-0.1768244384824473,0,0.0,2,lagged,20.0
1380,5,1.0,10,3,2,-0.22196478392412602,0,0.0,2,semicol,
1381,5,1.0,10,3,1,-0.2621051693489206,0,0.0,2,lagged,30.0
1382,5,1.0,50,3,4,-0.20608800108787523,0,0.0,2,semicol,
1383,5,1.0,50,3,4,-0.2017151536069416,0,0.0,2,lagged,20.0
1384,5,1.0,100,3,3,-0.1808474483434085,1,0.0,2,semicol,
1385,5,1.0,100,3,1,-0.2010195250184781,0,0.0,2,lagged,30.0
1386,5,0.1,10,3,3,-0.2738300763704904,1,0.10371483573793874,3,semicol,
1387,5,0.1,10,3,3,-0.14429979098850168,1,0.2429628816011244,3,lagged,30.0
1388,5,0.1,50,3,3,-0.21770809618545675,1,0.2631771169601904,3,semicol,
1389,5,0.1,50,3,4,-0.18688448099661464,0,0.13825894303324637,3,lagged,30.0
1390,5,0.1,100,3,4,-0.20349975215381325,0,0.1170367197427672,3,semicol,
1391,5,0.1,100,3,2,-0.17241660010079973,0,0.1697895910048372,3,lagged,50.0
1392,5,0.5,10,3,2,-0.2954725790885825,0,0.5120228316240053,3,semicol,
1393,5,0.5,10,3,1,-0.21572406697293695,0,0.4595461593657337,3,lagged,20.0
1394,5,0.5,50,3,3,-0.205320435937763,1,0.5285855607574147,3,semicol,
1395,5,0.5,50,3,1,-0.19579281184524405,0,0.49092923586919923,3,lagged,50.0
1396,5,0.5,100,3,3,-0.21760763151597273,1,0.5665405356704822,3,semicol,
1397,5,0.5,100,3,2,-0.20123334997069559,0,0.5469962151059534,3,lagged,20.0
1398,5,1.0,10,3,2,-0.2618875031910447,0,0.7432192644831856,3,semicol,
1399,5,1.0,10,3,1,-0.21681216686055593,0,0.6672687054462036,3,lagged,20.0
1400,5,1.0,50,3,2,-0.2361452408806884,0,0.7564441699096214,3,semicol,
1401,5,1.0,50,3,3,-0.17180064199690243,1,0.7619348679233476,3,lagged,30.0
1402,5,1.0,100,3,4,-0.22431208439500197,0,0.7743359809922707,3,semicol,
1403,5,1.0,100,3,1,-0.22321420645187212,0,0.6998654034386009,3,lagged,50.0
1404,5,0.1,10,3,3,-0.276414415762067,1,0.27713690745694747,4,semicol,
1405,5,0.1,10,3,2,-0.19537343958024714,0,0.21500313380018682,4,lagged,20.0
1406,5,0.1,50,3,3,-0.20210406027624797,1,0.291675272637474,4,semicol,
1407,5,0.1,50,3,1,-0.2019020394629016,0,0.24850143307903477,4,lagged,20.0
1408,5,0.1,100,3,3,-0.2411694000532357,1,0.2466587135311383,4,semicol,
1409,5,0.1,100,3,1,-0.20614922751600506,0,0.272745984359948,4,lagged,20.0
1410,5,0.5,10,3,1,-0.2370983364010118,0,0.5983781426000121,4,semicol,
1411,5,0.5,10,3,1,-0.19875543829351877,0,0.6543184760450298,4,lagged,20.0
1412,5,0.5,50,3,3,-0.21541839807186985,1,0.6340736690656283,4,semicol,
1413,5,0.5,50,3,1,-0.2732042412609281,0,0.6110135521143815,4,lagged,20.0
1414,5,0.5,100,3,3,-0.23663049656011162,1,0.6044112137620251,4,semicol,
1415,5,0.5,100,3,2,-0.2337107998047029,0,0.5673574329058324,4,lagged,50.0
1416,5,1.0,10,3,2,-0.22550666110877168,0,0.7179935891050563,4,semicol,
1417,5,1.0,10,3,1,-0.18947888170955055,0,0.7873424487395104,4,lagged,50.0
1418,5,1.0,50,3,2,-0.23429649826752377,0,0.7388084571003509,4,semicol,
1419,5,1.0,50,3,2,-0.25291989353087346,0,0.7656246610888824,4,lagged,30.0
1420,5,1.0,100,3,2,-0.2555414997515078,0,0.7333315322047114,4,semicol,
1421,5,1.0,100,3,2,-0.23261388876546987,0,0.7894252580607314,4,lagged,50.0
1422,5,0.1,10,3,1,-0.31499068267682656,0,0.2503013376088024,5,semicol,
1423,5,0.1,10,3,1,-0.2453995992643281,0,0.2490192204834589,5,lagged,20.0
1424,5,0.1,50,3,2,-0.2549615193864215,0,0.2565991689827519,5,semicol,
1425,5,0.1,50,3,1,-0.22981248383277558,0,0.2752934864681413,5,lagged,50.0
1426,5,0.1,100,3,2,-0.24129973487580444,0,0.28008026439191663,5,semicol,
1427,5,0.1,100,3,1,-0.2125228346759066,0,0.2302153796567578,5,lagged,50.0
1428,5,0.5,10,3,2,-0.19012957046331974,0,0.6618556800696845,5,semicol,
1429,5,0.5,10,3,1,-0.14918221831143294,0,0.6514586991141769,5,lagged,30.0
1430,5,0.5,50,3,2,-0.2687267730038432,0,0.6394350106364691,5,semicol,
1431,5,0.5,50,3,1,-0.2834228017100541,0,0.6362204375759697,5,lagged,20.0
1432,5,0.5,100,3,3,-0.24332381163561506,1,0.6517515138294648,5,semicol,
1433,5,0.5,100,3,1,-0.25837164212300384,0,0.6444670122555919,5,lagged,50.0
1434,5,1.0,10,3,1,-0.3031748125753235,0,0.7730595954515459,5,semicol,
1435,5,1.0,10,3,1,-0.30266118272542375,0,0.7763442197283922,5,lagged,50.0
1436,5,1.0,50,3,2,-0.2707761621643634,0,0.7764865719635812,5,semicol,
1437,5,1.0,50,3,1,-0.2726525984279692,0,0.7735460534544557,5,lagged,30.0
1438,5,1.0,100,3,2,-0.28865385385014164,0,0.7961475609736852,5,semicol,
1439,5,1.0,100,3,1,-0.2549298560687571,0,0.7791348444307136,5,lagged,30.0
1440,6,0.1,10,0,0,-6.249941406765764e-06,1,1.594788260032153e-05,2,semicol,
1441,6,0.1,10,0,0,-6.249941406765764e-06,1,1.605831373336419e-16,2,lagged,0.0
1442,6,0.1,50,0,0,-1.2499976562546753e-06,1,4.089285175338844e-09,2,semicol,
1443,6,0.1,50,0,2,-0.08918496133791567,0,0.13746355703800694,2,lagged,30.0
1444,6,0.1,100,0,4,-0.23372733410672442,0,0.34101219552497525,2,semicol,
1445,6,0.1,100,0,0,-0.22166436345254825,1,0.30746030581486583,2,lagged,0.0
1446,6,0.5,10,0,0,-0.6964184875424637,1,0.999964691959159,2,semicol,
1447,6,0.5,10,0,1,-0.09872512617164411,0,0.09695123328328652,2,lagged,20.0
1448,6,0.5,50,0,4,-0.13991788843820327,0,0.1928390709359173,2,semicol,
1449,6,0.5,50,0,1,-0.6155453054390259,0,0.8709200763947139,2,lagged,20.0
1450,6,0.5,100,0,0,-0.0458194594588024,1,0.08119533465348575,2,semicol,
1451,6,0.5,100,0,4,-1.3921713948358491e-05,0,0.00564040149993252,2,lagged,30.0
1452,6,1.0,10,0,4,-0.5999248083176515,0,0.8640122164072233,2,semicol,
1453,6,1.0,10,0,2,-0.6069520549421538,0,0.8887130681143804,2,lagged,30.0
1454,6,1.0,50,0,4,-0.6847754090326683,0,0.988596560028647,2,semicol,
1455,6,1.0,50,0,3,-0.5920669259477377,0,0.8533714351056314,2,lagged,50.0
1456,6,1.0,100,0,0,-0.2806176947626269,1,0.4049398048473286,2,semicol,
1457,6,1.0,100,0,1,-0.56563254116527,0,0.8254835476665815,2,lagged,50.0
1458,6,0.1,10,0,1,-0.6321041980725823,0,0.5637517244201936,3,semicol,
1459,6,0.1,10,0,0,-1.2499843752058261e-05,1,0.0021388741561720434,3,lagged,0.0
1460,6,0.1,50,0,0,-0.6632330380292246,1,0.5894047242347904,3,semicol,
1461,6,0.1,50,0,0,-2.4999937500528843e-06,1,1.1829960799008962e-05,3,lagged,0.0
1462,6,0.1,100,0,0,-0.06299868464703638,1,0.04990141076448715,3,semicol,
1463,6,0.1,100,0,3,-0.6253674732528038,0,0.584718276392482,3,lagged,50.0
1464,6,0.5,10,0,1,-0.7276537175950684,0,0.7188294485305611,3,semicol,
1465,6,0.5,10,0,2,-0.9374686941696118,0,0.8713842378409611,3,lagged,30.0
1466,6,0.5,50,0,0,-0.08598215703263311,1,0.06727392160152067,3,semicol,
1467,6,0.5,50,0,1,-0.9063389402958572,0,0.8071878391671476,3,lagged,30.0
1468,6,0.5,100,0,3,-1.0119869695868762,0,0.9292687003080505,3,semicol,
1469,6,0.5,100,0,1,-0.46002928823190514,0,0.42765204551912206,3,lagged,30.0
1470,6,1.0,10,0,0,-1.0553165043859074,1,0.9500207681248893,3,semicol,
1471,6,1.0,10,0,1,-0.9092032815240148,0,0.8225662735988397,3,lagged,50.0
1472,6,1.0,50,0,0,-0.9412790118839633,1,0.8521697394062515,3,semicol,
1473,6,1.0,50,0,1,-1.0576861079166098,0,0.9536461535565315,3,lagged,0.0
1474,6,1.0,100,0,2,-0.9830937611485626,0,0.8927950361196355,3,semicol,
1475,6,1.0,100,0,2,-0.9137837677953965,0,0.8323501430464914,3,lagged,50.0
1476,6,0.1,10,0,0,-0.9626286956336222,1,0.7013173518452144,4,semicol,
1477,6,0.1,10,0,1,-0.6805590665098656,0,0.4637822718393231,4,lagged,20.0
1478,6,0.1,50,0,0,-0.685568096269737,1,0.4924683840920769,4,semicol,
1479,6,0.1,50,0,4,-0.6050375395004495,0,0.44408281638456837,4,lagged,30.0
1480,6,0.1,100,0,0,-0.702767719141813,1,0.506606849732974,4,semicol,
1481,6,0.1,100,0,2,-0.2527145129577342,0,0.179762444674082,4,lagged,30.0
1482,6,0.5,10,0,0,-1.116803456547954,1,0.7628120633582675,4,semicol,
1483,6,0.5,10,0,0,-0.7994859266739831,1,0.599243242019894,4,lagged,0.0
1484,6,0.5,50,0,1,-1.0202536578120833,0,0.7384200436878094,4,semicol,
1485,6,0.5,50,0,1,-0.6244695779816789,0,0.46446230771122365,4,lagged,20.0
1486,6,0.5,100,0,0,-1.081673864879125,1,0.7903275759781789,4,semicol,
1487,6,0.5,100,0,2,-0.7327596999054831,0,0.5320661763790367,4,lagged,50.0
1488,6,1.0,10,0,1,-1.0426136517124316,0,0.7293754061777915,4,semicol,
1489,6,1.0,10,0,0,-1.029961782959026,1,0.7780059510250994,4,lagged,0.0
1490,6,1.0,50,0,0,-1.1856991812684512,1,0.853220886618179,4,semicol,
1491,6,1.0,50,0,0,-1.3561537090850715,1,0.972189494380283,4,lagged,0.0
1492,6,1.0,100,0,2,-0.9599471104303282,0,0.6964345679175806,4,semicol,
1493,6,1.0,100,0,1,-1.11794813943132,0,0.8163700679923215,4,lagged,50.0
1494,6,0.1,10,0,2,-0.1669557487969216,0,0.1131584560746236,5,semicol,
1495,6,0.1,10,0,1,-0.9509842210119493,0,0.6120649277958555,5,lagged,20.0
1496,6,0.1,50,0,1,-0.3706817826841407,0,0.21184269192933083,5,semicol,
1497,6,0.1,50,0,0,-0.712306667041079,1,0.4485754787445305,5,lagged,0.0
1498,6,0.1,100,0,0,-0.9905098729185332,1,0.6110023968223989,5,semicol,
1499,6,0.1,100,0,3,-0.07942281727838199,0,0.059795651652943704,5,lagged,50.0
1500,6,0.5,10,0,0,-1.0537814210427365,1,0.604828243613567,5,semicol,
1501,6,0.5,10,0,0,-1.27319420383971,1,0.7896096933172615,5,lagged,0.0
1502,6,0.5,50,0,0,-0.9009608927483034,1,0.5363554826753306,5,semicol,
1503,6,0.5,50,0,2,-0.8355148397839176,0,0.525750272313302,5,lagged,50.0
1504,6,0.5,100,0,0,-0.7434137259343022,1,0.46930704949025354,5,semicol,
1505,6,0.5,100,0,1,-1.1835401298165706,0,0.7369471833896395,5,lagged,30.0
1506,6,1.0,10,0,0,-1.2444179310336818,1,0.7663327774815296,5,semicol,
1507,6,1.0,10,0,2,-1.1624499648498166,0,0.7546016851126931,5,lagged,30.0
1508,6,1.0,50,0,0,-1.5192139986491537,1,0.9454173782692485,5,semicol,
1509,6,1.0,50,0,1,-1.1736529022737887,0,0.7281866840302814,5,lagged,20.0
1510,6,1.0,100,0,0,-1.365356433804428,1,0.849984384013754,5,semicol,
1511,6,1.0,100,0,1,-1.1306523854766197,0,0.7259802821680265,5,lagged,50.0
1512,6,0.1,10,1,3,-0.2203999702093594,0,0.0,2,semicol,
1513,6,0.1,10,1,1,-0.1896022522141992,1,0.0,2,lagged,30.0
1514,6,0.1,50,1,4,-0.1897109939793928,0,0.0,2,semicol,
1515,6,0.1,50,1,4,-0.1731023934075015,0,0.0,2,lagged,30.0
1516,6,0.1,100,1,4,-0.20549896666050838,0,0.0,2,semicol,
1517,6,0.1,100,1,3,-0.19671088702237957,0,0.0,2,lagged,50.0
1518,6,0.5,10,1,3,-0.23465745293000784,0,0.0,2,semicol,
1519,6,0.5,10,1,2,-0.18907195134006888,0,0.0,2,lagged,30.0
1520,6,0.5,50,1,2,-0.18749416661717458,0,0.0,2,semicol,
1521,6,0.5,50,1,1,-0.18529508400991654,1,0.0,2,lagged,20.0
1522,6,0.5,100,1,2,-0.19647253201265494,0,0.0,2,semicol,
1523,6,0.5,100,1,3,-0.19802862102411972,0,0.0,2,lagged,50.0
1524,6,1.0,10,1,4,-0.13550709043496945,0,0.0,2,semicol,
1525,6,1.0,10,1,1,-0.21494017322684045,1,0.0,2,lagged,30.0
1526,6,1.0,50,1,4,-0.18064874427635783,0,0.0,2,semicol,
1527,6,1.0,50,1,2,-0.2040351016257131,0,0.0,2,lagged,20.0
1528,6,1.0,100,1,2,-0.20479212380342818,0,0.0,2,semicol,
1529,6,1.0,100,1,1,-0.19060385822459072,1,0.0,2,lagged,20.0
1530,6,0.1,10,1,1,-0.20536979578156245,1,0.27401223604820296,3,semicol,
1531,6,0.1,10,1,1,-0.26391092493931767,1,0.39519651241310455,3,lagged,0.0
1532,6,0.1,50,1,4,-0.2026368427510681,0,0.3054896386830666,3,semicol,
1533,6,0.1,50,1,2,-0.180278547682048,0,0.2748349166190979,3,lagged,50.0
1534,6,0.1,100,1,4,-0.1875171167790555,0,0.01452995491890235,3,semicol,
1535,6,0.1,100,1,1,-0.19412069260184778,1,0.3128077907189139,3,lagged,30.0
1536,6,0.5,10,1,4,-0.24101207856638782,0,0.5357313541597769,3,semicol,
1537,6,0.5,10,1,1,-0.2676707524632083,1,0.37413900244925963,3,lagged,0.0
1538,6,0.5,50,1,4,-0.19210538791284715,0,0.2422591677553442,3,semicol,
1539,6,0.5,50,1,2,-0.19379193795791516,0,0.6730404092388894,3,lagged,50.0
1540,6,0.5,100,1,4,-0.1889328834530168,0,0.3604924036297,3,semicol,
1541,6,0.5,100,1,3,-0.19010905808423598,0,0.3419654154748026,3,lagged,50.0
1542,6,1.0,10,1,1,-0.25362336463225,1,0.6612795756354174,3,semicol,
1543,6,1.0,10,1,1,-0.24134273752041152,1,0.7753105690236636,3,lagged,20.0
1544,6,1.0,50,1,3,-0.20782813168855702,0,0.9856830556786345,3,semicol,
1545,6,1.0,50,1,2,-0.21236619912288374,0,0.6986750973898932,3,lagged,50.0
1546,6,1.0,100,1,1,-0.20223214636392087,1,0.6101002860293897,3,semicol,
1547,6,1.0,100,1,3,-0.19216367109082236,0,0.7883420466563301,3,lagged,50.0
1548,6,0.1,10,1,1,-0.24445929264019958,1,0.031080235314413254,4,semicol,
1549,6,0.1,10,1,1,-0.19196977340919577,1,0.11912077414722712,4,lagged,0.0
1550,6,0.1,50,1,1,-0.20061981381143007,1,0.38555938859684796,4,semicol,
1551,6,0.1,50,1,1,-0.18439587213046688,1,0.2543533300227704,4,lagged,50.0
1552,6,0.1,100,1,3,-0.2013634879206469,0,0.23391723425095823,4,semicol,
1553,6,0.1,100,1,2,-0.204487328250917,0,0.2664619998223644,4,lagged,30.0
1554,6,0.5,10,1,1,-0.26057995667994244,1,0.7210817876973072,4,semicol,
1555,6,0.5,10,1,1,-0.23124575043963083,1,0.5384265236556118,4,lagged,30.0
1556,6,0.5,50,1,2,-0.2345932562030347,0,0.5259605352818646,4,semicol,
1557,6,0.5,50,1,2,-0.22225139206793765,0,0.6331620521612856,4,lagged,30.0
1558,6,0.5,100,1,2,-0.20772167932149338,0,0.5303709979258617,4,semicol,
1559,6,0.5,100,1,1,-0.23323205925851895,1,0.5799394819511474,4,lagged,30.0
1560,6,1.0,10,1,1,-0.2389755241958327,1,0.8299209041201487,4,semicol,
1561,6,1.0,10,1,3,-0.12936050065685267,0,0.7229987844592264,4,lagged,50.0
1562,6,1.0,50,1,2,-0.25496410759433985,0,0.7854217668861678,4,semicol,
1563,6,1.0,50,1,2,-0.21207234052779148,0,0.8098422424695682,4,lagged,30.0
1564,6,1.0,100,1,2,-0.24447835076231178,0,0.7668413173337528,4,semicol,
1565,6,1.0,100,1,2,-0.21442570906129052,0,0.7917992965153953,4,lagged,20.0
1566,6,0.1,10,1,1,-0.26424761517559087,1,0.1460182397773105,5,semicol,
1567,6,0.1,10,1,1,-0.25800594335396393,1,0.15793908096366321,5,lagged,20.0
1568,6,0.1,50,1,4,-0.15345730114843228,0,0.2233388813157958,5,semicol,
1569,6,0.1,50,1,1,-0.21607374173078195,1,0.39364750223819306,5,lagged,30.0
1570,6,0.1,100,1,1,-0.22441914788704392,1,0.2933084025976827,5,semicol,
1571,6,0.1,100,1,1,-0.23354140330326895,1,0.25722458127076814,5,lagged,20.0
1572,6,0.5,10,1,1,-0.18158235035847264,1,0.429323810178141,5,semicol,
1573,6,0.5,10,1,1,-0.24333324003399653,1,0.43965088182088874,5,lagged,50.0
1574,6,0.5,50,1,1,-0.22735022825421325,1,0.6486783198758993,5,semicol,
1575,6,0.5,50,1,1,-0.18513707872470747,1,0.7050293847576755,5,lagged,50.0
1576,6,0.5,100,1,1,-0.25124392829068254,1,0.6200212385862781,5,semicol,
1577,6,0.5,100,1,1,-0.24889294223510455,1,0.6491134112770607,5,lagged,20.0
1578,6,1.0,10,1,1,-0.31972590070709894,1,0.7964439342782887,5,semicol,
1579,6,1.0,10,1,1,-0.2533836892144461,1,0.849888866336029,5,lagged,30.0
1580,6,1.0,50,1,1,-0.242536669480642,1,0.8060715075886966,5,semicol,
1581,6,1.0,50,1,1,-0.2571411197762328,1,0.7962090192640414,5,lagged,20.0
1582,6,1.0,100,1,1,-0.2526578017246354,1,0.6969052439384581,5,semicol,
1583,6,1.0,100,1,2,-0.2508615009120547,0,0.8243780993950118,5,lagged,50.0
1584,6,0.1,10,2,2,-0.1985247931519254,1,0.0,2,semicol,
1585,6,0.1,10,2,2,-0.18320577927868,1,0.0,2,lagged,20.0
1586,6,0.1,50,2,4,-0.197395957659159,0,0.0,2,semicol,
1587,6,0.1,50,2,2,-0.17764141236325653,1,0.0,2,lagged,50.0
1588,6,0.1,100,2,3,-0.1957856423338999,0,0.0,2,semicol,
1589,6,0.1,100,2,3,-0.16734190179888941,0,0.0,2,lagged,50.0
1590,6,0.5,10,2,2,-0.1935290319739096,1,0.0,2,semicol,
1591,6,0.5,10,2,3,-0.12050537351127497,0,0.0,2,lagged,50.0
1592,6,0.5,50,2,4,-0.20993370258451713,0,0.0,2,semicol,
1593,6,0.5,50,2,3,-0.17985939584052063,0,0.0,2,lagged,50.0
1594,6,0.5,100,2,4,-0.19960440406294677,0,0.0,2,semicol,
1595,6,0.5,100,2,4,-0.21157453803912454,0,0.0,2,lagged,30.0
1596,6,1.0,10,2,4,-0.18703081760471585,0,0.0,2,semicol,
1597,6,1.0,10,2,1,-0.18077330759595328,0,0.0,2,lagged,30.0
1598,6,1.0,50,2,2,-0.184115745297695,1,0.0,2,semicol,
1599,6,1.0,50,2,3,-0.17581359066283234,0,0.0,2,lagged,50.0
1600,6,1.0,100,2,3,-0.19285942553954993,0,0.0,2,semicol,
1601,6,1.0,100,2,3,-0.2080853400826176,0,0.0,2,lagged,50.0
1602,6,0.1,10,2,3,-0.2244803551322215,0,0.5393201136037116,3,semicol,
1603,6,0.1,10,2,3,-0.14787721724846298,0,0.2126114632263775,3,lagged,50.0
1604,6,0.1,50,2,4,-0.19277497239297212,0,0.11437385557743296,3,semicol,
1605,6,0.1,50,2,3,-0.15641736788045957,0,0.07843692968034147,3,lagged,30.0
1606,6,0.1,100,2,4,-0.1908898038256947,0,0.15156273780002905,3,semicol,
1607,6,0.1,100,2,3,-0.19690191153263675,0,0.15358724775655544,3,lagged,30.0
1608,6,0.5,10,2,2,-0.1242315628754633,1,0.46772751554642955,3,semicol,
1609,6,0.5,10,2,1,-0.23085111170273276,0,0.6497041823137354,3,lagged,50.0
1610,6,0.5,50,2,2,-0.25359763867055257,1,0.7789449894029572,3,semicol,
1611,6,0.5,50,2,2,-0.19416093655193392,1,0.43071749792574815,3,lagged,50.0
1612,6,0.5,100,2,2,-0.23464010018775866,1,0.5577594834058847,3,semicol,
1613,6,0.5,100,2,1,-0.2200162351039869,0,0.3733628454892308,3,lagged,20.0
1614,6,1.0,10,2,2,-0.21419187656132802,1,0.7611026013917832,3,semicol,
1615,6,1.0,10,2,1,-0.22389082574773192,0,0.8001491401762966,3,lagged,50.0
1616,6,1.0,50,2,2,-0.2355731119944248,1,0.8118847245288622,3,semicol,
1617,6,1.0,50,2,1,-0.25171094887031864,0,0.6735442599555537,3,lagged,30.0
1618,6,1.0,100,2,4,-0.22628447824680897,0,0.6703766128325632,3,semicol,
1619,6,1.0,100,2,2,-0.21925556334862606,1,0.6742062895358322,3,lagged,50.0
1620,6,0.1,10,2,3,-0.237219204536714,0,0.09675789567208005,4,semicol,
1621,6,0.1,10,2,1,-0.19545025320952442,0,0.25897128931844815,4,lagged,30.0
1622,6,0.1,50,2,2,-0.2029305007307281,1,0.27396996198723644,4,semicol,
1623,6,0.1,50,2,3,-0.1826899129642452,0,0.22203319406846062,4,lagged,20.0
1624,6,0.1,100,2,3,-0.23707037265138145,0,0.2925285954788326,4,semicol,
1625,6,0.1,100,2,1,-0.19414048136534776,0,0.2770790863157894,4,lagged,50.0
1626,6,0.5,10,2,1,-0.33570101197443464,0,0.7125005467334578,4,semicol,
1627,6,0.5,10,2,1,-0.2955421461879181,0,0.6388786137220077,4,lagged,30.0
1628,6,0.5,50,2,3,-0.2659350817222424,0,0.5666758353533953,4,semicol,
1629,6,0.5,50,2,1,-0.22483725807066357,0,0.5431451213040824,4,lagged,20.0
1630,6,0.5,100,2,2,-0.25651679439699315,1,0.5873936717942618,4,semicol,
1631,6,0.5,100,2,1,-0.24802175058306528,0,0.6446090502948385,4,lagged,20.0
1632,6,1.0,10,2,1,-0.2631968360982734,0,0.8145644313937002,4,semicol,
1633,6,1.0,10,2,1,-0.20013795821540628,0,0.766286633178381,4,lagged,50.0
1634,6,1.0,50,2,2,-0.2297852869006826,1,0.7412192147445464,4,semicol,
1635,6,1.0,50,2,2,-0.24142888130834672,1,0.7415525267020817,4,lagged,50.0
1636,6,1.0,100,2,2,-0.23053263826461734,1,0.7996892644050707,4,semicol,
1637,6,1.0,100,2,1,-0.22287043775040485,0,0.7645474180615416,4,lagged,50.0
1638,6,0.1,10,2,2,-0.23932898138244094,1,0.2459660986189392,5,semicol,
1639,6,0.1,10,2,1,-0.19244959733049757,0,0.284289658133688,5,lagged,30.0
1640,6,0.1,50,2,1,-0.2625670758473162,0,0.21979930565877076,5,semicol,
1641,6,0.1,50,2,1,-0.23739624503303475,0,0.2632644048670698,5,lagged,20.0
1642,6,0.1,100,2,3,-0.22731095042870567,0,0.2409155246293228,5,semicol,
1643,6,0.1,100,2,2,-0.20436311340154806,1,0.2781721502798283,5,lagged,50.0
1644,6,0.5,10,2,1,-0.20718262068191412,0,0.6911077829873759,5,semicol,
1645,6,0.5,10,2,1,-0.1984672661900504,0,0.6410928791457262,5,lagged,50.0
1646,6,0.5,50,2,2,-0.2599995877830999,1,0.7054793133160214,5,semicol,
1647,6,0.5,50,2,1,-0.25575743574360027,0,0.6368709126414364,5,lagged,30.0
1648,6,0.5,100,2,2,-0.23836437684037756,1,0.6829396522781321,5,semicol,
1649,6,0.5,100,2,1,-0.2485514717836865,0,0.6182669199338936,5,lagged,50.0
1650,6,1.0,10,2,1,-0.2798238207829942,0,0.7925512253660257,5,semicol,
1651,6,1.0,10,2,1,-0.27039159413396113,0,0.7469346813528016,5,lagged,0.0
1652,6,1.0,50,2,2,-0.2616827655111446,1,0.7946450563699641,5,semicol,
1653,6,1.0,50,2,1,-0.2508108822445548,0,0.7827257549015222,5,lagged,20.0
1654,6,1.0,100,2,2,-0.24080289922310238,1,0.7150081401039634,5,semicol,
1655,6,1.0,100,2,1,-0.2264162504067272,0,0.7960821101920732,5,lagged,50.0
1656,6,0.1,10,3,4,-0.18012155358702633,0,0.0,2,semicol,
1657,6,0.1,10,3,2,-0.186459019761784,0,0.0,2,lagged,50.0
1658,6,0.1,50,3,4,-0.18330704369708295,0,0.0,2,semicol,
1659,6,0.1,50,3,4,-0.1736547788252244,0,0.0,2,lagged,30.0
1660,6,0.1,100,3,4,-0.19286731516229053,0,0.0,2,semicol,
1661,6,0.1,100,3,1,-0.179333272969767,0,0.0,2,lagged,30.0
1662,6,0.5,10,3,4,-0.2013892577025524,0,0.0,2,semicol,
1663,6,0.5,10,3,2,-0.18227778003977355,0,0.0,2,lagged,30.0
1664,6,0.5,50,3,3,-0.18854208826951638,1,0.0,2,semicol,
1665,6,0.5,50,3,3,-0.1444197602364055,1,0.0,2,lagged,50.0
1666,6,0.5,100,3,4,-0.2008008497510011,0,0.0,2,semicol,
1667,6,0.5,100,3,3,-0.20652737508751653,1,0.0,2,lagged,20.0
1668,6,1.0,10,3,4,-0.25278422668246403,0,0.0,2,semicol,
1669,6,1.0,10,3,4,-0.17440575958154486,0,0.0,2,lagged,30.0
1670,6,1.0,50,3,4,-0.20045354633724716,0,0.0,2,semicol,
1671,6,1.0,50,3,3,-0.17317277520775254,1,0.0,2,lagged,50.0
1672,6,1.0,100,3,4,-0.19768298828583394,0,0.0,2,semicol,
1673,6,1.0,100,3,1,-0.21405590364170923,0,0.0,2,lagged,50.0
1674,6,0.1,10,3,3,-0.21863613253390726,1,0.26521775069530334,3,semicol,
1675,6,0.1,10,3,2,-0.1782832091866649,0,0.12187804232372547,3,lagged,20.0
1676,6,0.1,50,3,4,-0.20840911489042113,0,0.1688663637301659,3,semicol,
1677,6,0.1,50,3,2,-0.23058159491057068,0,0.20580491280488666,3,lagged,20.0
1678,6,0.1,100,3,3,-0.20899215469214125,1,0.12024337044161644,3,semicol,
1679,6,0.1,100,3,2,-0.20120790994355767,0,0.17071573629628442,3,lagged,30.0
1680,6,0.5,10,3,1,-0.24272767311977747,0,0.5929449602685317,3,semicol,
1681,6,0.5,10,3,1,-0.1834288328324836,0,0.5211749002271531,3,lagged,20.0
1682,6,0.5,50,3,2,-0.23691142655199632,0,0.5167052261360362,3,semicol,
1683,6,0.5,50,3,1,-0.22581570748066618,0,0.6087174540030252,3,lagged,20.0
1684,6,0.5,100,3,3,-0.22730301451468882,1,0.6434458411305697,3,semicol,
1685,6,0.5,100,3,1,-0.216647959069968,0,0.5375895973091632,3,lagged,50.0
1686,6,1.0,10,3,3,-0.21458159762100873,1,0.6595277279248115,3,semicol,
1687,6,1.0,10,3,2,-0.22964870485021865,0,0.7334151851454314,3,lagged,50.0
1688,6,1.0,50,3,3,-0.2104475331583575,1,0.7671048590998262,3,semicol,
1689,6,1.0,50,3,1,-0.20978742976605724,0,0.8032748101390261,3,lagged,20.0
1690,6,1.0,100,3,3,-0.23791987101305972,1,0.6917823890433815,3,semicol,
1691,6,1.0,100,3,3,-0.20593115513608462,1,0.5810660982672009,3,lagged,50.0
1692,6,0.1,10,3,2,-0.24458682141999047,0,0.1885830605692414,4,semicol,
1693,6,0.1,10,3,1,-0.23753299624548932,0,0.22171883959477176,4,lagged,20.0
1694,6,0.1,50,3,2,-0.20104131171399517,0,0.1969936569058352,4,semicol,
1695,6,0.1,50,3,2,-0.22428859824669192,0,0.23621951830583768,4,lagged,50.0
1696,6,0.1,100,3,2,-0.23253078795596938,0,0.23270526760155844,4,semicol,
1697,6,0.1,100,3,2,-0.2178970202813747,0,0.23925316798402652,4,lagged,20.0
1698,6,0.5,10,3,2,-0.3170813758856675,0,0.5980763055439134,4,semicol,
1699,6,0.5,10,3,1,-0.2589163517987489,0,0.6315717108754252,4,lagged,50.0
1700,6,0.5,50,3,2,-0.2579958111541585,0,0.6384672774775119,4,semicol,
1701,6,0.5,50,3,1,-0.25223267663436216,0,0.5981621524117506,4,lagged,20.0
1702,6,0.5,100,3,3,-0.21342355859947768,1,0.5738504062840497,4,semicol,
1703,6,0.5,100,3,1,-0.25297111652237536,0,0.6167372532952194,4,lagged,50.0
1704,6,1.0,10,3,1,-0.2978627604808045,0,0.7625037052067605,4,semicol,
1705,6,1.0,10,3,1,-0.2708484982148267,0,0.7357651741300467,4,lagged,50.0
1706,6,1.0,50,3,2,-0.23245593200559564,0,0.7604914413464301,4,semicol,
1707,6,1.0,50,3,1,-0.2556477763737202,0,0.7826146488603891,4,lagged,20.0
1708,6,1.0,100,3,2,-0.2494072152423776,0,0.8000544997048837,4,semicol,
1709,6,1.0,100,3,1,-0.21597277596142378,0,0.7231943357753793,4,lagged,30.0
1710,6,0.1,10,3,1,-0.2382834192271376,0,0.25128755335939285,5,semicol,
1711,6,0.1,10,3,1,-0.29572333278730434,0,0.22509506280988847,5,lagged,20.0
1712,6,0.1,50,3,2,-0.23115459706844443,0,0.270829710932588,5,semicol,
1713,6,0.1,50,3,1,-0.2331472551843053,0,0.26468066906012777,5,lagged,50.0
1714,6,0.1,100,3,3,-0.2370734921951181,1,0.2759059233911614,5,semicol,
1715,6,0.1,100,3,2,-0.22127140412508758,0,0.25399088986790075,5,lagged,20.0
1716,6,0.5,10,3,1,-0.23413263128690778,0,0.6563241471893453,5,semicol,
1717,6,0.5,10,3,2,-0.27453262330108097,0,0.6605192577518451,5,lagged,50.0
1718,6,0.5,50,3,2,-0.2627322731576598,0,0.6439286954357683,5,semicol,
1719,6,0.5,50,3,1,-0.2223349278022961,0,0.650355687328737,5,lagged,50.0
1720,6,0.5,100,3,2,-0.2568940861700567,0,0.6492654459188066,5,semicol,
1721,6,0.5,100,3,1,-0.24305915891373883,0,0.6175325529567879,5,lagged,50.0
1722,6,1.0,10,3,1,-0.35797764430031553,0,0.7774707652745777,5,semicol,
1723,6,1.0,10,3,1,-0.19704048033513163,0,0.7745729327918145,5,lagged,30.0
1724,6,1.0,50,3,2,-0.3132105991729832,0,0.7905679910105193,5,semicol,
1725,6,1.0,50,3,1,-0.2543030512372127,0,0.7701456521982956,5,lagged,20.0
1726,6,1.0,100,3,2,-0.25078996500322875,0,0.7830078276562246,5,semicol,
1727,6,1.0,100,3,1,-0.23152883071036856,0,0.7619729177125113,5,lagged,20.0
1728,7,0.1,10,0,0,-6.249941406765764e-06,1,2.3040179641263153e-06,2,semicol,
1729,7,0.1,10,0,2,-0.0025404281996734748,0,0.040969053512042,2,lagged,50.0
1730,7,0.1,50,0,0,-0.6709507426940752,1,0.9619632430147473,2,semicol,
1731,7,0.1,50,0,0,-1.2499976562546753e-06,1,4.37612712891067e-13,2,lagged,0.0
1732,7,0.1,100,0,4,-0.001385528655155667,0,0.036373280340944815,2,semicol,
1733,7,0.1,100,0,0,-6.249994140244896e-07,1,1.6908814676241474e-13,2,lagged,0.0
1734,7,0.5,10,0,4,-0.5390103106693077,0,0.7882773673202298,2,semicol,
1735,7,0.5,10,0,1,-0.573083375968293,0,0.7850108155572008,2,lagged,30.0
1736,7,0.5,50,0,2,-0.6776303648212852,0,0.9775100441222954,2,semicol,
1737,7,0.5,50,0,0,-0.21048552864582193,1,0.31491097843201266,2,lagged,0.0
1738,7,0.5,100,0,0,-0.6926986457052162,1,0.9993601018428406,2,semicol,
1739,7,0.5,100,0,4,-0.2645776417135081,0,0.4132061619446593,2,lagged,30.0
1740,7,1.0,10,0,0,-0.6371778551242032,1,0.9341548273773351,2,semicol,
1741,7,1.0,10,0,1,-0.3827322543201727,0,0.5378807918187825,2,lagged,20.0
1742,7,1.0,50,0,0,-0.6633396499273936,1,0.9584302213691057,2,semicol,
1743,7,1.0,50,0,1,-0.6885741261798378,0,0.9925302089796929,2,lagged,20.0
1744,7,1.0,100,0,1,-0.6920364777326271,0,0.9991258285800764,2,semicol,
1745,7,1.0,100,0,3,-0.0753013797162629,0,0.1406030148408043,2,lagged,50.0
1746,7,0.1,10,0,3,-0.6180028091451997,0,0.5294651475371427,3,semicol,
1747,7,0.1,10,0,1,-0.7979233508813439,0,0.7345988673590028,3,lagged,0.0
1748,7,0.1,50,0,4,-0.2842174073746223,0,0.24453195800316194,3,semicol,
1749,7,0.1,50,0,3,-0.05587445141122933,0,0.0877400226186654,3,lagged,50.0
1750,7,0.1,100,0,0,-6.375191257897221e-05,1,0.0003879044442853671,3,semicol,
1751,7,0.1,100,0,3,-0.07588381382606325,0,0.08713271222144152,3,lagged,50.0
1752,7,0.5,10,0,0,-0.7121475468186533,1,0.6286406345489146,3,semicol,
1753,7,0.5,10,0,1,-0.7506787880894084,0,0.637485787501536,3,lagged,50.0
1754,7,0.5,50,0,0,-0.3858083601755232,1,0.3585890671420271,3,semicol,
1755,7,0.5,50,0,1,-0.6362652568204372,0,0.5681507316929214,3,lagged,20.0
1756,7,0.5,100,0,0,-0.8734881342128419,1,0.7894159410167949,3,semicol,
1757,7,0.5,100,0,2,-0.8662437184301784,0,0.7924229197156184,3,lagged,20.0
1758,7,1.0,10,0,1,-0.9023277522711972,0,0.8335176009144416,3,semicol,
1759,7,1.0,10,0,3,-0.7441656891754544,0,0.7703573896056171,3,lagged,50.0
1760,7,1.0,50,0,0,-1.097481020219626,1,0.9939194281829752,3,semicol,
1761,7,1.0,50,0,3,-0.8544869725682834,0,0.8404563903727543,3,lagged,50.0
1762,7,1.0,100,0,0,-0.9775116241758758,1,0.8903771395715594,3,semicol,
1763,7,1.0,100,0,1,-0.7879973527514825,0,0.7213064880249498,3,lagged,30.0
1764,7,0.1,10,0,2,-0.09273404791226365,0,0.10760851547196712,4,semicol,
1765,7,0.1,10,0,1,-0.5340796848558498,0,0.3873290883339498,4,lagged,0.0
1766,7,0.1,50,0,2,-0.5197148228470425,0,0.3886828717240319,4,semicol,
1767,7,0.1,50,0,1,-0.08522767038814498,0,0.08403761276307414,4,lagged,30.0
1768,7,0.1,100,0,4,-0.08078808702391833,0,0.06544357596457406,4,semicol,
1769,7,0.1,100,0,0,-1.8749970703733152e-06,1,0.0006108203524774993,4,lagged,0.0
1770,7,0.5,10,0,1,-1.0697981664862635,0,0.7793981504727121,4,semicol,
1771,7,0.5,10,0,0,-1.0722572665457242,1,0.7768387843632142,4,lagged,0.0
1772,7,0.5,50,0,0,-0.8842026580924753,1,0.6457040670642534,4,semicol,
1773,7,0.5,50,0,1,-0.8109406289400735,0,0.6092199936598178,4,lagged,30.0
1774,7,0.5,100,0,1,-0.9324564472547042,0,0.6660013500047389,4,semicol,
1775,7,0.5,100,0,2,-1.1134661504831256,0,0.8092248506058872,4,lagged,30.0
1776,7,1.0,10,0,4,-0.6020306013235636,0,0.4166824156420852,4,semicol,
1777,7,1.0,10,0,0,-1.2487683873520006,1,0.8991751056258066,4,lagged,0.0
1778,7,1.0,50,0,0,-1.1093980367278922,1,0.7930835421246696,4,semicol,
1779,7,1.0,50,0,0,-1.3705033874777524,1,0.9900802093715578,4,lagged,0.0
1780,7,1.0,100,0,0,-1.2234448950599015,1,0.8902693012479215,4,semicol,
1781,7,1.0,100,0,2,-1.223035727410157,0,0.8788577463268574,4,lagged,50.0
1782,7,0.1,10,0,4,-0.49367532995520863,0,0.339105295368846,5,semicol,
1783,7,0.1,10,0,0,-2.4999531260090636e-05,1,1.7427945739612262e-05,5,lagged,0.0
1784,7,0.1,50,0,0,-0.7651844929222102,1,0.4830478087904681,5,semicol,
1785,7,0.1,50,0,3,-0.221256121688747,0,0.14945617755831347,5,lagged,50.0
1786,7,0.1,100,0,1,-0.9770064487375955,0,0.6073617117453839,5,semicol,
1787,7,0.1,100,0,4,-0.010054594078131722,0,0.011246704568049494,5,lagged,20.0
1788,7,0.5,10,0,0,-0.7328870219760448,1,0.46553453812963846,5,semicol,
1789,7,0.5,10,0,0,-1.2872778565135528,1,0.8167594584182952,5,lagged,0.0
1790,7,0.5,50,0,1,-1.1845337675815193,0,0.7444374362598077,5,semicol,
1791,7,0.5,50,0,0,-1.0302308042515185,1,0.6523063140779612,5,lagged,0.0
1792,7,0.5,100,0,0,-1.303471923271959,1,0.8100346836604138,5,semicol,
1793,7,0.5,100,0,0,-0.8745577427818323,1,0.5397433541721867,5,lagged,0.0
1794,7,1.0,10,0,0,-1.0295584736400742,1,0.6393622068730798,5,semicol,
1795,7,1.0,10,0,0,-1.5173856331861069,1,0.9600314623549562,5,lagged,0.0
1796,7,1.0,50,0,0,-1.339104347577668,1,0.8250498476646595,5,semicol,
1797,7,1.0,50,0,2,-1.2960396040798388,0,0.8100304463503916,5,lagged,50.0
1798,7,1.0,100,0,2,-1.1789247252200323,0,0.7454523752772316,5,semicol,
1799,7,1.0,100,0,0,-1.2842297243605127,1,0.8044043137923048,5,lagged,0.0
1800,7,0.1,10,1,4,-0.16091165649856912,0,0.0,2,semicol,
1801,7,0.1,10,1,3,-0.1607947242649432,0,0.0,2,lagged,50.0
1802,7,0.1,50,1,1,-0.19057187318751975,1,0.0,2,semicol,
1803,7,0.1,50,1,3,-0.18135547910791083,0,0.0,2,lagged,50.0
1804,7,0.1,100,1,4,-0.1874778377233254,0,0.0,2,semicol,
1805,7,0.1,100,1,1,-0.18720162502040308,1,0.0,2,lagged,50.0
1806,7,0.5,10,1,4,-0.19321110589505,0,0.0,2,semicol,
1807,7,0.5,10,1,3,-0.1618101845818678,0,0.0,2,lagged,50.0
1808,7,0.5,50,1,4,-0.2058357445272469,0,0.0,2,semicol,
1809,7,0.5,50,1,1,-0.17960051916935527,1,0.0,2,lagged,20.0
1810,7,0.5,100,1,3,-0.21002431855277007,0,0.0,2,semicol,
1811,7,0.5,100,1,3,-0.1981846925423941,0,0.0,2,lagged,30.0
1812,7,1.0,10,1,3,-0.15670903005476677,0,0.0,2,semicol,
1813,7,1.0,10,1,3,-0.1296911143513744,0,0.0,2,lagged,50.0
1814,7,1.0,50,1,1,-0.2182530235585537,1,0.0,2,semicol,
1815,7,1.0,50,1,2,-0.16402548366976996,0,0.0,2,lagged,50.0
1816,7,1.0,100,1,1,-0.20529070984845796,1,0.0,2,semicol,
1817,7,1.0,100,1,1,-0.20719268476815678,1,0.0,2,lagged,30.0
1818,7,0.1,10,1,1,-0.24347397064598494,1,0.36947904805485116,3,semicol,
1819,7,0.1,10,1,2,-0.1962855680635701,0,0.0638119924703447,3,lagged,20.0
1820,7,0.1,50,1,2,-0.20077718761637567,0,0.34951806163690063,3,semicol,
1821,7,0.1,50,1,1,-0.20370925950800622,1,0.01669693067558552,3,lagged,20.0
1822,7,0.1,100,1,2,-0.20396869127803893,0,0.3571643551744859,3,semicol,
1823,7,0.1,100,1,1,-0.2068602512181545,1,0.584173110055044,3,lagged,30.0
1824,7,0.5,10,1,4,-0.14779024597198007,0,0.3674196667506879,3,semicol,
1825,7,0.5,10,1,1,-0.21559131030249767,1,0.7024061773266238,3,lagged,30.0
1826,7,0.5,50,1,1,-0.21736060803965435,1,0.04840212794771703,3,semicol,
1827,7,0.5,50,1,1,-0.250802081620238,1,0.5641635983375523,3,lagged,20.0
1828,7,0.5,100,1,3,-0.22225482634567734,0,0.8474618271487518,3,semicol,
1829,7,0.5,100,1,3,-0.19245544168964743,0,0.6166466511959976,3,lagged,50.0
1830,7,1.0,10,1,2,-0.19974920795994985,0,0.8975143523369026,3,semicol,
1831,7,1.0,10,1,1,-0.19671066357103908,1,0.7886668941447906,3,lagged,20.0
1832,7,1.0,50,1,3,-0.21595560522429552,0,0.7493152618323952,3,semicol,
1833,7,1.0,50,1,2,-0.2208812593719089,0,0.7656216403496762,3,lagged,20.0
1834,7,1.0,100,1,3,-0.20729245130601984,0,0.5150348799509834,3,semicol,
1835,7,1.0,100,1,1,-0.19991320000222007,1,0.5541208409404643,3,lagged,50.0
1836,7,0.1,10,1,1,-0.2244724487224784,1,0.40225763980703855,4,semicol,
1837,7,0.1,10,1,1,-0.23463279325678726,1,0.16763620210188135,4,lagged,20.0
1838,7,0.1,50,1,1,-0.23103480723466932,1,0.22270470880917248,4,semicol,
1839,7,0.1,50,1,3,-0.1991436827489455,0,0.04964045397401317,4,lagged,50.0
1840,7,0.1,100,1,3,-0.2177634571217237,0,0.3526753402163906,4,semicol,
1841,7,0.1,100,1,1,-0.17260289922338165,1,0.028244805220697694,4,lagged,50.0
1842,7,0.5,10,1,1,-0.22560477933036197,1,0.6902932085338731,4,semicol,
1843,7,0.5,10,1,1,-0.24632834989626212,1,0.7670532857968738,4,lagged,50.0
1844,7,0.5,50,1,1,-0.18779317937742115,1,0.7073479022358167,4,semicol,
1845,7,0.5,50,1,3,-0.19734158936251484,0,0.48457648544622167,4,lagged,50.0
1846,7,0.5,100,1,1,-0.2539147832557764,1,0.7506127822047741,4,semicol,
1847,7,0.5,100,1,2,-0.22310219912179063,0,0.6788249152692933,4,lagged,50.0
1848,7,1.0,10,1,1,-0.20180998194533814,1,0.7701177110563476,4,semicol,
1849,7,1.0,10,1,1,-0.228399506047049,1,0.7953632383581526,4,lagged,50.0
1850,7,1.0,50,1,1,-0.26267906789034534,1,0.7802113709675453,4,semicol,
1851,7,1.0,50,1,1,-0.28305356743492166,1,0.8034165826693394,4,lagged,50.0
1852,7,1.0,100,1,3,-0.24307681572101655,0,0.7349806892950408,4,semicol,
1853,7,1.0,100,1,2,-0.22967833777688867,0,0.5837889226257157,4,lagged,50.0
1854,7,0.1,10,1,1,-0.29498446944083107,1,0.28976353662331067,5,semicol,
1855,7,0.1,10,1,1,-0.15233629924838912,1,0.23809627841215408,5,lagged,30.0
1856,7,0.1,50,1,1,-0.23569023381568247,1,0.17659404746172452,5,semicol,
1857,7,0.1,50,1,1,-0.23592530285968374,1,0.1822414464076611,5,lagged,50.0
1858,7,0.1,100,1,3,-0.22077702631789384,0,0.28984974083807497,5,semicol,
1859,7,0.1,100,1,1,-0.19976940582942665,1,0.3863492497132445,5,lagged,30.0
1860,7,0.5,10,1,1,-0.17804693016805825,1,0.5802794615109341,5,semicol,
1861,7,0.5,10,1,1,-0.2258645428598924,1,0.7240352381645161,5,lagged,20.0
1862,7,0.5,50,1,1,-0.263742767937125,1,0.6836999271689506,5,semicol,
1863,7,0.5,50,1,1,-0.23248577331000725,1,0.6401788718482463,5,lagged,30.0
1864,7,0.5,100,1,2,-0.23491638263028314,0,0.5219186806771187,5,semicol,
1865,7,0.5,100,1,2,-0.20811596490507936,0,0.7121879244848315,5,lagged,30.0
1866,7,1.0,10,1,1,-0.267583954593011,1,0.8388222995848389,5,semicol,
1867,7,1.0,10,1,1,-0.3189083844221382,1,0.7643270549258261,5,lagged,30.0
1868,7,1.0,50,1,2,-0.24698473153986222,0,0.7430440378365064,5,semicol,
1869,7,1.0,50,1,1,-0.2668825532586454,1,0.8232310574253721,5,lagged,20.0
1870,7,1.0,100,1,1,-0.2581145595507851,1,0.7038259952478852,5,semicol,
1871,7,1.0,100,1,2,-0.24478730677558425,0,0.82890835086472,5,lagged,50.0
1872,7,0.1,10,2,1,-0.2216238975309625,0,0.0,2,semicol,
1873,7,0.1,10,2,2,-0.13206097520542517,1,0.0,2,lagged,50.0
1874,7,0.1,50,2,2,-0.20356335175876047,1,0.0,2,semicol,
1875,7,0.1,50,2,3,-0.17119870878747837,0,0.0,2,lagged,50.0
1876,7,0.1,100,2,4,-0.19240691787568465,0,0.0,2,semicol,
1877,7,0.1,100,2,2,-0.18741327583531986,1,0.0,2,lagged,50.0
1878,7,0.5,10,2,3,-0.13710734106615305,0,0.0,2,semicol,
1879,7,0.5,10,2,1,-0.26118209222740646,0,0.0,2,lagged,20.0
1880,7,0.5,50,2,2,-0.21786167606526705,1,0.0,2,semicol,
1881,7,0.5,50,2,3,-0.1629707806748464,0,0.0,2,lagged,30.0
1882,7,0.5,100,2,2,-0.20991772722290386,1,0.0,2,semicol,
1883,7,0.5,100,2,4,-0.1852645338428955,0,0.0,2,lagged,20.0
1884,7,1.0,10,2,3,-0.20635025904638493,0,0.0,2,semicol,
1885,7,1.0,10,2,3,-0.13471350351599765,0,0.0,2,lagged,50.0
1886,7,1.0,50,2,3,-0.18017939689488188,0,0.0,2,semicol,
1887,7,1.0,50,2,3,-0.1657564380761959,0,0.0,2,lagged,50.0
1888,7,1.0,100,2,1,-0.20151675763686133,0,0.0,2,semicol,
1889,7,1.0,100,2,1,-0.1737614936121386,0,0.0,2,lagged,50.0
1890,7,0.1,10,2,3,-0.25871894221816943,0,0.1946192561675069,3,semicol,
1891,7,0.1,10,2,1,-0.20743819341419376,0,0.3013126232341983,3,lagged,50.0
1892,7,0.1,50,2,2,-0.22653613914423115,1,0.24924544516084313,3,semicol,
1893,7,0.1,50,2,3,-0.18865685003955915,0,0.13575764878464833,3,lagged,30.0
1894,7,0.1,100,2,2,-0.19902373652490485,1,0.2761083632751927,3,semicol,
1895,7,0.1,100,2,1,-0.20986212154372555,0,0.061017909296021945,3,lagged,20.0
1896,7,0.5,10,2,2,-0.22097334276797947,1,0.752642463268488,3,semicol,
1897,7,0.5,10,2,1,-0.1575758361689482,0,0.30118555882429265,3,lagged,50.0
1898,7,0.5,50,2,3,-0.23065331810238437,0,0.3515375553710649,3,semicol,
1899,7,0.5,50,2,1,-0.20028029602671155,0,0.6948005412091534,3,lagged,20.0
1900,7,0.5,100,2,4,-0.21620052441807544,0,0.557179343000925,3,semicol,
1901,7,0.5,100,2,1,-0.21082875295177209,0,0.4787795477204302,3,lagged,20.0
1902,7,1.0,10,2,2,-0.21807428847091773,1,0.5719622734163725,3,semicol,
1903,7,1.0,10,2,3,-0.1205802932230394,0,0.5997710942512459,3,lagged,50.0
1904,7,1.0,50,2,4,-0.22360032795808932,0,0.7090052725568082,3,semicol,
1905,7,1.0,50,2,3,-0.20348605513876722,0,0.7235136504279533,3,lagged,50.0
1906,7,1.0,100,2,2,-0.2077417445221913,1,0.6841134184941748,3,semicol,
1907,7,1.0,100,2,3,-0.21278522700067162,0,0.7455819746083499,3,lagged,50.0
1908,7,0.1,10,2,1,-0.2584929880892143,0,0.33308541467857083,4,semicol,
1909,7,0.1,10,2,3,-0.09701533580453996,0,0.2983320883930751,4,lagged,50.0
1910,7,0.1,50,2,3,-0.20067029947691384,0,0.19683073439899026,4,semicol,
1911,7,0.1,50,2,3,-0.18976082554405874,0,0.1369669040987169,4,lagged,50.0
1912,7,0.1,100,2,2,-0.21268499521873593,1,0.21537946119716378,4,semicol,
1913,7,0.1,100,2,1,-0.210827198651652,0,0.14513589496544183,4,lagged,30.0
1914,7,0.5,10,2,1,-0.3054975298966394,0,0.5108635057502604,4,semicol,
1915,7,0.5,10,2,1,-0.23041528209032558,0,0.7092492015242938,4,lagged,50.0
1916,7,0.5,50,2,2,-0.2352227441725296,1,0.6664389943826375,4,semicol,
1917,7,0.5,50,2,1,-0.20955593024112693,0,0.6185453832436467,4,lagged,50.0
1918,7,0.5,100,2,2,-0.23770067502799921,1,0.5115378489673792,4,semicol,
1919,7,0.5,100,2,1,-0.23743851628629536,0,0.6297761511711837,4,lagged,50.0
1920,7,1.0,10,2,1,-0.21676480346765387,0,0.7943585234064643,4,semicol,
1921,7,1.0,10,2,1,-0.29750322465144086,0,0.8269482913283183,4,lagged,30.0
1922,7,1.0,50,2,2,-0.23436850065611095,1,0.6679501831237931,4,semicol,
1923,7,1.0,50,2,1,-0.242827019578047,0,0.7901841514089141,4,lagged,20.0
1924,7,1.0,100,2,2,-0.24802185690505182,1,0.7407128629626383,4,semicol,
1925,7,1.0,100,2,1,-0.25438612454571785,0,0.7446278002087028,4,lagged,20.0
1926,7,0.1,10,2,1,-0.2936619189644551,0,0.25591129232632465,5,semicol,
1927,7,0.1,10,2,1,-0.22030952734897194,0,0.2005596627647192,5,lagged,30.0
1928,7,0.1,50,2,2,-0.24202931411557072,1,0.2534777039535177,5,semicol,
1929,7,0.1,50,2,1,-0.25921843981038817,0,0.3204294660107856,5,lagged,30.0
1930,7,0.1,100,2,2,-0.2350077502754376,1,0.2727149956059682,5,semicol,
1931,7,0.1,100,2,1,-0.22306719731802674,0,0.17164836676135464,5,lagged,20.0
1932,7,0.5,10,2,1,-0.3171579952910974,0,0.6239039070886804,5,semicol,
1933,7,0.5,10,2,1,-0.19138726715060486,0,0.6559793672952188,5,lagged,50.0
1934,7,0.5,50,2,2,-0.21128502896647644,1,0.5867036718209448,5,semicol,
1935,7,0.5,50,2,1,-0.24810928725190365,0,0.6389919123383246,5,lagged,50.0
1936,7,0.5,100,2,2,-0.2740008240138517,1,0.6410438322412556,5,semicol,
1937,7,0.5,100,2,1,-0.25282180229691287,0,0.6309593242872011,5,lagged,20.0
1938,7,1.0,10,2,2,-0.2090020639807837,1,0.8017447192373313,5,semicol,
1939,7,1.0,10,2,1,-0.23270392986555113,0,0.8143711745978295,5,lagged,30.0
1940,7,1.0,50,2,2,-0.2530096086696954,1,0.7990747321790047,5,semicol,
1941,7,1.0,50,2,1,-0.26132399077597146,0,0.7707836738085677,5,lagged,20.0
1942,7,1.0,100,2,1,-0.2987241750087048,0,0.8067641762062026,5,semicol,
1943,7,1.0,100,2,1,-0.2641886794295482,0,0.7905182554349739,5,lagged,20.0
1944,7,0.1,10,3,4,-0.2045546470532165,0,0.0,2,semicol,
1945,7,0.1,10,3,3,-0.1779946593684484,1,0.0,2,lagged,30.0
1946,7,0.1,50,3,4,-0.21818793453504712,0,0.0,2,semicol,
1947,7,0.1,50,3,3,-0.17549296261706598,1,0.0,2,lagged,50.0
1948,7,0.1,100,3,3,-0.21702583587323365,1,0.0,2,semicol,
1949,7,0.1,100,3,1,-0.19936701820844252,0,0.0,2,lagged,30.0
1950,7,0.5,10,3,4,-0.1847910416791797,0,0.0,2,semicol,
1951,7,0.5,10,3,2,-0.18837402121393684,0,0.0,2,lagged,50.0
1952,7,0.5,50,3,2,-0.21824630247273988,0,0.0,2,semicol,
1953,7,0.5,50,3,3,-0.2110807314370975,1,0.0,2,lagged,30.0
1954,7,0.5,100,3,3,-0.19484498836839828,1,0.0,2,semicol,
1955,7,0.5,100,3,3,-0.1919342662461677,1,0.0,2,lagged,30.0
1956,7,1.0,10,3,4,-0.15480885082356166,0,0.0,2,semicol,
1957,7,1.0,10,3,3,-0.15529489961911766,1,0.0,2,lagged,50.0
1958,7,1.0,50,3,4,-0.20799084999863524,0,0.0,2,semicol,
1959,7,1.0,50,3,4,-0.19982131716510443,0,0.0,2,lagged,20.0
1960,7,1.0,100,3,4,-0.1997327164299414,0,0.0,2,semicol,
1961,7,1.0,100,3,3,-0.18698013212447037,1,0.0,2,lagged,50.0
1962,7,0.1,10,3,2,-0.2285403700428595,0,0.1840032720466443,3,semicol,
1963,7,0.1,10,3,1,-0.21639197729153956,0,0.16369566921788956,3,lagged,0.0
1964,7,0.1,50,3,3,-0.19552185475866923,1,0.2126705203572302,3,semicol,
1965,7,0.1,50,3,2,-0.24618373195484836,0,0.20568206571600636,3,lagged,20.0
1966,7,0.1,100,3,4,-0.20274160254210982,0,0.23805918993861594,3,semicol,
1967,7,0.1,100,3,1,-0.19806501804010027,0,0.14949684797393253,3,lagged,20.0
1968,7,0.5,10,3,4,-0.1995805464829208,0,0.589002960533933,3,semicol,
1969,7,0.5,10,3,2,-0.2242224513548018,0,0.4968765175792427,3,lagged,50.0
1970,7,0.5,50,3,3,-0.20478501511857145,1,0.6297713767395784,3,semicol,
1971,7,0.5,50,3,2,-0.22254076387405197,0,0.6039533432815383,3,lagged,30.0
1972,7,0.5,100,3,3,-0.21989808328604918,1,0.46213310385324924,3,semicol,
1973,7,0.5,100,3,2,-0.21292151488448055,0,0.6001567038265171,3,lagged,20.0
1974,7,1.0,10,3,3,-0.21382010212141853,1,0.7377017995577904,3,semicol,
1975,7,1.0,10,3,2,-0.18919426239023737,0,0.6742006489074134,3,lagged,20.0
1976,7,1.0,50,3,3,-0.26918748474165055,1,0.7214651174050131,3,semicol,
1977,7,1.0,50,3,3,-0.18062885120951302,1,0.7641500671227703,3,lagged,50.0
1978,7,1.0,100,3,3,-0.19028836311665637,1,0.7340365934615948,3,semicol,
1979,7,1.0,100,3,1,-0.19480064443743347,0,0.7474916880247905,3,lagged,20.0
1980,7,0.1,10,3,1,-0.2877015772128707,0,0.24720439280140521,4,semicol,
1981,7,0.1,10,3,1,-0.1923783812253898,0,0.2823424215427066,4,lagged,20.0
1982,7,0.1,50,3,3,-0.2111744889585101,1,0.2504426180558699,4,semicol,
1983,7,0.1,50,3,2,-0.21886058192993213,0,0.22449043348967218,4,lagged,30.0
1984,7,0.1,100,3,3,-0.24945043612169598,1,0.28477697406943536,4,semicol,
1985,7,0.1,100,3,3,-0.19647823509874532,1,0.21453061511526342,4,lagged,50.0
1986,7,0.5,10,3,1,-0.21035020256969078,0,0.5800673378313446,4,semicol,
1987,7,0.5,10,3,1,-0.22961861788950388,0,0.6151541110307435,4,lagged,20.0
1988,7,0.5,50,3,2,-0.2354758841626102,0,0.5972602985116524,4,semicol,
1989,7,0.5,50,3,2,-0.23220485131441607,0,0.592472435076856,4,lagged,50.0
1990,7,0.5,100,3,3,-0.2611965558259869,1,0.5606675772355085,4,semicol,
1991,7,0.5,100,3,1,-0.2616251542698678,0,0.5854078525339897,4,lagged,50.0
1992,7,1.0,10,3,2,-0.25449702431568283,0,0.7244412346504132,4,semicol,
1993,7,1.0,10,3,1,-0.1880496009120983,0,0.7643457726547447,4,lagged,20.0
1994,7,1.0,50,3,2,-0.2497290673309954,0,0.7303247065750202,4,semicol,
1995,7,1.0,50,3,1,-0.19909087327302036,0,0.7477009809340809,4,lagged,50.0
1996,7,1.0,100,3,3,-0.23913950488097432,1,0.7795110354144539,4,semicol,
1997,7,1.0,100,3,1,-0.2630209232989253,0,0.7777892486742672,4,lagged,50.0
1998,7,0.1,10,3,2,-0.22266172842988455,0,0.2646778473083606,5,semicol,
1999,7,0.1,10,3,1,-0.2552084350046971,0,0.23754418025935944,5,lagged,20.0
2000,7,0.1,50,3,1,-0.24902406374025318,0,0.2588803585771874,5,semicol,
2001,7,0.1,50,3,1,-0.209845331621264,0,0.2726524987861354,5,lagged,30.0
2002,7,0.1,100,3,3,-0.2581216644896133,1,0.26979022116911255,5,semicol,
2003,7,0.1,100,3,2,-0.21705191001421167,0,0.2926317089113958,5,lagged,50.0
2004,7,0.5,10,3,1,-0.27526861684630144,0,0.673610852021975,5,semicol,
2005,7,0.5,10,3,1,-0.22653863422163337,0,0.6627750186108032,5,lagged,20.0
2006,7,0.5,50,3,1,-0.2952174457917863,0,0.6670363031633135,5,semicol,
2007,7,0.5,50,3,1,-0.253537817027713,0,0.6312477962310001,5,lagged,50.0
2008,7,0.5,100,3,2,-0.2633289617984228,0,0.6461746681878197,5,semicol,
2009,7,0.5,100,3,1,-0.26595122512394853,0,0.6024871374342544,5,lagged,20.0
2010,7,1.0,10,3,1,-0.2957413783053315,0,0.7958028410017232,5,semicol,
2011,7,1.0,10,3,2,-0.19448144230355283,0,0.7589541581814024,5,lagged,30.0
2012,7,1.0,50,3,2,-0.30817203607055016,0,0.7986653274978612,5,semicol,
2013,7,1.0,50,3,1,-0.2840589626415931,0,0.7838794496086406,5,lagged,20.0
2014,7,1.0,100,3,3,-0.2703193962214444,1,0.7716094598071186,5,semicol,
2015,7,1.0,100,3,1,-0.27670561287863643,0,0.7746339186290471,5,lagged,50.0
2016,8,0.1,10,0,4,-0.5387533507453229,0,0.8129632971097199,2,semicol,
2017,8,0.1,10,0,3,-0.06623944313466644,0,0.104413829860867,2,lagged,30.0
2018,8,0.1,50,0,0,-1.2499976562546753e-06,1,2.1559212439522697e-06,2,semicol,
2019,8,0.1,50,0,0,-1.2499976562546753e-06,1,3.4262985532282693e-06,2,lagged,0.0
2020,8,0.1,100,0,4,-0.0382765085322054,0,0.05641783578480522,2,semicol,
2021,8,0.1,100,0,3,-0.2525039092889939,0,0.39131016699771615,2,lagged,30.0
2022,8,0.5,10,0,4,-0.23292105161950538,0,0.28581619318038076,2,semicol,
2023,8,0.5,10,0,3,-0.22968091907781507,0,0.421038635084615,2,lagged,30.0
2024,8,0.5,50,0,4,-0.5294577165532612,0,0.7219695899705736,2,semicol,
2025,8,0.5,50,0,1,-0.4797001212950694,0,0.6678964840877548,2,lagged,20.0
2026,8,0.5,100,0,2,-0.41542654561117737,0,0.6117554992320128,2,semicol,
2027,8,0.5,100,0,1,-0.11590719761561598,0,0.1689567494529771,2,lagged,20.0
2028,8,1.0,10,0,0,-0.09496426599264465,1,0.055319201319133655,2,semicol,
2029,8,1.0,10,0,3,-0.4049823467973048,0,0.6681949905157465,2,lagged,50.0
2030,8,1.0,50,0,2,-0.479882735269691,0,0.6920929845966199,2,semicol,
2031,8,1.0,50,0,1,-0.4741772420983169,0,0.6573261406665031,2,lagged,50.0
2032,8,1.0,100,0,4,-0.6382257889251847,0,0.9259321083887169,2,semicol,
2033,8,1.0,100,0,3,-0.46020879033457684,0,0.6963937271109425,2,lagged,50.0
2034,8,0.1,10,0,1,-0.9268343097158175,0,0.8575750733320425,3,semicol,
2035,8,0.1,10,0,1,-0.07822478709196838,0,0.017273078659881078,3,lagged,30.0
2036,8,0.1,50,0,0,-0.0002525309363816522,1,0.0005037998060984318,3,semicol,
2037,8,0.1,50,0,4,-0.07729987444178411,0,0.06246792958763933,3,lagged,30.0
2038,8,0.1,100,0,4,-0.04699589006959397,0,0.048170875300341226,3,semicol,
2039,8,0.1,100,0,3,-0.1910421793606129,0,0.1733995430524705,3,lagged,20.0
2040,8,0.5,10,0,4,-0.6880937711825951,0,0.5837988042167068,3,semicol,
2041,8,0.5,10,0,1,-1.0006754139640925,0,0.924769883909403,3,lagged,50.0
2042,8,0.5,50,0,1,-0.821213583084349,0,0.743900896499526,3,semicol,
2043,8,0.5,50,0,3,-0.797698723024323,0,0.7299675163970292,3,lagged,30.0
2044,8,0.5,100,0,4,-0.3605866743400718,0,0.3254973281667587,3,semicol,
2045,8,0.5,100,0,3,-0.4746954402498903,0,0.4336292905653685,3,lagged,50.0
2046,8,1.0,10,0,0,-0.7267306690125753,1,0.6725374193266089,3,semicol,
2047,8,1.0,10,0,2,-0.6471585860649044,0,0.5695108111666725,3,lagged,30.0
2048,8,1.0,50,0,2,-1.0675319839117825,0,0.9687385737790991,3,semicol,
2049,8,1.0,50,0,0,-1.0677406526279656,1,0.9702291660350066,3,lagged,0.0
2050,8,1.0,100,0,1,-0.9380350657404025,0,0.8571602415483547,3,semicol,
2051,8,1.0,100,0,2,-0.6427286058834699,0,0.5945644491567046,3,lagged,30.0
2052,8,0.1,10,0,0,-0.0006439411922862097,1,0.012812962234141493,4,semicol,
2053,8,0.1,10,0,1,-0.5216542456710613,0,0.41654972540141455,4,lagged,0.0
2054,8,0.1,50,0,4,-0.050894268259212345,0,0.06340479436518766,4,semicol,
2055,8,0.1,50,0,0,-0.569203800356305,1,0.4041088170473609,4,lagged,0.0
2056,8,0.1,100,0,0,-0.028082351465702864,1,0.01953352122436535,4,semicol,
2057,8,0.1,100,0,3,-0.855810284636554,0,0.6233665135083234,4,lagged,50.0
2058,8,0.5,10,0,0,-1.0375453310473437,1,0.7503076609759458,4,semicol,
2059,8,0.5,10,0,0,-1.3438415180436456,1,0.9635771875615717,4,lagged,0.0
2060,8,0.5,50,0,0,-0.4483053754491635,1,0.32804155955016057,4,semicol,
2061,8,0.5,50,0,2,-0.46204096459034266,0,0.3336640808795819,4,lagged,20.0
2062,8,0.5,100,0,1,-1.1092255728665499,0,0.7964455356116587,4,semicol,
2063,8,0.5,100,0,1,-1.157404184963619,0,0.829978629193069,4,lagged,30.0
2064,8,1.0,10,0,1,-1.2633324524198353,0,0.8981480998976347,4,semicol,
2065,8,1.0,10,0,1,-0.9033456996584295,0,0.6445076757853347,4,lagged,50.0
2066,8,1.0,50,0,0,-1.2633174821344109,1,0.9086645411264951,4,semicol,
2067,8,1.0,50,0,1,-1.2068296288591576,0,0.8636091016634448,4,lagged,50.0
2068,8,1.0,100,0,2,-1.088139179253706,0,0.7802343532634528,4,semicol,
2069,8,1.0,100,0,1,-0.9768233937075546,0,0.709076365736467,4,lagged,20.0
2070,8,0.1,10,0,0,-0.3375370084249758,1,0.23591509795442742,5,semicol,
2071,8,0.1,10,0,3,-0.21954441367672559,0,0.18113573439797992,5,lagged,50.0
2072,8,0.1,50,0,0,-0.6906570745017512,1,0.42762272764508386,5,semicol,
2073,8,0.1,50,0,2,-0.7359718299893074,0,0.4798820974867699,5,lagged,50.0
2074,8,0.1,100,0,4,-0.4781227482242015,0,0.29879206423322807,5,semicol,
2075,8,0.1,100,0,3,-0.4410735548841895,0,0.2700769247098177,5,lagged,30.0
2076,8,0.5,10,0,0,-1.314762227763692,1,0.8123810006774554,5,semicol,
2077,8,0.5,10,0,0,-1.1276732409140464,1,0.7283977052716644,5,lagged,0.0
2078,8,0.5,50,0,0,-0.8862131454913239,1,0.5397113945997152,5,semicol,
2079,8,0.5,50,0,1,-0.9796471078082559,0,0.6293273511346071,5,lagged,50.0
2080,8,0.5,100,0,2,-0.7129522228068268,0,0.4422436539799769,5,semicol,
2081,8,0.5,100,0,1,-1.2197766207965064,0,0.7709985072253263,5,lagged,20.0
2082,8,1.0,10,0,1,-1.0716767401177767,0,0.6622324505127516,5,semicol,
2083,8,1.0,10,0,0,-1.332730581241816,1,0.8248794939352652,5,lagged,0.0
2084,8,1.0,50,0,0,-1.2680183758537913,1,0.7950477144871897,5,semicol,
2085,8,1.0,50,0,0,-1.3415603971563181,1,0.8391360673301792,5,lagged,0.0
2086,8,1.0,100,0,1,-1.0728271194042989,0,0.6530266285916502,5,semicol,
2087,8,1.0,100,0,0,-1.0814019515655975,1,0.677623360401884,5,lagged,0.0
2088,8,0.1,10,1,4,-0.1427691812267481,0,0.0,2,semicol,
2089,8,0.1,10,1,3,-0.15058896861056467,0,0.0,2,lagged,50.0
2090,8,0.1,50,1,4,-0.18166044156530592,0,0.0,2,semicol,
2091,8,0.1,50,1,1,-0.1917730118632427,1,0.0,2,lagged,30.0
2092,8,0.1,100,1,4,-0.19374888468070006,0,0.0,2,semicol,
2093,8,0.1,100,1,3,-0.1719328410471464,0,0.0,2,lagged,50.0
2094,8,0.5,10,1,2,-0.24255275378865523,0,0.0,2,semicol,
2095,8,0.5,10,1,1,-0.16774879197924203,1,0.0,2,lagged,50.0
2096,8,0.5,50,1,3,-0.2036654014607921,0,0.0,2,semicol,
2097,8,0.5,50,1,3,-0.2040316393028394,0,0.0,2,lagged,30.0
2098,8,0.5,100,1,1,-0.21314782599223134,1,0.0,2,semicol,
2099,8,0.5,100,1,1,-0.19251106393103712,1,0.0,2,lagged,30.0
2100,8,1.0,10,1,1,-0.22814303081471018,1,0.0,2,semicol,
2101,8,1.0,10,1,3,-0.0569145119047443,0,0.0,2,lagged,50.0
2102,8,1.0,50,1,2,-0.17082962151971004,0,0.0,2,semicol,
2103,8,1.0,50,1,2,-0.19887116127383606,0,0.0,2,lagged,20.0
2104,8,1.0,100,1,1,-0.2074317324832627,1,0.0,2,semicol,
2105,8,1.0,100,1,4,-0.19651831931108873,0,0.0,2,lagged,20.0
2106,8,0.1,10,1,3,-0.19059668338376878,0,0.08211165499120861,3,semicol,
2107,8,0.1,10,1,1,-0.18379270717212431,1,0.08389449481282046,3,lagged,20.0
2108,8,0.1,50,1,1,-0.19161133575482517,1,0.0044839032364256985,3,semicol,
2109,8,0.1,50,1,3,-0.15689906883514348,0,0.017458907248993072,3,lagged,50.0
2110,8,0.1,100,1,1,-0.17352101978694934,1,1.9710465566217734e-08,3,semicol,
2111,8,0.1,100,1,3,-0.20091036018835842,0,0.36149818897473507,3,lagged,50.0
2112,8,0.5,10,1,4,-0.1690634983049479,0,0.6417640206901281,3,semicol,
2113,8,0.5,10,1,2,-0.1983999945657963,0,0.48653171120736594,3,lagged,50.0
2114,8,0.5,50,1,2,-0.19461079760426767,0,0.3791644394747375,3,semicol,
2115,8,0.5,50,1,2,-0.19280350370861143,0,0.6924069729097964,3,lagged,20.0
2116,8,0.5,100,1,4,-0.2334156409527629,0,0.9885600568483947,3,semicol,
2117,8,0.5,100,1,2,-0.19788396610929784,0,0.6518196783168327,3,lagged,50.0
2118,8,1.0,10,1,1,-0.24611097111233457,1,0.6857365443122614,3,semicol,
2119,8,1.0,10,1,1,-0.1871104648740201,1,0.3767202304920645,3,lagged,0.0
2120,8,1.0,50,1,1,-0.22857343603444097,1,0.9036627788779977,3,semicol,
2121,8,1.0,50,1,2,-0.22644714114743675,0,0.640415667267916,3,lagged,50.0
2122,8,1.0,100,1,2,-0.20867143269350263,0,0.819280916609618,3,semicol,
2123,8,1.0,100,1,1,-0.21012303016675363,1,0.4143768767641527,3,lagged,20.0
2124,8,0.1,10,1,3,-0.19258691839788722,0,0.03524600080634108,4,semicol,
2125,8,0.1,10,1,1,-0.20465383617079644,1,0.21939900125047446,4,lagged,20.0
2126,8,0.1,50,1,2,-0.22305614567776738,0,0.16931661728355346,4,semicol,
2127,8,0.1,50,1,1,-0.23028578622912793,1,0.2225777316487856,4,lagged,20.0
2128,8,0.1,100,1,2,-0.20228962417489654,0,0.18754233767556763,4,semicol,
2129,8,0.1,100,1,2,-0.20661873210463164,0,0.29764550493181263,4,lagged,50.0
2130,8,0.5,10,1,3,-0.21473901699790604,0,0.5694502310063887,4,semicol,
2131,8,0.5,10,1,1,-0.2208821517641607,1,0.4814406885597525,4,lagged,50.0
2132,8,0.5,50,1,2,-0.2361347664718852,0,0.5833176372313318,4,semicol,
2133,8,0.5,50,1,1,-0.23009660003164797,1,0.7378626767504762,4,lagged,30.0
2134,8,0.5,100,1,1,-0.20041582769858204,1,0.48913825247964,4,semicol,
2135,8,0.5,100,1,1,-0.22138027558931397,1,0.5618844809748595,4,lagged,20.0
2136,8,1.0,10,1,1,-0.24384216038326495,1,0.7841697304571165,4,semicol,
2137,8,1.0,10,1,3,-0.18425752944570115,0,0.7043540893269249,4,lagged,30.0
2138,8,1.0,50,1,1,-0.24390961616656293,1,0.8635446364201229,4,semicol,
2139,8,1.0,50,1,1,-0.20380830306737585,1,0.7586944116359791,4,lagged,20.0
2140,8,1.0,100,1,2,-0.24296829897247316,0,0.765374682219893,4,semicol,
2141,8,1.0,100,1,2,-0.22934771292901004,0,0.83483094728771,4,lagged,50.0
2142,8,0.1,10,1,1,-0.2739917391673408,1,0.29297305468542517,5,semicol,
2143,8,0.1,10,1,1,-0.13503625153565846,1,0.2783217297035373,5,lagged,50.0
2144,8,0.1,50,1,1,-0.20394807484913133,1,0.06000667234632919,5,semicol,
2145,8,0.1,50,1,1,-0.19363733051166424,1,0.1301104731036197,5,lagged,50.0
2146,8,0.1,100,1,2,-0.2068434954255248,0,0.05349482837996685,5,semicol,
2147,8,0.1,100,1,1,-0.23341077813453034,1,0.3368612398785637,5,lagged,30.0
2148,8,0.5,10,1,1,-0.2381422296047006,1,0.6796738717809034,5,semicol,
2149,8,0.5,10,1,1,-0.21529776856075805,1,0.5889305296039329,5,lagged,30.0
2150,8,0.5,50,1,1,-0.29764474213721026,1,0.6203853316627185,5,semicol,
2151,8,0.5,50,1,1,-0.24994113028345744,1,0.6845088083540416,5,lagged,30.0
2152,8,0.5,100,1,1,-0.2334812343979768,1,0.7748885407270636,5,semicol,
2153,8,0.5,100,1,2,-0.22372837446181404,0,0.8548327031130019,5,lagged,50.0
2154,8,1.0,10,1,1,-0.28179196382070026,1,0.7491919744132618,5,semicol,
2155,8,1.0,10,1,1,-0.32253288226929233,1,0.8391676104730857,5,lagged,30.0
2156,8,1.0,50,1,1,-0.2814451722445918,1,0.8160296500232906,5,semicol,
2157,8,1.0,50,1,1,-0.22616180396279306,1,0.5937840785972257,5,lagged,30.0
2158,8,1.0,100,1,1,-0.23666124654197035,1,0.780238042581425,5,semicol,
2159,8,1.0,100,1,2,-0.2438640409171957,0,0.7452591849548877,5,lagged,30.0
2160,8,0.1,10,2,4,-0.19924099723807034,0,0.0,2,semicol,
2161,8,0.1,10,2,4,-0.1737844136046904,0,0.0,2,lagged,20.0
2162,8,0.1,50,2,3,-0.19294536315899885,0,0.0,2,semicol,
2163,8,0.1,50,2,3,-0.13852259780133216,0,0.0,2,lagged,50.0
2164,8,0.1,100,2,2,-0.19557589766804495,1,0.0,2,semicol,
2165,8,0.1,100,2,3,-0.20439648373503738,0,0.0,2,lagged,50.0
2166,8,0.5,10,2,2,-0.19253032608783874,1,0.0,2,semicol,
2167,8,0.5,10,2,1,-0.18196326627797646,0,0.0,2,lagged,20.0
2168,8,0.5,50,2,2,-0.18709118140568964,1,0.0,2,semicol,
2169,8,0.5,50,2,3,-0.1864844586980484,0,0.0,2,lagged,50.0
2170,8,0.5,100,2,4,-0.18703311036182305,0,0.0,2,semicol,
2171,8,0.5,100,2,3,-0.19036956498744936,0,0.0,2,lagged,50.0
2172,8,1.0,10,2,4,-0.1515998866249054,0,0.0,2,semicol,
2173,8,1.0,10,2,1,-0.14505620254510732,0,0.0,2,lagged,20.0
2174,8,1.0,50,2,4,-0.18554531065233584,0,0.0,2,semicol,
2175,8,1.0,50,2,1,-0.21559840543067138,0,0.0,2,lagged,30.0
2176,8,1.0,100,2,2,-0.20133406941218968,1,0.0,2,semicol,
2177,8,1.0,100,2,1,-0.19095217175835405,0,0.0,2,lagged,20.0
2178,8,0.1,10,2,1,-0.2671544874207772,0,0.10912340059539855,3,semicol,
2179,8,0.1,10,2,2,-0.2018358572094651,1,0.23966260016564625,3,lagged,20.0
2180,8,0.1,50,2,4,-0.17201903073445804,0,0.1720583664318961,3,semicol,
2181,8,0.1,50,2,1,-0.186769181509453,0,0.1343479021788509,3,lagged,30.0
2182,8,0.1,100,2,3,-0.20663901421594827,0,0.20496923237618495,3,semicol,
2183,8,0.1,100,2,1,-0.225708806312798,0,0.3650167843364096,3,lagged,20.0
2184,8,0.5,10,2,4,-0.2086667488350718,0,0.4391104559583725,3,semicol,
2185,8,0.5,10,2,1,-0.27408106965482526,0,0.7193360950887793,3,lagged,0.0
2186,8,0.5,50,2,2,-0.2278412995910638,1,0.5338739013421925,3,semicol,
2187,8,0.5,50,2,2,-0.22635334982353286,1,0.5473068618619914,3,lagged,30.0
2188,8,0.5,100,2,2,-0.2106837824216774,1,0.4557031892404902,3,semicol,
2189,8,0.5,100,2,1,-0.24181364737252337,0,0.6301722167776718,3,lagged,20.0
2190,8,1.0,10,2,2,-0.28313905253480115,1,0.7603971119359232,3,semicol,
2191,8,1.0,10,2,1,-0.18058821641667472,0,0.5840573982997211,3,lagged,20.0
2192,8,1.0,50,2,4,-0.23324682027309251,0,0.8276599766127374,3,semicol,
2193,8,1.0,50,2,3,-0.20881869921685128,0,0.765531510697036,3,lagged,50.0
2194,8,1.0,100,2,2,-0.20345986861280307,1,0.6643253292629165,3,semicol,
2195,8,1.0,100,2,1,-0.23929422144934884,0,0.7891668067001317,3,lagged,20.0
2196,8,0.1,10,2,1,-0.30810384168761396,0,0.3305095258073784,4,semicol,
2197,8,0.1,10,2,2,-0.2151403376672921,1,0.1318583296155329,4,lagged,50.0
2198,8,0.1,50,2,3,-0.20367585525244916,0,0.22029639937097895,4,semicol,
2199,8,0.1,50,2,1,-0.23569553453635245,0,0.397252421347996,4,lagged,50.0
2200,8,0.1,100,2,2,-0.2300819770850516,1,0.2738549288474944,4,semicol,
2201,8,0.1,100,2,1,-0.23134324144635918,0,0.171141635888128,4,lagged,20.0
2202,8,0.5,10,2,2,-0.22654518810727275,1,0.6301084414291929,4,semicol,
2203,8,0.5,10,2,1,-0.20938720005904252,0,0.7028836352638801,4,lagged,30.0
2204,8,0.5,50,2,2,-0.20370502629341072,1,0.6202508472252172,4,semicol,
2205,8,0.5,50,2,1,-0.2096239996189157,0,0.5832250344833527,4,lagged,20.0
2206,8,0.5,100,2,2,-0.19905381290876667,1,0.5346874083674609,4,semicol,
2207,8,0.5,100,2,2,-0.2363574730348698,1,0.510211572803536,4,lagged,50.0
2208,8,1.0,10,2,1,-0.2862443429126785,0,0.6916432135444383,4,semicol,
2209,8,1.0,10,2,1,-0.27075741954695925,0,0.8156832640082388,4,lagged,20.0
2210,8,1.0,50,2,2,-0.23250459265083018,1,0.7967088484831404,4,semicol,
2211,8,1.0,50,2,1,-0.19043968994769184,0,0.7741977830287703,4,lagged,20.0
2212,8,1.0,100,2,2,-0.2556107416926658,1,0.7288196106120586,4,semicol,
2213,8,1.0,100,2,2,-0.23800549373215202,1,0.7298975688502156,4,lagged,50.0
2214,8,0.1,10,2,2,-0.2366759443421992,1,0.22778630950514642,5,semicol,
2215,8,0.1,10,2,1,-0.24822224049871872,0,0.3525020792827175,5,lagged,0.0
2216,8,0.1,50,2,2,-0.22543218824398595,1,0.23512509832268205,5,semicol,
2217,8,0.1,50,2,2,-0.19139759220554128,1,0.29185096837352675,5,lagged,50.0
2218,8,0.1,100,2,1,-0.21664677005704513,0,0.30023869736724307,5,semicol,
2219,8,0.1,100,2,1,-0.23907704477402603,0,0.2818464498193001,5,lagged,20.0
2220,8,0.5,10,2,1,-0.3236349600081291,0,0.6451176705522711,5,semicol,
2221,8,0.5,10,2,1,-0.25762419142297965,0,0.6412995523540981,5,lagged,20.0
2222,8,0.5,50,2,2,-0.2567536044467406,1,0.6517424915924066,5,semicol,
2223,8,0.5,50,2,1,-0.2802573329539985,0,0.6388851802315368,5,lagged,30.0
2224,8,0.5,100,2,2,-0.2437531151230537,1,0.5671973631519848,5,semicol,
2225,8,0.5,100,2,1,-0.23249941338397234,0,0.6888144381137308,5,lagged,20.0
2226,8,1.0,10,2,1,-0.2254898005795409,0,0.7808987785583829,5,semicol,
2227,8,1.0,10,2,2,-0.32572038794077723,1,0.796583315647052,5,lagged,20.0
2228,8,1.0,50,2,2,-0.2760383645809247,1,0.8372614540613942,5,semicol,
2229,8,1.0,50,2,2,-0.23763018098234082,1,0.8017280291764695,5,lagged,50.0
2230,8,1.0,100,2,2,-0.26282202259818166,1,0.7716121285347218,5,semicol,
2231,8,1.0,100,2,1,-0.24969476113324343,0,0.734254379616188,5,lagged,20.0
2232,8,0.1,10,3,3,-0.1676746360007252,1,0.0,2,semicol,
2233,8,0.1,10,3,1,-0.1640333278385237,0,0.0,2,lagged,20.0
2234,8,0.1,50,3,4,-0.17893800141486169,0,0.0,2,semicol,
2235,8,0.1,50,3,3,-0.14604715768197246,1,0.0,2,lagged,50.0
2236,8,0.1,100,3,3,-0.20437990240843856,1,0.0,2,semicol,
2237,8,0.1,100,3,4,-0.19584038086986158,0,0.0,2,lagged,20.0
2238,8,0.5,10,3,4,-0.19848793162112335,0,0.0,2,semicol,
2239,8,0.5,10,3,3,-0.14692220569260933,1,0.0,2,lagged,50.0
2240,8,0.5,50,3,3,-0.1829656956396082,1,0.0,2,semicol,
2241,8,0.5,50,3,3,-0.20216795868889506,1,0.0,2,lagged,50.0
2242,8,0.5,100,3,4,-0.19189857549129596,0,0.0,2,semicol,
2243,8,0.5,100,3,1,-0.19034886483467692,0,0.0,2,lagged,20.0
2244,8,1.0,10,3,1,-0.2277628729607291,0,0.0,2,semicol,
2245,8,1.0,10,3,1,-0.23777108589012055,0,0.0,2,lagged,20.0
2246,8,1.0,50,3,3,-0.19036590767793252,1,0.0,2,semicol,
2247,8,1.0,50,3,3,-0.17957902610178933,1,0.0,2,lagged,20.0
2248,8,1.0,100,3,2,-0.19807865681741174,0,0.0,2,semicol,
2249,8,1.0,100,3,3,-0.1926587181313144,1,0.0,2,lagged,50.0
2250,8,0.1,10,3,4,-0.18767248565592504,0,0.14170717458163193,3,semicol,
2251,8,0.1,10,3,1,-0.13255521641000678,0,0.18224166343248582,3,lagged,20.0
2252,8,0.1,50,3,3,-0.2256571475322837,1,0.13016101164157956,3,semicol,
2253,8,0.1,50,3,2,-0.23204818116783554,0,0.16111188799088672,3,lagged,50.0
2254,8,0.1,100,3,3,-0.2334285182242784,1,0.312343134606683,3,semicol,
2255,8,0.1,100,3,2,-0.20946114773045152,0,0.16683208436579278,3,lagged,20.0
2256,8,0.5,10,3,2,-0.23732978627608398,0,0.5405071688210177,3,semicol,
2257,8,0.5,10,3,2,-0.2198123210673942,0,0.5184991713275843,3,lagged,50.0
2258,8,0.5,50,3,3,-0.2083691398687728,1,0.45122000695354686,3,semicol,
2259,8,0.5,50,3,2,-0.19919594425637693,0,0.49740900434025226,3,lagged,20.0
2260,8,0.5,100,3,3,-0.21909081406515307,1,0.6912117234713895,3,semicol,
2261,8,0.5,100,3,3,-0.2137320591446493,1,0.5886560111966312,3,lagged,30.0
2262,8,1.0,10,3,2,-0.2536193781476816,0,0.7673102359013088,3,semicol,
2263,8,1.0,10,3,1,-0.24153878116020522,0,0.7296519154436687,3,lagged,50.0
2264,8,1.0,50,3,2,-0.2509352636482705,0,0.7807920834299684,3,semicol,
2265,8,1.0,50,3,1,-0.23027633065527134,0,0.7860638350627167,3,lagged,20.0
2266,8,1.0,100,3,2,-0.20944302621040023,0,0.6013460953313825,3,semicol,
2267,8,1.0,100,3,3,-0.2062152275517725,1,0.7357979549344696,3,lagged,50.0
2268,8,0.1,10,3,3,-0.22940270534868357,1,0.27802429604484435,4,semicol,
2269,8,0.1,10,3,1,-0.18300195065214575,0,0.2110727095456521,4,lagged,50.0
2270,8,0.1,50,3,3,-0.27660687056466143,1,0.2613505008442646,4,semicol,
2271,8,0.1,50,3,2,-0.24402159583068556,0,0.25438172460025144,4,lagged,30.0
2272,8,0.1,100,3,3,-0.22014249881604075,1,0.17968212769354097,4,semicol,
2273,8,0.1,100,3,2,-0.2198687697348936,0,0.18588326403536098,4,lagged,50.0
2274,8,0.5,10,3,1,-0.223194586495683,0,0.6443910835525408,4,semicol,
2275,8,0.5,10,3,1,-0.2181295439806262,0,0.5929131403359649,4,lagged,50.0
2276,8,0.5,50,3,3,-0.259106567223804,1,0.6170304898967136,4,semicol,
2277,8,0.5,50,3,2,-0.2175366705368962,0,0.5990398224152302,4,lagged,50.0
2278,8,0.5,100,3,3,-0.2207514336599142,1,0.618030062920607,4,semicol,
2279,8,0.5,100,3,1,-0.24051293098846888,0,0.6385161195944373,4,lagged,20.0
2280,8,1.0,10,3,1,-0.30420237315984694,0,0.7494054642585314,4,semicol,
2281,8,1.0,10,3,1,-0.16665104856264104,0,0.7742635173855392,4,lagged,20.0
2282,8,1.0,50,3,2,-0.28863086120026465,0,0.7348161439666117,4,semicol,
2283,8,1.0,50,3,1,-0.24267540375269184,0,0.7923684368435604,4,lagged,50.0
2284,8,1.0,100,3,3,-0.23725051408571818,1,0.7521402997935459,4,semicol,
2285,8,1.0,100,3,1,-0.23603837701551342,0,0.7863167354059977,4,lagged,30.0
2286,8,0.1,10,3,1,-0.32957057840956083,0,0.2486516011499681,5,semicol,
2287,8,0.1,10,3,2,-0.2485231357535337,0,0.27862002706883715,5,lagged,30.0
2288,8,0.1,50,3,4,-0.26174492087510043,0,0.2823834102863786,5,semicol,
2289,8,0.1,50,3,1,-0.20168042350711826,0,0.29618758638332054,5,lagged,50.0
2290,8,0.1,100,3,2,-0.2673796713576649,0,0.29251885042910236,5,semicol,
2291,8,0.1,100,3,1,-0.23158683819056292,0,0.2493884258982482,5,lagged,20.0
2292,8,0.5,10,3,1,-0.2611572542667832,0,0.628899798669696,5,semicol,
2293,8,0.5,10,3,2,-0.14409336960599717,0,0.6317207782541918,5,lagged,50.0
2294,8,0.5,50,3,2,-0.29961451470216643,0,0.6302852281269125,5,semicol,
2295,8,0.5,50,3,1,-0.24551644283778576,0,0.6523583508943998,5,lagged,20.0
2296,8,0.5,100,3,2,-0.28059465486106966,0,0.6546488700826897,5,semicol,
2297,8,0.5,100,3,1,-0.23258134352081164,0,0.6412856157542356,5,lagged,50.0
2298,8,1.0,10,3,1,-0.292898591240816,0,0.7755858259850519,5,semicol,
2299,8,1.0,10,3,1,-0.24808672267397028,0,0.7989577322713342,5,lagged,50.0
2300,8,1.0,50,3,2,-0.26233671490945726,0,0.7847300211600583,5,semicol,
2301,8,1.0,50,3,1,-0.19797480784038113,0,0.8008639770694613,5,lagged,30.0
2302,8,1.0,100,3,2,-0.2696740459149667,0,0.7989755782989829,5,semicol,
2303,8,1.0,100,3,1,-0.25195304194635826,0,0.7848437791472822,5,lagged,20.0
2304,9,0.1,10,0,0,-6.249941406765764e-06,1,7.015009299292076e-06,2,semicol,
2305,9,0.1,10,0,0,-6.249941406765764e-06,1,0.0006175261718813646,2,lagged,0.0
2306,9,0.1,50,0,0,-1.2499976562546753e-06,1,3.437437605078641e-07,2,semicol,
2307,9,0.1,50,0,2,-0.5480811329881888,0,0.796058423583588,2,lagged,50.0
2308,9,0.1,100,0,2,-0.0030427741688200402,0,0.006264888366112207,2,semicol,
2309,9,0.1,100,0,3,-0.4664585229661074,0,0.6958343659033026,2,lagged,50.0
2310,9,0.5,10,0,0,-0.5206757572265128,1,0.7507626081269608,2,semicol,
2311,9,0.5,10,0,1,-0.6282687093935676,0,0.9204268992208449,2,lagged,20.0
2312,9,0.5,50,0,0,-1.2499976562546753e-06,1,0.001870029560246114,2,semicol,
2313,9,0.5,50,0,0,-0.6825925552134054,1,0.9726246826969772,2,lagged,0.0
2314,9,0.5,100,0,2,-0.657441877751697,0,0.9582095842244454,2,semicol,
2315,9,0.5,100,0,1,-0.48523699280588484,0,0.6939282552922317,2,lagged,0.0
2316,9,1.0,10,0,4,-0.6931499065140632,0,0.996227044121044,2,semicol,
2317,9,1.0,10,0,3,-0.6936143199312113,0,0.9998161519617144,2,lagged,50.0
2318,9,1.0,50,0,4,-0.6898518871415478,0,0.9911541031468317,2,semicol,
2319,9,1.0,50,0,3,-0.6921693210669534,0,0.9996528966035233,2,lagged,20.0
2320,9,1.0,100,0,1,-0.6385684319119174,0,0.9179543787429643,2,semicol,
2321,9,1.0,100,0,2,-0.6720459885973844,0,0.9659126991801323,2,lagged,20.0
2322,9,0.1,10,0,2,-0.13467237093517956,0,0.12581039413172168,3,semicol,
2323,9,0.1,10,0,3,-0.17067965895919207,0,0.25673348486190983,3,lagged,50.0
2324,9,0.1,50,0,4,-0.02961580700559729,0,0.02705058199226228,3,semicol,
2325,9,0.1,50,0,1,-0.43530227534829286,0,0.37671988807096307,3,lagged,20.0
2326,9,0.1,100,0,4,-0.14013271701675387,0,0.14340774309417398,3,semicol,
2327,9,0.1,100,0,3,-0.1432390050230672,0,0.14882169419205765,3,lagged,50.0
2328,9,0.5,10,0,0,-0.6165680938852044,1,0.5788422655678934,3,semicol,
2329,9,0.5,10,0,3,-0.5029607208461958,0,0.44925067977327154,3,lagged,30.0
2330,9,0.5,50,0,4,-0.37237808057558847,0,0.3436495853985416,3,semicol,
2331,9,0.5,50,0,2,-0.7169012215650064,0,0.6494268634002976,3,lagged,50.0
2332,9,0.5,100,0,3,-0.4869808067235539,0,0.4462462867683279,3,semicol,
2333,9,0.5,100,0,3,-0.6826545110224707,0,0.6367609540102337,3,lagged,50.0
2334,9,1.0,10,0,0,-1.0745559518033319,1,0.9856525064031705,3,semicol,
2335,9,1.0,10,0,1,-0.7044062729654386,0,0.6730251178771313,3,lagged,20.0
2336,9,1.0,50,0,0,-0.8475673112390151,1,0.7716282678079678,3,semicol,
2337,9,1.0,50,0,3,-0.8722702317975489,0,0.8056080312950388,3,lagged,50.0
2338,9,1.0,100,0,3,-0.8555176812807413,0,0.7732215496161597,3,semicol,
2339,9,1.0,100,0,2,-0.9419544942293618,0,0.8524587488461266,3,lagged,20.0
2340,9,0.1,10,0,4,-0.012411864387120369,0,0.05885879275512968,4,semicol,
2341,9,0.1,10,0,1,-0.42236289366742724,0,0.39348972020338857,4,lagged,30.0
2342,9,0.1,50,0,2,-0.35412593338177306,0,0.23913654480711566,4,semicol,
2343,9,0.1,50,0,4,-0.1355935752683763,0,0.10688882532520581,4,lagged,30.0
2344,9,0.1,100,0,0,-0.6672458337322511,1,0.46697532765978306,4,semicol,
2345,9,0.1,100,0,3,-0.00028686546699760354,0,0.0028836085039677943,4,lagged,50.0
2346,9,0.5,10,0,0,-0.9178435900966871,1,0.6577934916410385,4,semicol,
2347,9,0.5,10,0,1,-0.799997078470313,0,0.5700695048874326,4,lagged,20.0
2348,9,0.5,50,0,0,-1.006570680980018,1,0.7217684884480566,4,semicol,
2349,9,0.5,50,0,4,-0.5777240692464346,0,0.4324224347663086,4,lagged,30.0
2350,9,0.5,100,0,0,-1.028788099998727,1,0.7407606702447581,4,semicol,
2351,9,0.5,100,0,1,-1.0904595712545206,0,0.7973086527283547,4,lagged,0.0
2352,9,1.0,10,0,2,-1.095614119224656,0,0.7764706622548344,4,semicol,
2353,9,1.0,10,0,0,-1.207717748636927,1,0.8676050225373035,4,lagged,0.0
2354,9,1.0,50,0,1,-0.5410437790042666,0,0.40377485342197156,4,semicol,
2355,9,1.0,50,0,1,-1.1509840934320137,0,0.8403741082375009,4,lagged,20.0
2356,9,1.0,100,0,0,-1.3278191981631973,1,0.9528845932676929,4,semicol,
2357,9,1.0,100,0,0,-1.1955288336600778,1,0.8638184504868285,4,lagged,0.0
2358,9,0.1,10,0,0,-2.4999531260090636e-05,1,0.0002274359611103862,5,semicol,
2359,9,0.1,10,0,0,-0.4705290147635532,1,0.24889418184878445,5,lagged,0.0
2360,9,0.1,50,0,2,-0.3210622238589108,0,0.20499764768697346,5,semicol,
2361,9,0.1,50,0,1,-0.7008643401156681,0,0.43641679523353516,5,lagged,0.0
2362,9,0.1,100,0,0,-0.6561185248957266,1,0.40551361733506275,5,semicol,
2363,9,0.1,100,0,3,-1.3271026272241213,0,0.8268674036548992,5,lagged,30.0
2364,9,0.5,10,0,0,-1.0144570918221891,1,0.6608500980834995,5,semicol,
2365,9,0.5,10,0,0,-0.8186613642101497,1,0.5294809232801301,5,lagged,0.0
2366,9,0.5,50,0,0,-1.0910930971903643,1,0.6836698230636628,5,semicol,
2367,9,0.5,50,0,1,-1.1463999236871287,0,0.7148947637481821,5,lagged,50.0
2368,9,0.5,100,0,0,-1.4899735302728851,1,0.9241262905644196,5,semicol,
2369,9,0.5,100,0,0,-1.207544763133814,1,0.7609403748643349,5,lagged,0.0
2370,9,1.0,10,0,0,-1.350160283263461,1,0.8306396162650662,5,semicol,
2371,9,1.0,10,0,1,-1.5203721247010586,0,0.9362285308375937,5,lagged,50.0
2372,9,1.0,50,0,0,-1.3239162397030104,1,0.8289485636007629,5,semicol,
2373,9,1.0,50,0,1,-1.1994673691111504,0,0.7566943371970295,5,lagged,30.0
2374,9,1.0,100,0,2,-0.9703456184312875,0,0.6065416903555373,5,semicol,
2375,9,1.0,100,0,2,-0.797630673196335,0,0.5043843967370173,5,lagged,50.0
2376,9,0.1,10,1,4,-0.2497258738081811,0,0.0,2,semicol,
2377,9,0.1,10,1,2,-0.23304923704518546,0,0.0,2,lagged,20.0
2378,9,0.1,50,1,4,-0.20093662163806422,0,0.0,2,semicol,
2379,9,0.1,50,1,2,-0.19146819933640205,0,0.0,2,lagged,50.0
2380,9,0.1,100,1,4,-0.19801185615825545,0,0.0,2,semicol,
2381,9,0.1,100,1,3,-0.17057068765247643,0,0.0,2,lagged,30.0
2382,9,0.5,10,1,4,-0.1623755673128851,0,0.0,2,semicol,
2383,9,0.5,10,1,3,-0.1547247434236975,0,0.0,2,lagged,50.0
2384,9,0.5,50,1,3,-0.23765520802137322,0,0.0,2,semicol,
2385,9,0.5,50,1,1,-0.20343344457767157,1,0.0,2,lagged,20.0
2386,9,0.5,100,1,4,-0.19622650291754193,0,0.0,2,semicol,
2387,9,0.5,100,1,2,-0.1810136128268724,0,0.0,2,lagged,30.0
2388,9,1.0,10,1,4,-0.20357940453010853,0,0.0,2,semicol,
2389,9,1.0,10,1,3,-0.13830075015305413,0,0.0,2,lagged,50.0
2390,9,1.0,50,1,1,-0.1806702533047267,1,0.0,2,semicol,
2391,9,1.0,50,1,2,-0.1880135977341391,0,0.0,2,lagged,50.0
2392,9,1.0,100,1,2,-0.18131562688883712,0,0.0,2,semicol,
2393,9,1.0,100,1,3,-0.1923033444039331,0,0.0,2,lagged,30.0
2394,9,0.1,10,1,4,-0.17565792581853262,0,0.09557297084375044,3,semicol,
2395,9,0.1,10,1,1,-0.19944317218344848,1,0.19638428801212893,3,lagged,50.0
2396,9,0.1,50,1,2,-0.20335921721080213,0,0.23176936505940812,3,semicol,
2397,9,0.1,50,1,2,-0.18379990622265427,0,0.04863660552301152,3,lagged,30.0
2398,9,0.1,100,1,4,-0.21907016370390894,0,0.19622145555296924,3,semicol,
2399,9,0.1,100,1,1,-0.2287489792302612,1,0.56974982805709,3,lagged,20.0
2400,9,0.5,10,1,1,-0.2847047721810601,1,0.5622550091444952,3,semicol,
2401,9,0.5,10,1,2,-0.16204531291902,0,0.8027639721557112,3,lagged,50.0
2402,9,0.5,50,1,2,-0.20805365806137965,0,0.5282447666230721,3,semicol,
2403,9,0.5,50,1,1,-0.2551457119772337,1,0.39995790852778557,3,lagged,20.0
2404,9,0.5,100,1,1,-0.23009466448797003,1,0.35162202505487494,3,semicol,
2405,9,0.5,100,1,1,-0.2134373214822465,1,0.6233253854189965,3,lagged,20.0
2406,9,1.0,10,1,3,-0.12849336463114927,0,0.4483588851461115,3,semicol,
2407,9,1.0,10,1,2,-0.21252364462658882,0,0.623579132763056,3,lagged,50.0
2408,9,1.0,50,1,2,-0.22729243622306983,0,0.6975100276120182,3,semicol,
2409,9,1.0,50,1,1,-0.21520232240870943,1,0.58438777113071,3,lagged,20.0
2410,9,1.0,100,1,1,-0.23756544843703767,1,0.7624943818995691,3,semicol,
2411,9,1.0,100,1,2,-0.20405316185334368,0,0.6473301926299436,3,lagged,50.0
2412,9,0.1,10,1,3,-0.15321476447046162,0,0.2526525492367587,4,semicol,
2413,9,0.1,10,1,1,-0.18122895731799393,1,0.2199793394044475,4,lagged,20.0
2414,9,0.1,50,1,1,-0.21390423372124426,1,0.3510948232531087,4,semicol,
2415,9,0.1,50,1,1,-0.24441295088229908,1,0.4711541873424129,4,lagged,30.0
2416,9,0.1,100,1,2,-0.22129901191966594,0,0.396060865133725,4,semicol,
2417,9,0.1,100,1,1,-0.17031360891940622,1,0.022448313010509906,4,lagged,30.0
2418,9,0.5,10,1,4,-0.14815538374148426,0,0.4357202195505325,4,semicol,
2419,9,0.5,10,1,1,-0.22416881787386633,1,0.6795721735636612,4,lagged,20.0
2420,9,0.5,50,1,1,-0.24472140616510638,1,0.7392032723865593,4,semicol,
2421,9,0.5,50,1,1,-0.2403760477892935,1,0.6949526819838681,4,lagged,20.0
2422,9,0.5,100,1,2,-0.23096209495062492,0,0.5655767797313304,4,semicol,
2423,9,0.5,100,1,1,-0.22845772995468883,1,0.5450990021030888,4,lagged,20.0
2424,9,1.0,10,1,1,-0.3368653156263156,1,0.7684945254362373,4,semicol,
2425,9,1.0,10,1,1,-0.2088229554637948,1,0.8347286101150518,4,lagged,50.0
2426,9,1.0,50,1,1,-0.28120939138116297,1,0.8105117928379171,4,semicol,
2427,9,1.0,50,1,2,-0.22292843895586784,0,0.7764068540569449,4,lagged,30.0
2428,9,1.0,100,1,2,-0.23432586398257493,0,0.7976340576781815,4,semicol,
2429,9,1.0,100,1,2,-0.20601075904134356,0,0.7503590715844556,4,lagged,30.0
2430,9,0.1,10,1,1,-0.19644565940378594,1,0.10519290950865592,5,semicol,
2431,9,0.1,10,1,2,-0.15340307769890502,0,0.3380631800474038,5,lagged,20.0
2432,9,0.1,50,1,1,-0.23679305024267291,1,0.16305141833537382,5,semicol,
2433,9,0.1,50,1,2,-0.17796860402435297,0,0.07166811701176268,5,lagged,50.0
2434,9,0.1,100,1,1,-0.22921439777844305,1,0.29501385582822515,5,semicol,
2435,9,0.1,100,1,1,-0.18877319891026195,1,0.22910221579033788,5,lagged,50.0
2436,9,0.5,10,1,1,-0.29022780384367086,1,0.6105201356125787,5,semicol,
2437,9,0.5,10,1,2,-0.18499419776096074,0,0.4529652339865676,5,lagged,30.0
2438,9,0.5,50,1,1,-0.2666821802409728,1,0.6109640607606093,5,semicol,
2439,9,0.5,50,1,1,-0.28723455330026443,1,0.6596936387148232,5,lagged,30.0
2440,9,0.5,100,1,1,-0.26335636253849026,1,0.7823419968565261,5,semicol,
2441,9,0.5,100,1,1,-0.2394921979456286,1,0.7887946567577933,5,lagged,30.0
2442,9,1.0,10,1,1,-0.21894939472344171,1,0.8101716501711387,5,semicol,
2443,9,1.0,10,1,1,-0.24894831449120508,1,0.7537105351988741,5,lagged,50.0
2444,9,1.0,50,1,2,-0.28139130530674206,0,0.8926807935782627,5,semicol,
2445,9,1.0,50,1,1,-0.23329506125172528,1,0.8109203197426155,5,lagged,50.0
2446,9,1.0,100,1,1,-0.2457341908930195,1,0.8298195691863107,5,semicol,
2447,9,1.0,100,1,1,-0.2556083379522428,1,0.8454707623717294,5,lagged,30.0
2448,9,0.1,10,2,1,-0.17617371843031077,0,0.0,2,semicol,
2449,9,0.1,10,2,2,-0.13496487143566957,1,0.0,2,lagged,50.0
2450,9,0.1,50,2,4,-0.21206097343906835,0,0.0,2,semicol,
2451,9,0.1,50,2,1,-0.21598488555964365,0,0.0,2,lagged,50.0
2452,9,0.1,100,2,4,-0.2022595521121404,0,0.0,2,semicol,
2453,9,0.1,100,2,3,-0.17019752372260408,0,0.0,2,lagged,50.0
2454,9,0.5,10,2,4,-0.16298337614499828,0,0.0,2,semicol,
2455,9,0.5,10,2,3,-0.08604198396387978,0,0.0,2,lagged,50.0
2456,9,0.5,50,2,4,-0.1768208764893059,0,0.0,2,semicol,
2457,9,0.5,50,2,3,-0.15120509630339202,0,0.0,2,lagged,50.0
2458,9,0.5,100,2,2,-0.18674638169816735,1,0.0,2,semicol,
2459,9,0.5,100,2,3,-0.16699091995583965,0,0.0,2,lagged,50.0
2460,9,1.0,10,2,2,-0.27866776393035425,1,0.0,2,semicol,
2461,9,1.0,10,2,4,-0.09921402862955152,0,0.0,2,lagged,30.0
2462,9,1.0,50,2,4,-0.18466278206763326,0,0.0,2,semicol,
2463,9,1.0,50,2,4,-0.2158084379896125,0,0.0,2,lagged,30.0
2464,9,1.0,100,2,2,-0.18347587369156176,1,0.0,2,semicol,
2465,9,1.0,100,2,4,-0.18797527544166695,0,0.0,2,lagged,20.0
2466,9,0.1,10,2,2,-0.2832801458801011,1,0.19300727374839957,3,semicol,
2467,9,0.1,10,2,2,-0.1614035031073272,1,0.211726287059299,3,lagged,50.0
2468,9,0.1,50,2,3,-0.20076746432676054,0,0.4431183232589697,3,semicol,
2469,9,0.1,50,2,1,-0.19619519075829223,0,0.29324444200505123,3,lagged,50.0
2470,9,0.1,100,2,2,-0.22015866631672934,1,0.4295850016818948,3,semicol,
2471,9,0.1,100,2,1,-0.20203148357124562,0,0.0587609360631416,3,lagged,20.0
2472,9,0.5,10,2,2,-0.23572171823343488,1,0.4961811576694514,3,semicol,
2473,9,0.5,10,2,1,-0.28427956871019777,0,0.5523118579547118,3,lagged,20.0
2474,9,0.5,50,2,2,-0.23009450608893137,1,0.48457203673717303,3,semicol,
2475,9,0.5,50,2,3,-0.188111190969548,0,0.7871722870448762,3,lagged,50.0
2476,9,0.5,100,2,2,-0.2154096116244919,1,0.5800746938586037,3,semicol,
2477,9,0.5,100,2,3,-0.17908269851782,0,0.6288163998478217,3,lagged,50.0
2478,9,1.0,10,2,1,-0.2202038041454065,0,0.7311246676962155,3,semicol,
2479,9,1.0,10,2,1,-0.22918555277739133,0,0.7080760800136326,3,lagged,30.0
2480,9,1.0,50,2,2,-0.25356897757294994,1,0.8333093782367292,3,semicol,
2481,9,1.0,50,2,2,-0.20359931355911173,1,0.8781173145334796,3,lagged,50.0
2482,9,1.0,100,2,2,-0.234464357810622,1,0.7316008062112805,3,semicol,
2483,9,1.0,100,2,2,-0.2052471078437707,1,0.6881810522586682,3,lagged,50.0
2484,9,0.1,10,2,1,-0.2794768970549768,0,0.22534695808604108,4,semicol,
2485,9,0.1,10,2,1,-0.24617762710711674,0,0.173597560927135,4,lagged,50.0
2486,9,0.1,50,2,2,-0.21354044470082534,1,0.24172258571826077,4,semicol,
2487,9,0.1,50,2,3,-0.19059874964461693,0,0.24234723563983057,4,lagged,50.0
2488,9,0.1,100,2,2,-0.2085177016247431,1,0.20201426571584993,4,semicol,
2489,9,0.1,100,2,1,-0.22339133305208614,0,0.39675480205868174,4,lagged,20.0
2490,9,0.5,10,2,2,-0.28898999007985604,1,0.5605492592445198,4,semicol,
2491,9,0.5,10,2,1,-0.25428476160997737,0,0.5415815224008416,4,lagged,20.0
2492,9,0.5,50,2,2,-0.26499971630986047,1,0.6576100914276712,4,semicol,
2493,9,0.5,50,2,1,-0.2611937335911084,0,0.6286443970811033,4,lagged,20.0
2494,9,0.5,100,2,2,-0.22920391554617617,1,0.5888448412475042,4,semicol,
2495,9,0.5,100,2,1,-0.21841775451671575,0,0.568981163756751,4,lagged,30.0
2496,9,1.0,10,2,2,-0.16095663974908528,1,0.7546656216604708,4,semicol,
2497,9,1.0,10,2,1,-0.2596151776603817,0,0.7381551935196741,4,lagged,20.0
2498,9,1.0,50,2,2,-0.22891273580410534,1,0.7880387260332714,4,semicol,
2499,9,1.0,50,2,1,-0.23496434937250515,0,0.8007578271638048,4,lagged,50.0
2500,9,1.0,100,2,2,-0.23090586887856135,1,0.8061819389573059,4,semicol,
2501,9,1.0,100,2,2,-0.2377774923088652,1,0.7983296072267505,4,lagged,50.0
2502,9,0.1,10,2,2,-0.2813966537122937,1,0.16593660843685043,5,semicol,
2503,9,0.1,10,2,1,-0.16769436511188351,0,0.2437049161668661,5,lagged,50.0
2504,9,0.1,50,2,2,-0.1810614080776157,1,0.23512086822289655,5,semicol,
2505,9,0.1,50,2,2,-0.15461591898284288,1,0.24954740939866138,5,lagged,50.0
2506,9,0.1,100,2,3,-0.21259246071533638,0,0.2982819675420528,5,semicol,
2507,9,0.1,100,2,1,-0.22398336672175795,0,0.2919664705047749,5,lagged,20.0
2508,9,0.5,10,2,2,-0.22803009673359076,1,0.6929116935712879,5,semicol,
2509,9,0.5,10,2,1,-0.26066007567602145,0,0.5786396823141142,5,lagged,50.0
2510,9,0.5,50,2,2,-0.28452330257921354,1,0.6406684118083591,5,semicol,
2511,9,0.5,50,2,1,-0.27519801908708985,0,0.602903313713971,5,lagged,50.0
2512,9,0.5,100,2,2,-0.24382301222704614,1,0.706683675905389,5,semicol,
2513,9,0.5,100,2,1,-0.2410934600811221,0,0.6755954329880646,5,lagged,50.0
2514,9,1.0,10,2,2,-0.39335534714651615,1,0.735137434567172,5,semicol,
2515,9,1.0,10,2,1,-0.24250576955258546,0,0.722082159063731,5,lagged,20.0
2516,9,1.0,50,2,2,-0.26082350935581594,1,0.7739567624384158,5,semicol,
2517,9,1.0,50,2,1,-0.25097778074753907,0,0.7864792693321411,5,lagged,30.0
2518,9,1.0,100,2,2,-0.2704801734657316,1,0.7838610499072577,5,semicol,
2519,9,1.0,100,2,1,-0.25927244366007396,0,0.8297545749045504,5,lagged,30.0
2520,9,0.1,10,3,3,-0.19083985304032708,1,0.0,2,semicol,
2521,9,0.1,10,3,1,-0.1775699150037201,0,0.0,2,lagged,20.0
2522,9,0.1,50,3,4,-0.20388368525772066,0,0.0,2,semicol,
2523,9,0.1,50,3,4,-0.17303300034811628,0,0.0,2,lagged,30.0
2524,9,0.1,100,3,4,-0.19931812190317386,0,0.0,2,semicol,
2525,9,0.1,100,3,1,-0.2060745687125857,0,0.0,2,lagged,20.0
2526,9,0.5,10,3,2,-0.19261859127488562,0,0.0,2,semicol,
2527,9,0.5,10,3,3,-0.11579481947186158,1,0.0,2,lagged,50.0
2528,9,0.5,50,3,4,-0.18300877338579832,0,0.0,2,semicol,
2529,9,0.5,50,3,1,-0.18152133581504412,0,0.0,2,lagged,50.0
2530,9,0.5,100,3,2,-0.20294032578820342,0,0.0,2,semicol,
2531,9,0.5,100,3,1,-0.20459640368859822,0,0.0,2,lagged,30.0
2532,9,1.0,10,3,3,-0.16029865848229907,1,0.0,2,semicol,
2533,9,1.0,10,3,1,-0.23728584270750544,0,0.0,2,lagged,20.0
2534,9,1.0,50,3,4,-0.20592481217420652,0,0.0,2,semicol,
2535,9,1.0,50,3,4,-0.1802736642864878,0,0.0,2,lagged,30.0
2536,9,1.0,100,3,3,-0.20068687281187547,1,0.0,2,semicol,
2537,9,1.0,100,3,3,-0.1761251928308612,1,0.0,2,lagged,50.0
2538,9,0.1,10,3,2,-0.22705057423924713,0,0.28713685869485517,3,semicol,
2539,9,0.1,10,3,2,-0.1697859843905795,0,0.2717139249794919,3,lagged,20.0
2540,9,0.1,50,3,3,-0.20966103981925843,1,0.17615093803383777,3,semicol,
2541,9,0.1,50,3,2,-0.21673100173046053,0,0.1814473588528063,3,lagged,30.0
2542,9,0.1,100,3,3,-0.214814620255487,1,0.1924376568509191,3,semicol,
2543,9,0.1,100,3,1,-0.20391913190520647,0,0.3042033043609856,3,lagged,20.0
2544,9,0.5,10,3,3,-0.2465675226427337,1,0.6194333080798216,3,semicol,
2545,9,0.5,10,3,1,-0.22012283636981067,0,0.46527326726057877,3,lagged,30.0
2546,9,0.5,50,3,3,-0.20610296223315083,1,0.4585659443515063,3,semicol,
2547,9,0.5,50,3,1,-0.2264007587155599,0,0.6672758839671062,3,lagged,30.0
2548,9,0.5,100,3,3,-0.22484238489005212,1,0.5215790980444965,3,semicol,
2549,9,0.5,100,3,1,-0.22034845384940752,0,0.4913753600823004,3,lagged,50.0
2550,9,1.0,10,3,3,-0.22290320231849392,1,0.7180273381714457,3,semicol,
2551,9,1.0,10,3,1,-0.20215193034542703,0,0.7311340747001973,3,lagged,50.0
2552,9,1.0,50,3,3,-0.23230789087984732,1,0.7354313489028327,3,semicol,
2553,9,1.0,50,3,1,-0.214817062149345,0,0.7309518808543648,3,lagged,50.0
2554,9,1.0,100,3,2,-0.2478053403395473,0,0.7092034954790231,3,semicol,
2555,9,1.0,100,3,2,-0.22592739112759883,0,0.7066679896659254,3,lagged,20.0
2556,9,0.1,10,3,2,-0.2270450812723613,0,0.22821912410849837,4,semicol,
2557,9,0.1,10,3,1,-0.3477328303314643,0,0.18106258106982065,4,lagged,50.0
2558,9,0.1,50,3,2,-0.2544757705250082,0,0.20279105273836612,4,semicol,
2559,9,0.1,50,3,1,-0.2249062564404378,0,0.2262022598663987,4,lagged,50.0
2560,9,0.1,100,3,3,-0.24692796447036022,1,0.2231751182963272,4,semicol,
2561,9,0.1,100,3,1,-0.19057348566576315,0,0.23815030452465322,4,lagged,20.0
2562,9,0.5,10,3,1,-0.29676810424512134,0,0.6254321311587211,4,semicol,
2563,9,0.5,10,3,1,-0.20877332199353488,0,0.6231728505161185,4,lagged,50.0
2564,9,0.5,50,3,3,-0.2762262259264435,1,0.5981379957730226,4,semicol,
2565,9,0.5,50,3,1,-0.25779857770003056,0,0.646902897466779,4,lagged,20.0
2566,9,0.5,100,3,3,-0.24797506909514322,1,0.6130328065312345,4,semicol,
2567,9,0.5,100,3,1,-0.20193876936297744,0,0.6035924381590205,4,lagged,30.0
2568,9,1.0,10,3,1,-0.27586252030639385,0,0.7631821658300922,4,semicol,
2569,9,1.0,10,3,1,-0.27325822340910033,0,0.761886432656121,4,lagged,30.0
2570,9,1.0,50,3,2,-0.22797638126421838,0,0.7726399313889686,4,semicol,
2571,9,1.0,50,3,1,-0.26599974617849326,0,0.773076215451793,4,lagged,20.0
2572,9,1.0,100,3,3,-0.2468233771561276,1,0.7172396831687082,4,semicol,
2573,9,1.0,100,3,2,-0.22696443446223646,0,0.781651071636833,4,lagged,50.0
2574,9,0.1,10,3,2,-0.2584053926589758,0,0.2691440728832466,5,semicol,
2575,9,0.1,10,3,2,-0.20591860317383034,0,0.27496624454086577,5,lagged,30.0
2576,9,0.1,50,3,2,-0.24125608499254464,0,0.25506522817034705,5,semicol,
2577,9,0.1,50,3,1,-0.20273379847962672,0,0.25977906990285243,5,lagged,20.0
2578,9,0.1,100,3,2,-0.26044011095432684,0,0.2574876370150436,5,semicol,
2579,9,0.1,100,3,2,-0.21318765978256324,0,0.2506973314404303,5,lagged,50.0
2580,9,0.5,10,3,2,-0.29968773629843387,0,0.6299250106604559,5,semicol,
2581,9,0.5,10,3,1,-0.2520674040597981,0,0.646878329231819,5,lagged,30.0
2582,9,0.5,50,3,2,-0.2917582046126494,0,0.6568653404279157,5,semicol,
2583,9,0.5,50,3,1,-0.26655686697344316,0,0.6383880331320272,5,lagged,50.0
2584,9,0.5,100,3,2,-0.2537010173394309,0,0.6563272772745692,5,semicol,
2585,9,0.5,100,3,1,-0.23861132295456672,0,0.6473913851046318,5,lagged,50.0
2586,9,1.0,10,3,1,-0.3277572609227619,0,0.7795964613674129,5,semicol,
2587,9,1.0,10,3,1,-0.23259870539531888,0,0.7745674455133166,5,lagged,30.0
2588,9,1.0,50,3,2,-0.27604422636634246,0,0.7633944292535476,5,semicol,
2589,9,1.0,50,3,1,-0.25442923120457106,0,0.778954252171917,5,lagged,30.0
2590,9,1.0,100,3,3,-0.2679495011379021,1,0.7828001529571263,5,semicol,
2591,9,1.0,100,3,1,-0.2597009566161618,0,0.7669052829318732,5,lagged,20.0
2592,10,0.1,10,0,0,-6.249941406765764e-06,1,0.00015317360545883627,2,semicol,
2593,10,0.1,10,0,0,-6.249941406765764e-06,1,7.968238117478654e-08,2,lagged,0.0
2594,10,0.1,50,0,0,-1.2499976562546753e-06,1,4.7306078524415564e-05,2,semicol,
2595,10,0.1,50,0,0,-1.2499976562546753e-06,1,3.284135754910086e-10,2,lagged,0.0
2596,10,0.1,100,0,0,-6.249994140244896e-07,1,8.247083621541767e-05,2,semicol,
2597,10,0.1,100,0,0,-6.249994140244896e-07,1,6.237840561991669e-15,2,lagged,0.0
2598,10,0.5,10,0,4,-0.010067238875456765,0,0.053404263492928636,2,semicol,
2599,10,0.5,10,0,1,-0.48230517639862946,0,0.7481266097247556,2,lagged,30.0
2600,10,0.5,50,0,0,-0.3212082898443763,1,0.43166927702775365,2,semicol,
2601,10,0.5,50,0,4,-0.22015940008459353,0,0.3446456145652203,2,lagged,30.0
2602,10,0.5,100,0,3,-0.0008886816860939208,0,0.007465069275125536,2,semicol,
2603,10,0.5,100,0,2,-0.4518980507761574,0,0.6676844924275749,2,lagged,50.0
2604,10,1.0,10,0,2,-0.6949905226403867,0,0.9980613364981098,2,semicol,
2605,10,1.0,10,0,1,-0.19088397394000656,0,0.339792809107343,2,lagged,0.0
2606,10,1.0,50,0,4,-0.35806513052570005,0,0.4950424273451272,2,semicol,
2607,10,1.0,50,0,3,-0.037941648379890794,0,0.07210044774156919,2,lagged,50.0
2608,10,1.0,100,0,1,-0.35181562438240405,0,0.4890663710153371,2,semicol,
2609,10,1.0,100,0,4,-0.286621544847811,0,0.4134680532443188,2,lagged,20.0
2610,10,0.1,10,0,4,-0.2279097701169003,0,0.225867058601722,3,semicol,
2611,10,0.1,10,0,0,-0.20795468139943019,1,0.22212918867794898,3,lagged,0.0
2612,10,0.1,50,0,0,-0.00692362927512804,1,0.0017208504871840079,3,semicol,
2613,10,0.1,50,0,4,-0.0003192967984754885,0,0.0029007944376610822,3,lagged,30.0
2614,10,0.1,100,0,0,-0.8695590922837805,1,0.7903287110014657,3,semicol,
2615,10,0.1,100,0,2,-0.742966098559029,0,0.6875538651573817,3,lagged,50.0
2616,10,0.5,10,0,2,-0.8961516114787241,0,0.8356841554220793,3,semicol,
2617,10,0.5,10,0,2,-0.7726085742827313,0,0.726688563983765,3,lagged,30.0
2618,10,0.5,50,0,0,-0.061802652124828626,1,0.052189360328835505,3,semicol,
2619,10,0.5,50,0,2,-0.6791433746621302,0,0.5966066420958207,3,lagged,30.0
2620,10,0.5,100,0,2,-0.5785828355320057,0,0.521650627216256,3,semicol,
2621,10,0.5,100,0,1,-0.6753644278203327,0,0.6242501086063572,3,lagged,30.0
2622,10,1.0,10,0,1,-0.8782815331197048,0,0.8131847348711398,3,semicol,
2623,10,1.0,10,0,1,-0.5893379140046999,0,0.5063530699461221,3,lagged,20.0
2624,10,1.0,50,0,0,-0.20035131550745253,1,0.1834082097208007,3,semicol,
2625,10,1.0,50,0,1,-0.9130987230357072,0,0.83178770346683,3,lagged,50.0
2626,10,1.0,100,0,0,-0.7007236188479858,1,0.630893584838744,3,semicol,
2627,10,1.0,100,0,1,-0.9085019601836474,0,0.8347660763224338,3,lagged,20.0
2628,10,0.1,10,0,1,-0.5026700996281174,0,0.38851484588216795,4,semicol,
2629,10,0.1,10,0,1,-0.07515366667538269,0,0.031258742094490324,4,lagged,20.0
2630,10,0.1,50,0,3,-0.587664387836885,0,0.43569179606554115,4,semicol,
2631,10,0.1,50,0,1,-0.8925824495240579,0,0.6496996804855855,4,lagged,50.0
2632,10,0.1,100,0,2,-0.680750857457258,0,0.4887481343170779,4,semicol,
2633,10,0.1,100,0,0,-0.0060533229371493675,1,0.0011435547030187478,4,lagged,0.0
2634,10,0.5,10,0,2,-0.3291257212628158,0,0.2579091735244133,4,semicol,
2635,10,0.5,10,0,3,-0.7649310076522684,0,0.5625303413948707,4,lagged,30.0
2636,10,0.5,50,0,0,-1.038302491077492,1,0.7483934830461192,4,semicol,
2637,10,0.5,50,0,0,-0.8696553525308909,1,0.6267537240089196,4,lagged,0.0
2638,10,0.5,100,0,0,-0.5661948860283814,1,0.4038570417540537,4,semicol,
2639,10,0.5,100,0,1,-0.8288267205032147,0,0.5932189703517987,4,lagged,30.0
2640,10,1.0,10,0,0,-0.8764813404749116,1,0.6558596487536194,4,semicol,
2641,10,1.0,10,0,1,-0.9380442311035605,0,0.6487225065471944,4,lagged,0.0
2642,10,1.0,50,0,1,-1.157244653194639,0,0.8176034928427875,4,semicol,
2643,10,1.0,50,0,1,-1.152197605830611,0,0.8211592747289254,4,lagged,50.0
2644,10,1.0,100,0,1,-1.1832788215563266,0,0.8593809181958116,4,semicol,
2645,10,1.0,100,0,1,-0.6138053689632355,0,0.470808989072138,4,lagged,0.0
2646,10,0.1,10,0,4,-0.09485367587172666,0,0.053166851361442696,5,semicol,
2647,10,0.1,10,0,2,-0.5882056772223937,0,0.4211328431258188,5,lagged,30.0
2648,10,0.1,50,0,0,-1.098996933066216,1,0.6848733516443956,5,semicol,
2649,10,0.1,50,0,4,-0.6926190596135643,0,0.4306736142564156,5,lagged,30.0
2650,10,0.1,100,0,1,-0.6317078968752857,0,0.38848537541383865,5,semicol,
2651,10,0.1,100,0,1,-1.1021669620463062,0,0.696383151011385,5,lagged,50.0
2652,10,0.5,10,0,0,-1.1416399270150026,1,0.724884374297424,5,semicol,
2653,10,0.5,10,0,0,-1.0389202883513544,1,0.6740629095781664,5,lagged,0.0
2654,10,0.5,50,0,0,-1.2833396216249686,1,0.8021747411066732,5,semicol,
2655,10,0.5,50,0,1,-1.0069589229870677,0,0.6277017955780417,5,lagged,20.0
2656,10,0.5,100,0,0,-1.0708931143816696,1,0.6603781925716933,5,semicol,
2657,10,0.5,100,0,1,-0.9345083789878951,0,0.5967498002558153,5,lagged,30.0
2658,10,1.0,10,0,1,-1.1777168510399234,0,0.7130115367741429,5,semicol,
2659,10,1.0,10,0,0,-1.1291981415852346,1,0.686755499913286,5,lagged,0.0
2660,10,1.0,50,0,0,-1.3841408588834854,1,0.8616366186684383,5,semicol,
2661,10,1.0,50,0,2,-1.445210160886448,0,0.9003952884770323,5,lagged,50.0
2662,10,1.0,100,0,1,-1.0428574515066307,0,0.6520391877651324,5,semicol,
2663,10,1.0,100,0,2,-1.3962672884605414,0,0.8670834590101888,5,lagged,50.0
2664,10,0.1,10,1,4,-0.18168228570801592,0,0.0,2,semicol,
2665,10,0.1,10,1,3,-0.1390839866936819,0,0.0,2,lagged,50.0
2666,10,0.1,50,1,3,-0.1967833023532595,0,0.0,2,semicol,
2667,10,0.1,50,1,2,-0.18229952720331258,0,0.0,2,lagged,50.0
2668,10,0.1,100,1,1,-0.2000295452031757,1,0.0,2,semicol,
2669,10,0.1,100,1,4,-0.18454793126429436,0,0.0,2,lagged,30.0
2670,10,0.5,10,1,4,-0.1975753079818799,0,0.0,2,semicol,
2671,10,0.5,10,1,3,-0.1667080957074468,0,0.0,2,lagged,30.0
2672,10,0.5,50,1,1,-0.18579035824043139,1,0.0,2,semicol,
2673,10,0.5,50,1,1,-0.20337327179925208,1,0.0,2,lagged,20.0
2674,10,0.5,100,1,4,-0.21304486096116274,0,0.0,2,semicol,
2675,10,0.5,100,1,3,-0.1821412203761386,0,0.0,2,lagged,50.0
2676,10,1.0,10,1,4,-0.22956620947404216,0,0.0,2,semicol,
2677,10,1.0,10,1,1,-0.20866677336372344,1,0.0,2,lagged,50.0
2678,10,1.0,50,1,4,-0.19556795289184048,0,0.0,2,semicol,
2679,10,1.0,50,1,1,-0.2034869714550627,1,0.0,2,lagged,20.0
2680,10,1.0,100,1,3,-0.19017038275718845,0,0.0,2,semicol,
2681,10,1.0,100,1,4,-0.1844165157794521,0,0.0,2,lagged,20.0
2682,10,0.1,10,1,1,-0.2557661016384181,1,0.27007571690975013,3,semicol,
2683,10,0.1,10,1,2,-0.16613958948538282,0,0.057552703728849186,3,lagged,20.0
2684,10,0.1,50,1,1,-0.20439601616630945,1,0.2266395370532137,3,semicol,
2685,10,0.1,50,1,2,-0.19981223415028745,0,0.6532195732775153,3,lagged,50.0
2686,10,0.1,100,1,3,-0.22021144007644702,0,0.10180608623675567,3,semicol,
2687,10,0.1,100,1,1,-0.19157806564404034,1,0.06713553107686362,3,lagged,50.0
2688,10,0.5,10,1,1,-0.2144862932533184,1,0.5156287838961088,3,semicol,
2689,10,0.5,10,1,4,-0.20336752189866383,0,0.6458614523506512,3,lagged,30.0
2690,10,0.5,50,1,4,-0.203021100414859,0,0.4203763245961143,3,semicol,
2691,10,0.5,50,1,2,-0.21185408592385116,0,0.7299151973761635,3,lagged,50.0
2692,10,0.5,100,1,1,-0.21746564188146864,1,0.2691352553383629,3,semicol,
2693,10,0.5,100,1,2,-0.20067699778792145,0,0.5798315241721649,3,lagged,50.0
2694,10,1.0,10,1,1,-0.2137324475909032,1,0.9235049433111223,3,semicol,
2695,10,1.0,10,1,1,-0.20094157486999373,1,0.6206996225022249,3,lagged,30.0
2696,10,1.0,50,1,4,-0.20380986157415446,0,0.5615619531377201,3,semicol,
2697,10,1.0,50,1,1,-0.21431397416385087,1,0.8483768783744335,3,lagged,30.0
2698,10,1.0,100,1,4,-0.21313546215702625,0,0.9562914786531392,3,semicol,
2699,10,1.0,100,1,1,-0.23116656344583272,1,0.7254459384599636,3,lagged,20.0
2700,10,0.1,10,1,3,-0.18743444869531653,0,0.19619982324946894,4,semicol,
2701,10,0.1,10,1,3,-0.11909658136766542,0,0.004842999916140234,4,lagged,50.0
2702,10,0.1,50,1,3,-0.19454448710086653,0,0.09604556842981014,4,semicol,
2703,10,0.1,50,1,1,-0.18528855776689124,1,0.13476180533782592,4,lagged,50.0
2704,10,0.1,100,1,4,-0.179851890055258,0,0.030373539732413236,4,semicol,
2705,10,0.1,100,1,1,-0.19997102301257574,1,0.10446329963269808,4,lagged,30.0
2706,10,0.5,10,1,3,-0.193661730533543,0,0.62927569268698,4,semicol,
2707,10,0.5,10,1,2,-0.19216845456220347,0,0.6615478336866448,4,lagged,20.0
2708,10,0.5,50,1,2,-0.22962793739514595,0,0.5691663963962431,4,semicol,
2709,10,0.5,50,1,2,-0.19721280749223194,0,0.4438925794825326,4,lagged,50.0
2710,10,0.5,100,1,2,-0.21865537695498813,0,0.46388643935775703,4,semicol,
2711,10,0.5,100,1,1,-0.21193910533582663,1,0.5553965345633812,4,lagged,20.0
2712,10,1.0,10,1,1,-0.2374410828364965,1,0.8118871250043159,4,semicol,
2713,10,1.0,10,1,1,-0.25507062824349364,1,0.8156332051509478,4,lagged,20.0
2714,10,1.0,50,1,1,-0.22177853733640715,1,0.7863869920960533,4,semicol,
2715,10,1.0,50,1,2,-0.2311853351204646,0,0.6988867740798989,4,lagged,20.0
2716,10,1.0,100,1,1,-0.23515826477946825,1,0.8179168060760627,4,semicol,
2717,10,1.0,100,1,1,-0.23736788158861633,1,0.7709022779104693,4,lagged,20.0
2718,10,0.1,10,1,1,-0.2204868347908168,1,0.2851391227897314,5,semicol,
2719,10,0.1,10,1,1,-0.2297657189545805,1,0.26035694660076536,5,lagged,30.0
2720,10,0.1,50,1,4,-0.21645800340728225,0,0.45558155037462705,5,semicol,
2721,10,0.1,50,1,2,-0.19464837382190925,0,0.4109807797983865,5,lagged,20.0
2722,10,0.1,100,1,1,-0.2446319286602361,1,0.39491463480254535,5,semicol,
2723,10,0.1,100,1,2,-0.21499534795079667,0,0.298390038358305,5,lagged,30.0
2724,10,0.5,10,1,1,-0.20790555953987108,1,0.6398414000773675,5,semicol,
2725,10,0.5,10,1,1,-0.24045754083680704,1,0.519842264320876,5,lagged,20.0
2726,10,0.5,50,1,1,-0.24298869087820657,1,0.6571616705277598,5,semicol,
2727,10,0.5,50,1,1,-0.204263380945498,1,0.6638890033011106,5,lagged,50.0
2728,10,0.5,100,1,1,-0.24949567287053978,1,0.6060707643729542,5,semicol,
2729,10,0.5,100,1,2,-0.22403844991428667,0,0.6000148476061375,5,lagged,30.0
2730,10,1.0,10,1,1,-0.2750571188390484,1,0.8310866221718888,5,semicol,
2731,10,1.0,10,1,1,-0.1981411730783557,1,0.8665920999293064,5,lagged,50.0
2732,10,1.0,50,1,1,-0.28840640964492165,1,0.7498747112918,5,semicol,
2733,10,1.0,50,1,1,-0.23350547568616845,1,0.693515861305256,5,lagged,50.0
2734,10,1.0,100,1,1,-0.25095758137237123,1,0.7951691683918538,5,semicol,
2735,10,1.0,100,1,1,-0.25832011024311324,1,0.804175709856956,5,lagged,20.0
2736,10,0.1,10,2,4,-0.2594874667069238,0,0.0,2,semicol,
2737,10,0.1,10,2,2,-0.20453865525572248,1,0.0,2,lagged,30.0
2738,10,0.1,50,2,2,-0.16820860276656213,1,0.0,2,semicol,
2739,10,0.1,50,2,1,-0.19644987463692445,0,0.0,2,lagged,50.0
2740,10,0.1,100,2,4,-0.19378506677923607,0,0.0,2,semicol,
2741,10,0.1,100,2,1,-0.20605289402940122,0,0.0,2,lagged,20.0
2742,10,0.5,10,2,1,-0.22130434124128584,0,0.0,2,semicol,
2743,10,0.5,10,2,2,-0.1548571942145345,1,0.0,2,lagged,20.0
2744,10,0.5,50,2,3,-0.2296655915214401,0,0.0,2,semicol,
2745,10,0.5,50,2,3,-0.16175025198850693,0,0.0,2,lagged,50.0
2746,10,0.5,100,2,2,-0.20755639030320694,1,0.0,2,semicol,
2747,10,0.5,100,2,2,-0.20353524688607003,1,0.0,2,lagged,20.0
2748,10,1.0,10,2,4,-0.15337095662305766,0,0.0,2,semicol,
2749,10,1.0,10,2,1,-0.23962991004380713,0,0.0,2,lagged,20.0
2750,10,1.0,50,2,3,-0.18772804955711275,0,0.0,2,semicol,
2751,10,1.0,50,2,3,-0.18317636189180395,0,0.0,2,lagged,50.0
2752,10,1.0,100,2,2,-0.20193891446684298,1,0.0,2,semicol,
2753,10,1.0,100,2,4,-0.19442910359208157,0,0.0,2,lagged,30.0
2754,10,0.1,10,2,3,-0.2545549618618313,0,0.14965925683739795,3,semicol,
2755,10,0.1,10,2,1,-0.14194941739975236,0,0.17195355105186436,3,lagged,0.0
2756,10,0.1,50,2,4,-0.19443191885853198,0,0.2864334936243977,3,semicol,
2757,10,0.1,50,2,1,-0.20313195588355126,0,0.03314150897154939,3,lagged,50.0
2758,10,0.1,100,2,4,-0.1768316360217694,0,0.180597168042972,3,semicol,
2759,10,0.1,100,2,2,-0.1930007422548223,1,0.21760757504450123,3,lagged,20.0
2760,10,0.5,10,2,2,-0.2147701461325561,1,0.620628618419078,3,semicol,
2761,10,0.5,10,2,2,-0.18442217111310868,1,0.3316752282120699,3,lagged,50.0
2762,10,0.5,50,2,2,-0.24454949110613716,1,0.58056156399035,3,semicol,
2763,10,0.5,50,2,1,-0.21525114631627335,0,0.5789616814749847,3,lagged,30.0
2764,10,0.5,100,2,3,-0.2031006093168747,0,0.44510164681019404,3,semicol,
2765,10,0.5,100,2,3,-0.2137742670252325,0,0.8474536048044884,3,lagged,50.0
2766,10,1.0,10,2,2,-0.2613752575368955,1,0.6319161161072779,3,semicol,
2767,10,1.0,10,2,2,-0.23452866673363582,1,0.7326367585173981,3,lagged,50.0
2768,10,1.0,50,2,3,-0.20084905021995444,0,0.5287808345133967,3,semicol,
2769,10,1.0,50,2,3,-0.1730042725095347,0,0.7942527470007129,3,lagged,30.0
2770,10,1.0,100,2,3,-0.21920261700895882,0,0.7797383519516242,3,semicol,
2771,10,1.0,100,2,3,-0.19555999073342578,0,0.6773998577027033,3,lagged,50.0
2772,10,0.1,10,2,1,-0.2090988611570702,0,0.20098501680277792,4,semicol,
2773,10,0.1,10,2,1,-0.15913457288197844,0,0.21427242684490905,4,lagged,20.0
2774,10,0.1,50,2,1,-0.22594541736412238,0,0.34055508906679943,4,semicol,
2775,10,0.1,50,2,1,-0.22104787762467853,0,0.1728326607880872,4,lagged,20.0
2776,10,0.1,100,2,3,-0.2054757502461816,0,0.24846772402942213,4,semicol,
2777,10,0.1,100,2,2,-0.20864115671064246,1,0.2776402875163748,4,lagged,30.0
2778,10,0.5,10,2,2,-0.2243167313531466,1,0.5823087421123652,4,semicol,
2779,10,0.5,10,2,1,-0.22421959294559518,0,0.5569054210644158,4,lagged,50.0
2780,10,0.5,50,2,3,-0.24484613856081744,0,0.6242847257574947,4,semicol,
2781,10,0.5,50,2,2,-0.21990909293076913,1,0.613817226085206,4,lagged,50.0
2782,10,0.5,100,2,2,-0.2544572454453427,1,0.5312441732886869,4,semicol,
2783,10,0.5,100,2,3,-0.21491573740579548,0,0.5264800294338666,4,lagged,50.0
2784,10,1.0,10,2,1,-0.30399112828364405,0,0.7959494983900139,4,semicol,
2785,10,1.0,10,2,1,-0.2818160541007626,0,0.7731063107715364,4,lagged,30.0
2786,10,1.0,50,2,2,-0.2881493650759189,1,0.8074063992151457,4,semicol,
2787,10,1.0,50,2,1,-0.2740795818041854,0,0.7192112785861262,4,lagged,30.0
2788,10,1.0,100,2,2,-0.23970418946166352,1,0.7713851151429406,4,semicol,
2789,10,1.0,100,2,1,-0.23147472250783344,0,0.7248206994520878,4,lagged,20.0
2790,10,0.1,10,2,1,-0.24578712496736768,0,0.28653560981771714,5,semicol,
2791,10,0.1,10,2,2,-0.11045486132121543,1,0.3053598366455148,5,lagged,50.0
2792,10,0.1,50,2,3,-0.18539053375197825,0,0.28371252925721174,5,semicol,
2793,10,0.1,50,2,1,-0.19225610972943571,0,0.24863280312148114,5,lagged,50.0
2794,10,0.1,100,2,2,-0.2236891586744119,1,0.2978084921798968,5,semicol,
2795,10,0.1,100,2,1,-0.20028561761531957,0,0.2179983717520932,5,lagged,30.0
2796,10,0.5,10,2,2,-0.2753934725934673,1,0.634729027870389,5,semicol,
2797,10,0.5,10,2,1,-0.22368411709231922,0,0.5648211038874305,5,lagged,50.0
2798,10,0.5,50,2,2,-0.25074309226600844,1,0.6226629120227529,5,semicol,
2799,10,0.5,50,2,1,-0.23337781134108254,0,0.5791641807082842,5,lagged,30.0
2800,10,0.5,100,2,2,-0.2643372168000051,1,0.6529309870553663,5,semicol,
2801,10,0.5,100,2,1,-0.24192075033079669,0,0.6509014264952362,5,lagged,20.0
2802,10,1.0,10,2,1,-0.29544980433355855,0,0.8370011669824187,5,semicol,
2803,10,1.0,10,2,1,-0.2220510917729211,0,0.704877575982025,5,lagged,20.0
2804,10,1.0,50,2,2,-0.3028849023399358,1,0.7595531163928315,5,semicol,
2805,10,1.0,50,2,1,-0.26942563169918576,0,0.779642232682853,5,lagged,50.0
2806,10,1.0,100,2,2,-0.24730838143826325,1,0.7860795644672147,5,semicol,
2807,10,1.0,100,2,1,-0.2441545566681812,0,0.6958158876265411,5,lagged,20.0
2808,10,0.1,10,3,2,-0.29297953422938394,0,0.0,2,semicol,
2809,10,0.1,10,3,4,-0.1637053431933263,0,0.0,2,lagged,20.0
2810,10,0.1,50,3,4,-0.18991559917349246,0,0.0,2,semicol,
2811,10,0.1,50,3,2,-0.18370440392155987,0,0.0,2,lagged,50.0
2812,10,0.1,100,3,3,-0.18312936499139024,1,0.0,2,semicol,
2813,10,0.1,100,3,2,-0.17628444414144276,0,0.0,2,lagged,30.0
2814,10,0.5,10,3,4,-0.20743042599420525,0,0.0,2,semicol,
2815,10,0.5,10,3,2,-0.17903190711392064,0,0.0,2,lagged,20.0
2816,10,0.5,50,3,4,-0.20209045775473933,0,0.0,2,semicol,
2817,10,0.5,50,3,1,-0.20210666445589723,0,0.0,2,lagged,20.0
2818,10,0.5,100,3,4,-0.21342330332976137,0,0.0,2,semicol,
2819,10,0.5,100,3,4,-0.17027451467191743,0,0.0,2,lagged,30.0
2820,10,1.0,10,3,4,-0.20715937701703202,0,0.0,2,semicol,
2821,10,1.0,10,3,3,-0.14736570314488717,1,0.0,2,lagged,50.0
2822,10,1.0,50,3,4,-0.18517006571385855,0,0.0,2,semicol,
2823,10,1.0,50,3,1,-0.21154784965250978,0,0.0,2,lagged,20.0
2824,10,1.0,100,3,4,-0.21116427994774714,0,0.0,2,semicol,
2825,10,1.0,100,3,4,-0.20361078149460676,0,0.0,2,lagged,20.0
2826,10,0.1,10,3,3,-0.2211420125706267,1,0.3469441695194437,3,semicol,
2827,10,0.1,10,3,2,-0.1393154007915722,0,0.0865787025959162,3,lagged,30.0
2828,10,0.1,50,3,3,-0.21485889231397295,1,0.1604779736348172,3,semicol,
2829,10,0.1,50,3,2,-0.17995454030907765,0,0.09662020588554691,3,lagged,50.0
2830,10,0.1,100,3,3,-0.20145639701885265,1,0.305216271500473,3,semicol,
2831,10,0.1,100,3,1,-0.23755484469801358,0,0.21865160749618487,3,lagged,20.0
2832,10,0.5,10,3,3,-0.23653758291407834,1,0.5387810798635129,3,semicol,
2833,10,0.5,10,3,2,-0.16313734865783439,0,0.6095759927635969,3,lagged,50.0
2834,10,0.5,50,3,4,-0.20674575603057208,0,0.5746668058418002,3,semicol,
2835,10,0.5,50,3,2,-0.18731375412529244,0,0.44983529291052576,3,lagged,50.0
2836,10,0.5,100,3,3,-0.22164195117364455,1,0.5940310294497627,3,semicol,
2837,10,0.5,100,3,3,-0.22383407638460814,1,0.5761369925955927,3,lagged,50.0
2838,10,1.0,10,3,2,-0.23728153806743987,0,0.825434953791476,3,semicol,
2839,10,1.0,10,3,1,-0.2769806560989688,0,0.8336696104588914,3,lagged,20.0
2840,10,1.0,50,3,3,-0.22885102429344212,1,0.7062127849807234,3,semicol,
2841,10,1.0,50,3,1,-0.20912850398000274,0,0.7777702924538354,3,lagged,20.0
2842,10,1.0,100,3,4,-0.21613966905568321,0,0.7916076279583087,3,semicol,
2843,10,1.0,100,3,1,-0.21083542232004865,0,0.6494839615690827,3,lagged,20.0
2844,10,0.1,10,3,2,-0.22467465045614582,0,0.21368762229256238,4,semicol,
2845,10,0.1,10,3,2,-0.16607492606983063,0,0.2811274064120712,4,lagged,30.0
2846,10,0.1,50,3,3,-0.22957778691001235,1,0.23522420572294145,4,semicol,
2847,10,0.1,50,3,2,-0.1897316370385618,0,0.21770672959507498,4,lagged,50.0
2848,10,0.1,100,3,2,-0.2584783624354653,0,0.24590979381335099,4,semicol,
2849,10,0.1,100,3,1,-0.21419601915091283,0,0.2901117735409951,4,lagged,20.0
2850,10,0.5,10,3,2,-0.26466045861473025,0,0.5368995184742553,4,semicol,
2851,10,0.5,10,3,1,-0.2439228179954638,0,0.6260030987916008,4,lagged,50.0
2852,10,0.5,50,3,2,-0.2700520963449104,0,0.6168484779453056,4,semicol,
2853,10,0.5,50,3,1,-0.21129242527062286,0,0.6228392691585034,4,lagged,50.0
2854,10,0.5,100,3,3,-0.22692528762726402,1,0.6142812179214148,4,semicol,
2855,10,0.5,100,3,2,-0.20695903218794326,0,0.6262003431848764,4,lagged,30.0
2856,10,1.0,10,3,2,-0.22432908252367156,0,0.7278473463629069,4,semicol,
2857,10,1.0,10,3,1,-0.2410116850162818,0,0.7887154594286159,4,lagged,50.0
2858,10,1.0,50,3,2,-0.26106661329161535,0,0.7745144876089664,4,semicol,
2859,10,1.0,50,3,1,-0.24795768990749473,0,0.7580502495651472,4,lagged,30.0
2860,10,1.0,100,3,3,-0.2334735281095163,1,0.7518716493826456,4,semicol,
2861,10,1.0,100,3,2,-0.23171701524188457,0,0.7896684235310695,4,lagged,50.0
2862,10,0.1,10,3,2,-0.200635653102612,0,0.27059360039390223,5,semicol,
2863,10,0.1,10,3,1,-0.21527495440284602,0,0.2862447321572638,5,lagged,50.0
2864,10,0.1,50,3,3,-0.2427953269053426,1,0.24392857214161523,5,semicol,
2865,10,0.1,50,3,1,-0.21686044487525058,0,0.2664341736616295,5,lagged,50.0
2866,10,0.1,100,3,2,-0.23897276732581044,0,0.25534053207668894,5,semicol,
2867,10,0.1,100,3,2,-0.21990044103245487,0,0.26479284628779726,5,lagged,20.0
2868,10,0.5,10,3,1,-0.27047069617452657,0,0.6545299418399442,5,semicol,
2869,10,0.5,10,3,1,-0.26979226636021614,0,0.630147248193557,5,lagged,20.0
2870,10,0.5,50,3,2,-0.2714185471619798,0,0.6322556690872637,5,semicol,
2871,10,0.5,50,3,2,-0.2509430053908786,0,0.6350193697884781,5,lagged,50.0
2872,10,0.5,100,3,2,-0.27135471119916704,0,0.6364317486129937,5,semicol,
2873,10,0.5,100,3,2,-0.23371932425006098,0,0.6571189869559884,5,lagged,30.0
2874,10,1.0,10,3,1,-0.3484397022301702,0,0.7861319428872353,5,semicol,
2875,10,1.0,10,3,1,-0.32487923006361363,0,0.7707707296462287,5,lagged,30.0
2876,10,1.0,50,3,2,-0.25771428475564534,0,0.7702422012015443,5,semicol,
2877,10,1.0,50,3,1,-0.24713249365309353,0,0.784758420948262,5,lagged,20.0
2878,10,1.0,100,3,2,-0.27065729707966185,0,0.7681095876629459,5,semicol,
2879,10,1.0,100,3,1,-0.2540987221050023,0,0.7858206901313554,5,lagged,20.0
