species,k,sim,smoother,log_likelihood,num_train_states,num_test_states
bre,0,1,0.001,-2.2604592981601574,1,1
bre,0,1,0.01,-2.2604592178486143,1,1
bre,0,1,0.1,-2.260458415342368,1,1
bre,1,1,0.001,-0.09838393256533304,15,14
bre,1,1,0.01,-0.09838866584295629,15,14
bre,1,1,0.1,-0.09843622573240578,15,14
bre,2,1,0.001,-0.09476536110729002,210,65
bre,2,1,0.01,-0.09415829609727971,210,65
bre,2,1,0.1,-0.09419096644566745,210,65
bre,3,1,0.001,-0.11477162604118255,2940,188
bre,3,1,0.01,-0.11173044972952773,2940,188
bre,3,1,0.1,-0.11230028306252464,2940,188
bre,4,1,0.001,-0.34152414743001286,41160,326
bre,4,1,0.01,-0.33658345954946994,41160,326
bre,4,1,0.1,-0.3394703152585857,41160,326
bre,5,1,0.001,-0.829407137696221,576240,430
bre,5,1,0.01,-0.8237930287917411,576240,430
bre,5,1,0.1,-0.8361455627998057,576240,430
bre,0,2,0.001,-2.2856494253684616,1,1
bre,0,2,0.01,-2.285649389253606,1,1
bre,0,2,0.1,-2.2856490286336095,1,1
bre,1,2,0.001,-0.07416561344431122,15,14
bre,1,2,0.01,-0.0741713163950334,15,14
bre,1,2,0.1,-0.07422851260385781,15,14
bre,2,2,0.001,-0.07125477397826939,210,66
bre,2,2,0.01,-0.07093517719461497,210,66
bre,2,2,0.1,-0.07102317068812171,210,66
bre,3,2,0.001,-0.08912842563506437,2940,170
bre,3,2,0.01,-0.08718712947624858,2940,170
bre,3,2,0.1,-0.08738878927551386,2940,170
bre,4,2,0.001,-0.3767845970463413,41160,280
bre,4,2,0.01,-0.3714741459008355,41160,280
bre,4,2,0.1,-0.3739679983445248,41160,280
bre,5,2,0.001,-0.918757753756315,576240,350
bre,5,2,0.01,-0.912770802506839,576240,350
bre,5,2,0.1,-0.9137026473968352,576240,350
bre,0,3,0.001,-2.214846849293902,1,1
bre,0,3,0.01,-2.214846878315961,1,1
bre,0,3,0.1,-2.21484716900117,1,1
bre,1,3,0.001,-0.061351927170529334,15,14
bre,1,3,0.01,-0.06131738774663212,15,14
bre,1,3,0.1,-0.061336565225019166,15,14
bre,2,3,0.001,-0.07054601651947312,210,61
bre,2,3,0.01,-0.07029322672392639,210,61
bre,2,3,0.1,-0.07031661190033933,210,61
bre,3,3,0.001,-0.10020735115253522,2940,158
bre,3,3,0.01,-0.0987906821092149,2940,158
bre,3,3,0.1,-0.10035310307389117,2940,158
bre,4,3,0.001,-0.23409012362982298,41160,266
bre,4,3,0.01,-0.23129634359062412,41160,266
bre,4,3,0.1,-0.23476300194278976,41160,266
bre,5,3,0.001,-0.6343837448592105,576240,346
bre,5,3,0.01,-0.6314786479521598,576240,346
bre,5,3,0.1,-0.642608130300592,576240,346
bre,0,4,0.001,-2.3092654101794983,1,1
bre,0,4,0.01,-2.3092653560975003,1,1
bre,0,4,0.1,-2.309264815802132,1,1
bre,1,4,0.001,-0.08126426208981505,15,14
bre,1,4,0.01,-0.08127029032715476,15,14
bre,1,4,0.1,-0.08133058627754841,15,14
bre,2,4,0.001,-0.07703378456298875,210,63
bre,2,4,0.01,-0.07692992250701236,210,63
bre,2,4,0.1,-0.07711222381262216,210,63
bre,3,4,0.001,-0.09498718188197519,2940,174
bre,3,4,0.01,-0.09273365292330397,2940,174
bre,3,4,0.1,-0.09289457815684062,2940,174
bre,4,4,0.001,-0.25226846740763437,41160,306
bre,4,4,0.01,-0.24262924003579145,41160,306
bre,4,4,0.1,-0.23982007620695353,41160,306
bre,5,4,0.001,-0.8540371034827312,576240,413
bre,5,4,0.01,-0.8244052388723172,576240,413
bre,5,4,0.1,-0.8119281116142011,576240,413
bre,0,5,0.001,-2.1009990978828044,1,1
bre,0,5,0.01,-2.100999167991394,1,1
bre,0,5,0.1,-2.100999869575318,1,1
bre,1,5,0.001,-0.10334460977679777,15,14
bre,1,5,0.01,-0.10313096425866589,15,14
bre,1,5,0.1,-0.10295825906446354,15,14
bre,2,5,0.001,-0.10163867911343828,210,62
bre,2,5,0.01,-0.10103228763798126,210,62
bre,2,5,0.1,-0.10083704682878628,210,62
bre,3,5,0.001,-0.11997302202818382,2940,163
bre,3,5,0.01,-0.11537986830888484,2940,163
bre,3,5,0.1,-0.11285962375858574,2940,163
bre,4,5,0.001,-0.313121185387424,41160,269
bre,4,5,0.01,-0.3076578628569419,41160,269
bre,4,5,0.1,-0.30618187046664613,41160,269
bre,5,5,0.001,-0.8137617060337995,576240,346
bre,5,5,0.01,-0.8073659672473343,576240,346
bre,5,5,0.1,-0.8063944601010433,576240,346
bre,0,6,0.001,-2.222359127955913,1,1
bre,0,6,0.01,-2.2223591287828333,1,1
bre,0,6,0.1,-2.222359137537099,1,1
bre,1,6,0.001,-0.06884733398817897,15,14
bre,1,6,0.01,-0.06885325387396958,15,14
bre,1,6,0.1,-0.06891260532241666,15,14
bre,2,6,0.001,-0.06546077614238256,210,63
bre,2,6,0.01,-0.06537684512967505,210,63
bre,2,6,0.1,-0.0656633757760179,210,63
bre,3,6,0.001,-0.06914102729023706,2940,168
bre,3,6,0.01,-0.06750889136918578,2940,168
bre,3,6,0.1,-0.06772195648282676,2940,168
bre,4,6,0.001,-0.2509554444734774,41160,264
bre,4,6,0.01,-0.24803932823193578,41160,264
bre,4,6,0.1,-0.2507255058010832,41160,264
bre,5,6,0.001,-0.6428861744801537,576240,345
bre,5,6,0.01,-0.6399956532792969,576240,345
bre,5,6,0.1,-0.6470590672535614,576240,345
bre,0,7,0.001,-2.300529937436182,1,1
bre,0,7,0.01,-2.300529866906397,1,1
bre,0,7,0.1,-2.300529162211519,1,1
bre,1,7,0.001,-0.0797886024819287,15,14
bre,1,7,0.01,-0.07958602824936221,15,14
bre,1,7,0.1,-0.0794356204725588,15,14
bre,2,7,0.001,-0.09551847425445022,210,63
bre,2,7,0.01,-0.09492191018974187,210,63
bre,2,7,0.1,-0.09458076319459492,210,63
bre,3,7,0.001,-0.149832417177456,2940,176
bre,3,7,0.01,-0.14772488117729796,2940,176
bre,3,7,0.1,-0.14711180270304747,2940,176
bre,4,7,0.001,-0.2711189530766233,41160,292
bre,4,7,0.01,-0.2664294789433244,41160,292
bre,4,7,0.1,-0.2668379374932522,41160,292
bre,5,7,0.001,-0.8439746017836027,576240,380
bre,5,7,0.01,-0.8389407109730737,576240,380
bre,5,7,0.1,-0.8505917756274125,576240,380
bre,0,8,0.001,-2.2795859994365517,1,1
bre,0,8,0.01,-2.2795860354362683,1,1
bre,0,8,0.1,-2.27958639580094,1,1
bre,1,8,0.001,-0.08163951788397376,15,14
bre,1,8,0.01,-0.08161364190025977,15,14
bre,1,8,0.1,-0.08164332141266753,15,14
bre,2,8,0.001,-0.08828643527283186,210,65
bre,2,8,0.01,-0.0876786492976469,210,65
bre,2,8,0.1,-0.08736779364125147,210,65
bre,3,8,0.001,-0.12248005670723996,2940,185
bre,3,8,0.01,-0.12023433505121782,2940,185
bre,3,8,0.1,-0.11964337055233491,2940,185
bre,4,8,0.001,-0.3398588215442641,41160,327
bre,4,8,0.01,-0.33474930933335484,41160,327
bre,4,8,0.1,-0.33469809827933106,41160,327
bre,5,8,0.001,-0.8559557190840821,576240,449
bre,5,8,0.01,-0.8503346073975905,576240,449
bre,5,8,0.1,-0.8533528796075922,576240,449
bre,0,9,0.001,-2.221677675060973,1,1
bre,0,9,0.01,-2.2216776603895547,1,1
bre,0,9,0.1,-2.2216775142145573,1,1
bre,1,9,0.001,-0.08251918282382463,15,14
bre,1,9,0.01,-0.08252356138433584,15,14
bre,1,9,0.1,-0.08256773500535511,15,14
bre,2,9,0.001,-0.08049420323051287,210,65
bre,2,9,0.01,-0.0797154948643911,210,65
bre,2,9,0.1,-0.07947591205445483,210,65
bre,3,9,0.001,-0.0974278844425249,2940,188
bre,3,9,0.01,-0.09264098493693465,2940,188
bre,3,9,0.1,-0.09128453239776108,2940,188
bre,4,9,0.001,-0.22377278328112096,41160,320
bre,4,9,0.01,-0.21783942262661993,41160,320
bre,4,9,0.1,-0.22366643332908578,41160,320
bre,5,9,0.001,-0.8628904985455806,576240,422
bre,5,9,0.01,-0.8566400758813533,576240,422
bre,5,9,0.1,-0.8620415490646214,576240,422
bre,0,10,0.001,-2.2034028052965193,1,1
bre,0,10,0.01,-2.2034027479815035,1,1
bre,0,10,0.1,-2.203402175495258,1,1
bre,1,10,0.001,-0.08111239899490517,15,14
bre,1,10,0.01,-0.08111827378316525,15,14
bre,1,10,0.1,-0.08117700185880708,15,14
bre,2,10,0.001,-0.07701848956722744,210,61
bre,2,10,0.01,-0.07681731356511708,210,61
bre,2,10,0.1,-0.07686830226524634,210,61
bre,3,10,0.001,-0.0906170126573258,2940,145
bre,3,10,0.01,-0.08969140042297942,2940,145
bre,3,10,0.1,-0.09011349136569251,2940,145
bre,4,10,0.001,-0.16719076793968457,41160,228
bre,4,10,0.01,-0.16241674260335565,41160,228
bre,4,10,0.1,-0.16481075376803767,41160,228
bre,5,10,0.001,-0.5467687474998638,576240,292
bre,5,10,0.01,-0.5396487021736817,576240,292
bre,5,10,0.1,-0.548092968974879,576240,292
bre,0,11,0.001,-2.2938890407827985,1,1
bre,0,11,0.01,-2.2938890641054015,1,1
bre,0,11,0.1,-2.293889297737787,1,1
bre,1,11,0.001,-0.06491334483472531,15,14
bre,1,11,0.01,-0.06491960846090175,15,14
bre,1,11,0.1,-0.0649823406687583,15,14
bre,2,11,0.001,-0.06414397125298557,210,64
bre,2,11,0.01,-0.06398670644303366,210,64
bre,2,11,0.1,-0.06431807195489571,210,64
bre,3,11,0.001,-0.07258205366342714,2940,179
bre,3,11,0.01,-0.07085877087108064,2940,179
bre,3,11,0.1,-0.07163481383141718,2940,179
bre,4,11,0.001,-0.22703782435509093,41160,315
bre,4,11,0.01,-0.21859692926205274,41160,315
bre,4,11,0.1,-0.21742449692952023,41160,315
bre,5,11,0.001,-0.6971502824906199,576240,425
bre,5,11,0.01,-0.6933365481733693,576240,425
bre,5,11,0.1,-0.6995831956534484,576240,425
bre,0,12,0.001,-2.231979747856081,1,1
bre,0,12,0.01,-2.2319796558718275,1,1
bre,0,12,0.1,-2.2319787367243964,1,1
bre,1,12,0.001,-0.08085450602918715,15,14
bre,1,12,0.01,-0.08085959698540536,15,14
bre,1,12,0.1,-0.08091073032072114,15,14
bre,2,12,0.001,-0.07664985798400116,210,63
bre,2,12,0.01,-0.07620664635563462,210,63
bre,2,12,0.1,-0.0760840533734993,210,63
bre,3,12,0.001,-0.08489738627205966,2940,169
bre,3,12,0.01,-0.08202318095156738,2940,169
bre,3,12,0.1,-0.08171541841714669,2940,169
bre,4,12,0.001,-0.2337346988653856,41160,287
bre,4,12,0.01,-0.2289613940753695,41160,287
bre,4,12,0.1,-0.2298640212081227,41160,287
bre,5,12,0.001,-0.9499069501222017,576240,357
bre,5,12,0.01,-0.9013106037796073,576240,357
bre,5,12,0.1,-0.8773859640345417,576240,357
bre,0,13,0.001,-2.3723918227595084,1,1
bre,0,13,0.01,-2.3723917450159218,1,1
bre,0,13,0.1,-2.372390968087529,1,1
bre,1,13,0.001,-0.07701929630514241,15,14
bre,1,13,0.01,-0.07702516579393834,15,14
bre,1,13,0.1,-0.07708403653114437,15,14
bre,2,13,0.001,-0.07312635196826835,210,66
bre,2,13,0.01,-0.07285577951050491,210,66
bre,2,13,0.1,-0.0728954046057729,210,66
bre,3,13,0.001,-0.0916472131329188,2940,187
bre,3,13,0.01,-0.08944881008739032,2940,187
bre,3,13,0.1,-0.09120828852780534,2940,187
bre,4,13,0.001,-0.30094670993193545,41160,327
bre,4,13,0.01,-0.29684544456351214,41160,327
bre,4,13,0.1,-0.3008868678746875,41160,327
bre,5,13,0.001,-0.8851164860098356,576240,448
bre,5,13,0.01,-0.8801390489575323,576240,448
bre,5,13,0.1,-0.8882265030762537,576240,448
bre,0,14,0.001,-2.1479813208301315,1,1
bre,0,14,0.01,-2.1479813053190986,1,1
bre,0,14,0.1,-2.1479811508218045,1,1
bre,1,14,0.001,-0.10141859330045491,15,14
bre,1,14,0.01,-0.101423747620742,15,14
bre,1,14,0.1,-0.1014753077184854,15,14
bre,2,14,0.001,-0.09542307628233317,210,58
bre,2,14,0.01,-0.09520019741299157,210,58
bre,2,14,0.1,-0.09536354889559685,210,58
bre,3,14,0.001,-0.1078299134478212,2940,157
bre,3,14,0.01,-0.10627083748673377,2940,157
bre,3,14,0.1,-0.10767662181711055,2940,157
bre,4,14,0.001,-0.2429077016609624,41160,264
bre,4,14,0.01,-0.23085695179212123,41160,264
bre,4,14,0.1,-0.22702088708751844,41160,264
bre,5,14,0.001,-0.723345253731267,576240,340
bre,5,14,0.01,-0.7178881169095582,576240,340
bre,5,14,0.1,-0.7241567870287229,576240,340
bre,0,15,0.001,-2.2918216329673244,1,1
bre,0,15,0.01,-2.2918215950403016,1,1
bre,0,15,0.1,-2.291821216288463,1,1
bre,1,15,0.001,-0.0729367046134429,15,14
bre,1,15,0.01,-0.07294274245869216,15,14
bre,1,15,0.1,-0.0730032265028959,15,14
bre,2,15,0.001,-0.06985862594540723,210,66
bre,2,15,0.01,-0.06985277046183662,210,66
bre,2,15,0.1,-0.07019033796390706,210,66
bre,3,15,0.001,-0.07411020564081633,2940,174
bre,3,15,0.01,-0.07211348888046906,2940,174
bre,3,15,0.1,-0.07184039839155408,2940,174
bre,4,15,0.001,-0.26693606489765137,41160,292
bre,4,15,0.01,-0.26176470383222744,41160,292
bre,4,15,0.1,-0.26187765750832454,41160,292
bre,5,15,0.001,-0.8089975658042622,576240,379
bre,5,15,0.01,-0.8034542715844069,576240,379
bre,5,15,0.1,-0.806627923748136,576240,379
bre,0,16,0.001,-2.188196278092895,1,1
bre,0,16,0.01,-2.188196256920737,1,1
bre,0,16,0.1,-2.18819604579729,1,1
bre,1,16,0.001,-0.08549649715775966,15,14
bre,1,16,0.01,-0.08550185190473711,15,14
bre,1,16,0.1,-0.08555552059635207,15,14
bre,2,16,0.001,-0.08143750013182698,210,62
bre,2,16,0.01,-0.08116610494213333,210,62
bre,2,16,0.1,-0.08124426283624678,210,62
bre,3,16,0.001,-0.09435378079500181,2940,165
bre,3,16,0.01,-0.09284731421517436,2940,165
bre,3,16,0.1,-0.09267626081913716,2940,165
bre,4,16,0.001,-0.24364741109877577,41160,267
bre,4,16,0.01,-0.24052014093677732,41160,267
bre,4,16,0.1,-0.2420387447980433,41160,267
bre,5,16,0.001,-0.5559537669063677,576240,340
bre,5,16,0.01,-0.5523639763224819,576240,340
bre,5,16,0.1,-0.5592632354026185,576240,340
bre,0,17,0.001,-2.300058105850229,1,1
bre,0,17,0.01,-2.300058091431062,1,1
bre,0,17,0.1,-2.300057947719205,1,1
bre,1,17,0.001,-0.08109340827062701,15,14
bre,1,17,0.01,-0.08109908406141739,15,14
bre,1,17,0.1,-0.08115595054560408,15,14
bre,2,17,0.001,-0.07661104596159778,210,62
bre,2,17,0.01,-0.07658671755022592,210,62
bre,2,17,0.1,-0.07708266069312877,210,62
bre,3,17,0.001,-0.08174292552542324,2940,164
bre,3,17,0.01,-0.08065301087454091,2940,164
bre,3,17,0.1,-0.0815478535806064,2940,164
bre,4,17,0.001,-0.17070486120202205,41160,282
bre,4,17,0.01,-0.16549699461579823,41160,282
bre,4,17,0.1,-0.16616003178864475,41160,282
bre,5,17,0.001,-0.4913724493047101,576240,386
bre,5,17,0.01,-0.483686748976773,576240,386
bre,5,17,0.1,-0.4901927646890543,576240,386
bre,0,18,0.001,-2.1779172900918535,1,1
bre,0,18,0.01,-2.177917350869316,1,1
bre,0,18,0.1,-2.1779179590807547,1,1
bre,1,18,0.001,-0.07170946098310724,15,14
bre,1,18,0.01,-0.07167667199016628,15,14
bre,1,18,0.1,-0.07169305196479073,15,14
bre,2,18,0.001,-0.0808985356248676,210,61
bre,2,18,0.01,-0.08063317158057841,210,61
bre,2,18,0.1,-0.0807324716952953,210,61
bre,3,18,0.001,-0.10161064794684038,2940,173
bre,3,18,0.01,-0.09995130511139491,2940,173
bre,3,18,0.1,-0.10045508877836637,2940,173
bre,4,18,0.001,-0.26424040514199465,41160,304
bre,4,18,0.01,-0.2588652833552728,41160,304
bre,4,18,0.1,-0.26111775924600567,41160,304
bre,5,18,0.001,-0.8174032951501723,576240,408
bre,5,18,0.01,-0.7919364090213723,576240,408
bre,5,18,0.1,-0.7832299908125904,576240,408
bre,0,19,0.001,-2.222808993958072,1,1
bre,0,19,0.01,-2.2228090067711896,1,1
bre,0,19,0.1,-2.222809135387199,1,1
bre,1,19,0.001,-0.07759048690229815,15,14
bre,1,19,0.01,-0.0775957796682581,15,14
bre,1,19,0.1,-0.07764877897116283,15,14
bre,2,19,0.001,-0.074943389304884,210,63
bre,2,19,0.01,-0.07439485931516558,210,63
bre,2,19,0.1,-0.07421602307821892,210,63
bre,3,19,0.001,-0.10151118032991077,2940,175
bre,3,19,0.01,-0.09910915083094286,2940,175
bre,3,19,0.1,-0.10067064440064348,2940,175
bre,4,19,0.001,-0.47320509238498415,41160,303
bre,4,19,0.01,-0.46643495368691884,41160,303
bre,4,19,0.1,-0.46625436016734395,41160,303
bre,5,19,0.001,-1.0238182873121118,576240,390
bre,5,19,0.01,-0.9896597282950386,576240,390
bre,5,19,0.1,-0.9737236730367064,576240,390
bre,0,20,0.001,-2.2437370505357452,1,1
bre,0,20,0.01,-2.2437369891575014,1,1
bre,0,20,0.1,-2.243736376003481,1,1
bre,1,20,0.001,-0.08405669931301685,15,14
bre,1,20,0.01,-0.08406260133207108,15,14
bre,1,20,0.1,-0.08412161956532549,15,14
bre,2,20,0.001,-0.0799913150938431,210,64
bre,2,20,0.01,-0.07974769748496309,210,64
bre,2,20,0.1,-0.07975476168085267,210,64
bre,3,20,0.001,-0.10318122459047688,2940,172
bre,3,20,0.01,-0.10080959996745092,2940,172
bre,3,20,0.1,-0.09999018130448718,2940,172
bre,4,20,0.001,-0.3102603156711762,41160,271
bre,4,20,0.01,-0.3065370564800602,41160,271
bre,4,20,0.1,-0.3085084951646488,41160,271
bre,5,20,0.001,-0.9516940092163122,576240,328
bre,5,20,0.01,-0.9172891328845887,576240,328
bre,5,20,0.1,-0.8972427620194681,576240,328
bre,0,21,0.001,-2.1680417224559205,1,1
bre,0,21,0.01,-2.168041783298193,1,1
bre,0,21,0.1,-2.168042392166812,1,1
bre,1,21,0.001,-0.09158372760438835,15,14
bre,1,21,0.01,-0.09158890030057523,15,14
bre,1,21,0.1,-0.09164068860500157,15,14
bre,2,21,0.001,-0.08874960436155908,210,63
bre,2,21,0.01,-0.08826847570940283,210,63
bre,2,21,0.1,-0.08802733638342927,210,63
bre,3,21,0.001,-0.12491771796944723,2940,166
bre,3,21,0.01,-0.12277124910182317,2940,166
bre,3,21,0.1,-0.12265151446565084,2940,166
bre,4,21,0.001,-0.31585205256914317,41160,291
bre,4,21,0.01,-0.30673857624839346,41160,291
bre,4,21,0.1,-0.3045616343076605,41160,291
bre,5,21,0.001,-0.8541420878385297,576240,405
bre,5,21,0.01,-0.8499037815595971,576240,405
bre,5,21,0.1,-0.855896183026683,576240,405
bre,0,22,0.001,-2.201653743119428,1,1
bre,0,22,0.01,-2.201653722028709,1,1
bre,0,22,0.1,-2.2016535116998766,1,1
bre,1,22,0.001,-0.08381068323056838,15,14
bre,1,22,0.01,-0.08381612913473362,15,14
bre,1,22,0.1,-0.08387066575096104,15,14
bre,2,22,0.001,-0.08122176341231589,210,61
bre,2,22,0.01,-0.08116091998282876,210,61
bre,2,22,0.1,-0.08145334658733765,210,61
bre,3,22,0.001,-0.08719106103782936,2940,154
bre,3,22,0.01,-0.08515475899512677,2940,154
bre,3,22,0.1,-0.08585462493576923,2940,154
bre,4,22,0.001,-0.2653662125101635,41160,259
bre,4,22,0.01,-0.25887413949603355,41160,259
bre,4,22,0.1,-0.2601583710100781,41160,259
bre,5,22,0.001,-0.647190090939879,576240,338
bre,5,22,0.01,-0.6380078676605505,576240,338
bre,5,22,0.1,-0.6415362558073539,576240,338
bre,0,23,0.001,-2.2925987813078326,1,1
bre,0,23,0.01,-2.2925987245853814,1,1
bre,0,23,0.1,-2.292598157901439,1,1
bre,1,23,0.001,-0.0676289291527709,15,14
bre,1,23,0.01,-0.06763536777342606,15,14
bre,1,23,0.1,-0.06769976422747322,15,14
bre,2,23,0.001,-0.06481890678344074,210,61
bre,2,23,0.01,-0.06453058672104103,210,61
bre,2,23,0.1,-0.06458178634697363,210,61
bre,3,23,0.001,-0.16845227936686272,2940,172
bre,3,23,0.01,-0.16662899381389687,2940,172
bre,3,23,0.1,-0.16664767167927305,2940,172
bre,4,23,0.001,-0.36410823332809633,41160,281
bre,4,23,0.01,-0.36095014863402947,41160,281
bre,4,23,0.1,-0.3628667396733721,41160,281
bre,5,23,0.001,-0.9299502084503127,576240,365
bre,5,23,0.01,-0.9252330524307357,576240,365
bre,5,23,0.1,-0.9292197054204134,576240,365
bre,0,24,0.001,-2.2289334330484105,1,1
bre,0,24,0.01,-2.2289334128872706,1,1
bre,0,24,0.1,-2.2289332118309924,1,1
bre,1,24,0.001,-0.0861116646760964,15,14
bre,1,24,0.01,-0.08611694368692169,15,14
bre,1,24,0.1,-0.08616992620683146,15,14
bre,2,24,0.001,-0.08250450900065506,210,65
bre,2,24,0.01,-0.08197128914102754,210,65
bre,2,24,0.1,-0.08183817296234852,210,65
bre,3,24,0.001,-0.10880149621043811,2940,166
bre,3,24,0.01,-0.10687714360803219,2940,166
bre,3,24,0.1,-0.10661839616025391,2940,166
bre,4,24,0.001,-0.24865051895372225,41160,281
bre,4,24,0.01,-0.24549169812807248,41160,281
bre,4,24,0.1,-0.24900246175338525,41160,281
bre,5,24,0.001,-0.7479764448604832,576240,349
bre,5,24,0.01,-0.7445586839465416,576240,349
bre,5,24,0.1,-0.7500209544158499,576240,349
bre,0,25,0.001,-2.2694195391065968,1,1
bre,0,25,0.01,-2.269419541884096,1,1
bre,0,25,0.1,-2.269419570120635,1,1
bre,1,25,0.001,-0.08332046881810867,15,14
bre,1,25,0.01,-0.08332681127829232,15,14
bre,1,25,0.1,-0.08339028331912596,15,14
bre,2,25,0.001,-0.0797485085800963,210,61
bre,2,25,0.01,-0.07965498790476415,210,61
bre,2,25,0.1,-0.0798016515649494,210,61
bre,3,25,0.001,-0.08548581892655109,2940,149
bre,3,25,0.01,-0.0841067065540183,2940,149
bre,3,25,0.1,-0.08431365399300737,2940,149
bre,4,25,0.001,-0.1565004817894374,41160,253
bre,4,25,0.01,-0.1539035170717179,41160,253
bre,4,25,0.1,-0.1554724510735063,41160,253
bre,5,25,0.001,-0.5313825455423218,576240,329
bre,5,25,0.01,-0.5286728552994883,576240,329
bre,5,25,0.1,-0.5353616014377727,576240,329
bre,0,26,0.001,-2.289116634277229,1,1
bre,0,26,0.01,-2.2891166301800685,1,1
bre,0,26,0.1,-2.2891165896758663,1,1
bre,1,26,0.001,-0.07489694591481325,15,14
bre,1,26,0.01,-0.07490256045138127,15,14
bre,1,26,0.1,-0.07495885031842234,15,14
bre,2,26,0.001,-0.07381799633289284,210,65
bre,2,26,0.01,-0.07325639760779754,210,65
bre,2,26,0.1,-0.07310445613289059,210,65
bre,3,26,0.001,-0.08678411295502139,2940,170
bre,3,26,0.01,-0.08483286411413625,2940,170
bre,3,26,0.1,-0.084266158882723,2940,170
bre,4,26,0.001,-0.23200326185610418,41160,291
bre,4,26,0.01,-0.22904459958455564,41160,291
bre,4,26,0.1,-0.2316345589772852,41160,291
bre,5,26,0.001,-0.5513218946809259,576240,389
bre,5,26,0.01,-0.548024934375035,576240,389
bre,5,26,0.1,-0.5544657815942239,576240,389
bre,0,27,0.001,-2.3615675447721873,1,1
bre,0,27,0.01,-2.36156745275237,1,1
bre,0,27,0.1,-2.3615665331160867,1,1
bre,1,27,0.001,-0.07643618644259007,15,14
bre,1,27,0.01,-0.0764415552400924,15,14
bre,1,27,0.1,-0.07649571506228338,15,14
bre,2,27,0.001,-0.07353187572135551,210,66
bre,2,27,0.01,-0.07302458965406011,210,66
bre,2,27,0.1,-0.07314328954944077,210,66
bre,3,27,0.001,-0.09954155541555065,2940,176
bre,3,27,0.01,-0.09502448448749289,2940,176
bre,3,27,0.1,-0.09319512435376105,2940,176
bre,4,27,0.001,-0.3294039330283868,41160,295
bre,4,27,0.01,-0.3238568959658117,41160,295
bre,4,27,0.1,-0.32379853325116,41160,295
bre,5,27,0.001,-0.7304833898494908,576240,382
bre,5,27,0.01,-0.6986102750858195,576240,382
bre,5,27,0.1,-0.6848699651259652,576240,382
bre,0,28,0.001,-2.3294452727376944,1,1
bre,0,28,0.01,-2.329445171644772,1,1
bre,0,28,0.1,-2.329444161329891,1,1
bre,1,28,0.001,-0.06897925921711073,15,14
bre,1,28,0.01,-0.06898599198785774,15,14
bre,1,28,0.1,-0.06905333000399977,15,14
bre,2,28,0.001,-0.06670135213097655,210,63
bre,2,28,0.01,-0.06642097400782908,210,63
bre,2,28,0.1,-0.06646997858389578,210,63
bre,3,28,0.001,-0.07276135001625497,2940,153
bre,3,28,0.01,-0.07074584280955544,2940,153
bre,3,28,0.1,-0.07047264936410075,2940,153
bre,4,28,0.001,-0.29198692680371613,41160,233
bre,4,28,0.01,-0.28703963709731917,41160,233
bre,4,28,0.1,-0.28838407806042443,41160,233
bre,5,28,0.001,-0.9253028070140427,576240,294
bre,5,28,0.01,-0.9200116551579527,576240,294
bre,5,28,0.1,-0.924384281709967,576240,294
bre,0,29,0.001,-2.306864231828059,1,1
bre,0,29,0.01,-2.3068641490651913,1,1
bre,0,29,0.1,-2.3068633220216763,1,1
bre,1,29,0.001,-0.1021168152802618,15,14
bre,1,29,0.01,-0.10212143693829082,15,14
bre,1,29,0.1,-0.10216805111718545,15,14
bre,2,29,0.001,-0.09898118428734472,210,65
bre,2,29,0.01,-0.09836288950098718,210,65
bre,2,29,0.1,-0.0992616552067084,210,65
bre,3,29,0.001,-0.130793265566208,2940,184
bre,3,29,0.01,-0.12638140057067224,2940,184
bre,3,29,0.1,-0.12642350861994378,2940,184
bre,4,29,0.001,-0.3408122149530433,41160,319
bre,4,29,0.01,-0.33628650059271264,41160,319
bre,4,29,0.1,-0.33849379425675363,41160,319
bre,5,29,0.001,-0.8461865459418115,576240,428
bre,5,29,0.01,-0.8423625345238188,576240,428
bre,5,29,0.1,-0.8471038155490305,576240,428
bre,0,30,0.001,-2.297203059625184,1,1
bre,0,30,0.01,-2.2972029822770064,1,1
bre,0,30,0.1,-2.297202209386546,1,1
bre,1,30,0.001,-0.06316373502039933,15,14
bre,1,30,0.01,-0.06316990498934047,15,14
bre,1,30,0.1,-0.06323170170033514,15,14
bre,2,30,0.001,-0.05996188473074534,210,64
bre,2,30,0.01,-0.05969440589367727,210,64
bre,2,30,0.1,-0.05976696136960421,210,64
bre,3,30,0.001,-0.07400956722510527,2940,170
bre,3,30,0.01,-0.07242227499565293,2940,170
bre,3,30,0.1,-0.07418536568565515,2940,170
bre,4,30,0.001,-0.15732806505515098,41160,275
bre,4,30,0.01,-0.15455042328435478,41160,275
bre,4,30,0.1,-0.15788821565614797,41160,275
bre,5,30,0.001,-0.7392835396208489,576240,343
bre,5,30,0.01,-0.7355178263121313,576240,343
bre,5,30,0.1,-0.7413931406446461,576240,343
bre,0,31,0.001,-2.2501642475932644,1,1
bre,0,31,0.01,-2.2501641901317986,1,1
bre,0,31,0.1,-2.2501636161191136,1,1
bre,1,31,0.001,-0.08512066934106753,15,14
bre,1,31,0.01,-0.08512572875461821,15,14
bre,1,31,0.1,-0.08517637554928807,15,14
bre,2,31,0.001,-0.0820026328533725,210,62
bre,2,31,0.01,-0.08173401824797973,210,62
bre,2,31,0.1,-0.08185504706036921,210,62
bre,3,31,0.001,-0.11249359651059304,2940,176
bre,3,31,0.01,-0.1076119009791499,2940,176
bre,3,31,0.1,-0.10720838385123717,2940,176
bre,4,31,0.001,-0.364835339476999,41160,309
bre,4,31,0.01,-0.3520365165798486,41160,309
bre,4,31,0.1,-0.35048242338410784,41160,309
bre,5,31,0.001,-0.9971997362357536,576240,420
bre,5,31,0.01,-0.9923212906191853,576240,420
bre,5,31,0.1,-0.998999078004707,576240,420
bre,0,32,0.001,-2.2723856503196544,1,1
bre,0,32,0.01,-2.2723856359923316,1,1
bre,0,32,0.1,-2.2723854932059746,1,1
bre,1,32,0.001,-0.09178061068660538,15,14
bre,1,32,0.01,-0.09178524547728563,15,14
bre,1,32,0.1,-0.0918317226340794,15,14
bre,2,32,0.001,-0.08732070124487272,210,64
bre,2,32,0.01,-0.08702808211382079,210,64
bre,2,32,0.1,-0.08713951466041507,210,64
bre,3,32,0.001,-0.10260774440812437,2940,187
bre,3,32,0.01,-0.09964035639618898,2940,187
bre,3,32,0.1,-0.10154250883256916,2940,187
bre,4,32,0.001,-0.3350462915773012,41160,354
bre,4,32,0.01,-0.32867083476203834,41160,354
bre,4,32,0.1,-0.33511320587029797,41160,354
bre,5,32,0.001,-1.0939665148268154,576240,491
bre,5,32,0.01,-1.0864419200171127,576240,491
bre,5,32,0.1,-1.0916597966941257,576240,491
bre,0,33,0.001,-2.2142592312204186,1,1
bre,0,33,0.01,-2.214259193990842,1,1
bre,0,33,0.1,-2.2142588222924506,1,1
bre,1,33,0.001,-0.07690983500886761,15,14
bre,1,33,0.01,-0.07691571679143798,15,14
bre,1,33,0.1,-0.0769746118020194,15,14
bre,2,33,0.001,-0.07374865171548839,210,63
bre,2,33,0.01,-0.07336431904313609,210,63
bre,2,33,0.1,-0.0732432193287197,210,63
bre,3,33,0.001,-0.08180969290865459,2940,148
bre,3,33,0.01,-0.08036325761150723,2940,148
bre,3,33,0.1,-0.08070801398021894,2940,148
bre,4,33,0.001,-0.22815401360800047,41160,238
bre,4,33,0.01,-0.22333092779040448,41160,238
bre,4,33,0.1,-0.22450964904543344,41160,238
bre,5,33,0.001,-0.7149095519976342,576240,304
bre,5,33,0.01,-0.7053594163602339,576240,304
bre,5,33,0.1,-0.7067618960591107,576240,304
bre,0,34,0.001,-2.211791386855182,1,1
bre,0,34,0.01,-2.211791386112411,1,1
bre,0,34,0.1,-2.2117913792019523,1,1
bre,1,34,0.001,-0.09984071947448754,15,14
bre,1,34,0.01,-0.09984499759715855,15,14
bre,1,34,0.1,-0.09988824565132018,15,14
bre,2,34,0.001,-0.09492610957500915,210,65
bre,2,34,0.01,-0.09462940498353811,210,65
bre,2,34,0.1,-0.09486920806348992,210,65
bre,3,34,0.001,-0.10988670050024657,2940,177
bre,3,34,0.01,-0.10584306901297155,2940,177
bre,3,34,0.1,-0.10632291989793163,2940,177
bre,4,34,0.001,-0.21431681094205415,41160,304
bre,4,34,0.01,-0.20686201911471824,41160,304
bre,4,34,0.1,-0.21117303992882436,41160,304
bre,5,34,0.001,-0.7334735051757569,576240,390
bre,5,34,0.01,-0.7246788778802014,576240,390
bre,5,34,0.1,-0.7258394233352485,576240,390
bre,0,35,0.001,-2.2480532054595037,1,1
bre,0,35,0.01,-2.2480531679149443,1,1
bre,0,35,0.1,-2.2480527930145002,1,1
bre,1,35,0.001,-0.06823437022445829,15,14
bre,1,35,0.01,-0.06823989660471946,15,14
bre,1,35,0.1,-0.06829546508120554,15,14
bre,2,35,0.001,-0.06574083314806073,210,62
bre,2,35,0.01,-0.06531271712233863,210,62
bre,2,35,0.1,-0.06523993057017578,210,62
bre,3,35,0.001,-0.18104616639556756,2940,166
bre,3,35,0.01,-0.1789025717708083,2940,166
bre,3,35,0.1,-0.18015533941433862,2940,166
bre,4,35,0.001,-0.37158500218147467,41160,284
bre,4,35,0.01,-0.36806686115366877,41160,284
bre,4,35,0.1,-0.3718593424611202,41160,284
bre,5,35,0.001,-0.9923923309819591,576240,365
bre,5,35,0.01,-0.9887989908435659,576240,365
bre,5,35,0.1,-0.9999524029432071,576240,365
bre,0,36,0.001,-2.3306635278169794,1,1
bre,0,36,0.01,-2.3306634481899136,1,1
bre,0,36,0.1,-2.3306626524922835,1,1
bre,1,36,0.001,-0.0761984639085551,15,14
bre,1,36,0.01,-0.07610551584883278,15,14
bre,1,36,0.1,-0.07606468588257675,15,14
bre,2,36,0.001,-0.0827267583916856,210,65
bre,2,36,0.01,-0.08232338742254808,210,65
bre,2,36,0.1,-0.08228576613322901,210,65
bre,3,36,0.001,-0.12090417967340053,2940,179
bre,3,36,0.01,-0.11838174318694869,2940,179
bre,3,36,0.1,-0.11877240893443664,2940,179
bre,4,36,0.001,-0.3816598017325787,41160,310
bre,4,36,0.01,-0.37730401958440674,41160,310
bre,4,36,0.1,-0.38072004766318646,41160,310
bre,5,36,0.001,-0.9133476660139663,576240,409
bre,5,36,0.01,-0.9082574193949605,576240,409
bre,5,36,0.1,-0.9127653314379252,576240,409
bre,0,37,0.001,-2.210426190707086,1,1
bre,0,37,0.01,-2.210426196623302,1,1
bre,0,37,0.1,-2.2104262562884536,1,1
bre,1,37,0.001,-0.09020651677073652,15,14
bre,1,37,0.01,-0.09016849128490202,15,14
bre,1,37,0.1,-0.09018158780688158,15,14
bre,2,37,0.001,-0.09798774968261809,210,60
bre,2,37,0.01,-0.09766865426069132,210,60
bre,2,37,0.1,-0.09762449493879877,210,60
bre,3,37,0.001,-0.11253377304147327,2940,164
bre,3,37,0.01,-0.11074886503283103,2940,164
bre,3,37,0.1,-0.1105309111223558,2940,164
bre,4,37,0.001,-0.3367757911428736,41160,282
bre,4,37,0.01,-0.3318326064097085,41160,282
bre,4,37,0.1,-0.3316182055186018,41160,282
bre,5,37,0.001,-0.6674642644390889,576240,372
bre,5,37,0.01,-0.6583725901563168,576240,372
bre,5,37,0.1,-0.6604724575234512,576240,372
bre,0,38,0.001,-2.221563372423111,1,1
bre,0,38,0.01,-2.221563307837093,1,1
bre,0,38,0.1,-2.2215626626312006,1,1
bre,1,38,0.001,-0.09034363256363483,15,14
bre,1,38,0.01,-0.09034950052812155,15,14
bre,1,38,0.1,-0.09040826630445148,15,14
bre,2,38,0.001,-0.08704360578508133,210,61
bre,2,38,0.01,-0.08646350767166418,210,61
bre,2,38,0.1,-0.08625968891221436,210,61
bre,3,38,0.001,-0.12138308544748297,2940,144
bre,3,38,0.01,-0.11958233282497263,2940,144
bre,3,38,0.1,-0.11969237742291226,2940,144
bre,4,38,0.001,-0.22009524792734309,41160,232
bre,4,38,0.01,-0.21736395843516063,41160,232
bre,4,38,0.1,-0.21973870695343217,41160,232
bre,5,38,0.001,-0.6046758919737294,576240,296
bre,5,38,0.01,-0.6011061243299031,576240,296
bre,5,38,0.1,-0.6124820891397917,576240,296
bre,0,39,0.001,-2.3809301284596485,1,1
bre,0,39,0.01,-2.3809300068407913,1,1
bre,0,39,0.1,-2.380928791224972,1,1
bre,1,39,0.001,-0.08005265762272683,15,14
bre,1,39,0.01,-0.08005918447857485,15,14
bre,1,39,0.1,-0.08012447117532581,15,14
bre,2,39,0.001,-0.07629409561747247,210,61
bre,2,39,0.01,-0.07623457590563729,210,61
bre,2,39,0.1,-0.07651598769741126,210,61
bre,3,39,0.001,-0.08478177836318805,2940,166
bre,3,39,0.01,-0.08270117191741201,2940,166
bre,3,39,0.1,-0.08294071215857222,2940,166
bre,4,39,0.001,-0.2475210015500176,41160,290
bre,4,39,0.01,-0.24332564684162236,41160,290
bre,4,39,0.1,-0.246227082388942,41160,290
bre,5,39,0.001,-0.6645723288266894,576240,395
bre,5,39,0.01,-0.6608315771580089,576240,395
bre,5,39,0.1,-0.6670962277053103,576240,395
bre,0,40,0.001,-2.161813714934805,1,1
bre,0,40,0.01,-2.1618137530128934,1,1
bre,0,40,0.1,-2.161814134286275,1,1
bre,1,40,0.001,-0.09694493693450687,15,14
bre,1,40,0.01,-0.09694966379355419,15,14
bre,1,40,0.1,-0.09699707554840956,15,14
bre,2,40,0.001,-0.09202954478378979,210,63
bre,2,40,0.01,-0.09185793950707684,210,63
bre,2,40,0.1,-0.092072496042033,210,63
bre,3,40,0.001,-0.11332183946074073,2940,172
bre,3,40,0.01,-0.10945042183830674,2940,172
bre,3,40,0.1,-0.10956437851219959,2940,172
bre,4,40,0.001,-0.33834773567584725,41160,292
bre,4,40,0.01,-0.334396144103862,41160,292
bre,4,40,0.1,-0.3373009306047717,41160,292
bre,5,40,0.001,-0.7969715298268262,576240,390
bre,5,40,0.01,-0.7928175037132448,576240,390
bre,5,40,0.1,-0.797802880990279,576240,390
bre,0,41,0.001,-2.1499912984410354,1,1
bre,0,41,0.01,-2.1499912818569133,1,1
bre,0,41,0.1,-2.149991116617732,1,1
bre,1,41,0.001,-0.08041491459594671,15,14
bre,1,41,0.01,-0.08036818541239313,15,14
bre,1,41,0.1,-0.08037038969892621,15,14
bre,2,41,0.001,-0.091716195914214,210,63
bre,2,41,0.01,-0.09149606477906976,210,63
bre,2,41,0.1,-0.0916342832398014,210,63
bre,3,41,0.001,-0.09702864534347853,2940,161
bre,3,41,0.01,-0.09516575263204617,2940,161
bre,3,41,0.1,-0.09569465137107448,2940,161
bre,4,41,0.001,-0.2759535316444405,41160,268
bre,4,41,0.01,-0.2707150512944347,41160,268
bre,4,41,0.1,-0.2727935994151817,41160,268
bre,5,41,0.001,-0.6764386641195999,576240,336
bre,5,41,0.01,-0.670324879900669,576240,336
bre,5,41,0.1,-0.6744147890195702,576240,336
bre,0,42,0.001,-2.2886521412298104,1,1
bre,0,42,0.01,-2.2886520936148593,1,1
bre,0,42,0.1,-2.288651618002448,1,1
bre,1,42,0.001,-0.08325024171692384,15,14
bre,1,42,0.01,-0.08325573320398712,15,14
bre,1,42,0.1,-0.08331069467856143,15,14
bre,2,42,0.001,-0.0808732817850402,210,65
bre,2,42,0.01,-0.08026596190107076,210,65
bre,2,42,0.1,-0.08003843903055748,210,65
bre,3,42,0.001,-0.0918517940497473,2940,188
bre,3,42,0.01,-0.08935092505218432,2940,188
bre,3,42,0.1,-0.08998294509579197,2940,188
bre,4,42,0.001,-0.376189295123515,41160,332
bre,4,42,0.01,-0.36449789433337004,41160,332
bre,4,42,0.1,-0.3625718457743714,41160,332
bre,5,42,0.001,-1.0849374832717655,576240,443
bre,5,42,0.01,-1.0795381045081434,576240,443
bre,5,42,0.1,-1.0831482759867777,576240,443
bre,0,43,0.001,-2.297862773250126,1,1
bre,0,43,0.01,-2.2978626901256223,1,1
bre,0,43,0.1,-2.2978618594701077,1,1
bre,1,43,0.001,-0.07200721535621966,15,14
bre,1,43,0.01,-0.07201320149635126,15,14
bre,1,43,0.1,-0.07207312816510733,15,14
bre,2,43,0.001,-0.06886322663980567,210,63
bre,2,43,0.01,-0.068795039143088,210,63
bre,2,43,0.1,-0.06901602043870676,210,63
bre,3,43,0.001,-0.07647077933580311,2940,170
bre,3,43,0.01,-0.0738903004539743,2940,170
bre,3,43,0.1,-0.0744036281549102,2940,170
bre,4,43,0.001,-0.3118905345695484,41160,289
bre,4,43,0.01,-0.3001364970605388,41160,289
bre,4,43,0.1,-0.2956659179158225,41160,289
bre,5,43,0.001,-0.9053356206873727,576240,370
bre,5,43,0.01,-0.9007108236924396,576240,370
bre,5,43,0.1,-0.9042694209603036,576240,370
bre,0,44,0.001,-2.268061214157975,1,1
bre,0,44,0.01,-2.2680612021214626,1,1
bre,0,44,0.1,-2.2680610822479066,1,1
bre,1,44,0.001,-0.07775181985851394,15,14
bre,1,44,0.01,-0.0777577432454012,15,14
bre,1,44,0.1,-0.07781700930491438,15,14
bre,2,44,0.001,-0.07384856597728434,210,64
bre,2,44,0.01,-0.07363179072177688,210,64
bre,2,44,0.1,-0.07376550636259074,210,64
bre,3,44,0.001,-0.09661255621504501,2940,166
bre,3,44,0.01,-0.09492816608764178,2940,166
bre,3,44,0.1,-0.09525545846677626,2940,166
bre,4,44,0.001,-0.2800524408552858,41160,273
bre,4,44,0.01,-0.2765087685807643,41160,273
bre,4,44,0.1,-0.2790308192985574,41160,273
bre,5,44,0.001,-0.9499556069387983,576240,349
bre,5,44,0.01,-0.9254247057662784,576240,349
bre,5,44,0.1,-0.9162010277042927,576240,349
bre,0,45,0.001,-2.232420173220047,1,1
bre,0,45,0.01,-2.2324201343914867,1,1
bre,0,45,0.1,-2.232419746668194,1,1
bre,1,45,0.001,-0.1058224520281543,15,14
bre,1,45,0.01,-0.10582740801150906,15,14
bre,1,45,0.1,-0.1058771027545235,15,14
bre,2,45,0.001,-0.10094876723512622,210,66
bre,2,45,0.01,-0.10058302587506228,210,66
bre,2,45,0.1,-0.10084774836324097,210,66
bre,3,45,0.001,-0.12683749120373128,2940,187
bre,3,45,0.01,-0.12450473825993984,2940,187
bre,3,45,0.1,-0.12542386374905137,2940,187
bre,4,45,0.001,-0.4263104393315654,41160,321
bre,4,45,0.01,-0.42223861996765566,41160,321
bre,4,45,0.1,-0.42478861015951863,41160,321
bre,5,45,0.001,-0.9778439071585966,576240,416
bre,5,45,0.01,-0.9476514762720125,576240,416
bre,5,45,0.1,-0.9361649953870691,576240,416
bre,0,46,0.001,-2.2124017475445874,1,1
bre,0,46,0.01,-2.2124017712310518,1,1
bre,0,46,0.1,-2.2124020085733367,1,1
bre,1,46,0.001,-0.07985835879295948,15,14
bre,1,46,0.01,-0.07986430712334532,15,14
bre,1,46,0.1,-0.07992377367659492,15,14
bre,2,46,0.001,-0.07796387553407838,210,61
bre,2,46,0.01,-0.07757629926268086,210,61
bre,2,46,0.1,-0.0774438651610707,210,61
bre,3,46,0.001,-0.10676697854344933,2940,162
bre,3,46,0.01,-0.10519527400037665,2940,162
bre,3,46,0.1,-0.10478353781933357,2940,162
bre,4,46,0.001,-0.25503347125217346,41160,263
bre,4,46,0.01,-0.24628255312600178,41160,263
bre,4,46,0.1,-0.2427565817588222,41160,263
bre,5,46,0.001,-0.5887901221806632,576240,356
bre,5,46,0.01,-0.5858445211500706,576240,356
bre,5,46,0.1,-0.5949344785032858,576240,356
bre,0,47,0.001,-2.1874080272421965,1,1
bre,0,47,0.01,-2.1874080304407393,1,1
bre,0,47,0.1,-2.187408062968907,1,1
bre,1,47,0.001,-0.08320092034503968,15,14
bre,1,47,0.01,-0.08311245295101304,15,14
bre,1,47,0.1,-0.08307687521543244,15,14
bre,2,47,0.001,-0.08942156433579158,210,58
bre,2,47,0.01,-0.08911780057276399,210,58
bre,2,47,0.1,-0.08904732676154013,210,58
bre,3,47,0.001,-0.10529204781211136,2940,145
bre,3,47,0.01,-0.10371591815731745,2940,145
bre,3,47,0.1,-0.10317297039800744,2940,145
bre,4,47,0.001,-0.25531097794722546,41160,231
bre,4,47,0.01,-0.2503950730004726,41160,231
bre,4,47,0.1,-0.2514680228766314,41160,231
bre,5,47,0.001,-0.6776366584289855,576240,302
bre,5,47,0.01,-0.6709385134873583,576240,302
bre,5,47,0.1,-0.6741268326134617,576240,302
bre,0,48,0.001,-2.368798012956617,1,1
bre,0,48,0.01,-2.3687979733343467,1,1
bre,0,48,0.1,-2.368797577552368,1,1
bre,1,48,0.001,-0.06289209951479421,15,14
bre,1,48,0.01,-0.0628989255844867,15,14
bre,1,48,0.1,-0.06296726699552505,15,14
bre,2,48,0.001,-0.06146994031161687,210,64
bre,2,48,0.01,-0.06121610615909629,210,64
bre,2,48,0.1,-0.06141403500350483,210,64
bre,3,48,0.001,-0.08198893173115909,2940,185
bre,3,48,0.01,-0.08026279373200826,2940,185
bre,3,48,0.1,-0.08072183599466197,2940,185
bre,4,48,0.001,-0.2960480923259835,41160,323
bre,4,48,0.01,-0.29097993747053735,41160,323
bre,4,48,0.1,-0.2933729784305543,41160,323
bre,5,48,0.001,-0.8334279115754526,576240,423
bre,5,48,0.01,-0.8259844925638437,576240,423
bre,5,48,0.1,-0.82852681648262,576240,423
bre,0,49,0.001,-2.351794220004384,1,1
bre,0,49,0.01,-2.3517941308035657,1,1
bre,0,49,0.1,-2.3517932393380643,1,1
bre,1,49,0.001,-0.08383527953103193,15,14
bre,1,49,0.01,-0.0838413590448839,15,14
bre,1,49,0.1,-0.08390248515228849,15,14
bre,2,49,0.001,-0.07957750379257328,210,64
bre,2,49,0.01,-0.0792993870044605,210,64
bre,2,49,0.1,-0.07942186216743295,210,64
bre,3,49,0.001,-0.0868042319098508,2940,176
bre,3,49,0.01,-0.08481140859915377,2940,176
bre,3,49,0.1,-0.08568142704302908,2940,176
bre,4,49,0.001,-0.29724194248405555,41160,298
bre,4,49,0.01,-0.29376212867547746,41160,298
bre,4,49,0.1,-0.29897877369826864,41160,298
bre,5,49,0.001,-1.078787506622921,576240,381
bre,5,49,0.01,-1.047615551472821,576240,381
bre,5,49,0.1,-1.036389713700213,576240,381
bre,0,50,0.001,-2.233171687775662,1,1
bre,0,50,0.01,-2.2331716078443153,1,1
bre,0,50,0.1,-2.233170809207315,1,1
bre,1,50,0.001,-0.06971153033469225,15,14
bre,1,50,0.01,-0.06971770031602731,15,14
bre,1,50,0.1,-0.06977937819004625,15,14
bre,2,50,0.001,-0.06653865343071652,210,62
bre,2,50,0.01,-0.06634000397016118,210,62
bre,2,50,0.1,-0.06645215815235751,210,62
bre,3,50,0.001,-0.08235633437866752,2940,159
bre,3,50,0.01,-0.0804827637619733,2940,159
bre,3,50,0.1,-0.08053216136586047,2940,159
bre,4,50,0.001,-0.24772068913407522,41160,249
bre,4,50,0.01,-0.24437367044203556,41160,249
bre,4,50,0.1,-0.2460538957746215,41160,249
bre,5,50,0.001,-0.9405929497107258,576240,306
bre,5,50,0.01,-0.8955157358160364,576240,306
bre,5,50,0.1,-0.8745113673122632,576240,306
mil,0,1,0.001,-2.0753492698002916,1,1
mil,0,1,0.01,-2.075349256813551,1,1
mil,0,1,0.1,-2.075349129329144,1,1
mil,1,1,0.001,-0.06271426466057613,15,14
mil,1,1,0.01,-0.06263854204699013,15,14
mil,1,1,0.1,-0.06265232723557242,15,14
mil,2,1,0.001,-0.06543095746116627,210,50
mil,2,1,0.01,-0.06460173409960147,210,50
mil,2,1,0.1,-0.06478730764153355,210,50
mil,3,1,0.001,-0.1844285130377506,2940,99
mil,3,1,0.01,-0.1828251996019217,2940,99
mil,3,1,0.1,-0.1865734260944914,2940,99
mil,4,1,0.001,-0.9096126852642934,41160,139
mil,4,1,0.01,-0.907283221704857,41160,139
mil,4,1,0.1,-0.9127840501078933,41160,139
mil,5,1,0.001,-1.6890766178468428,576240,160
mil,5,1,0.01,-1.6864520698132817,576240,160
mil,5,1,0.1,-1.6939036356834143,576240,160
mil,0,2,0.001,-2.187000342365815,1,1
mil,0,2,0.01,-2.1870003610005817,1,1
mil,0,2,0.1,-2.1870005489733773,1,1
mil,1,2,0.001,-0.14584582179404226,15,14
mil,1,2,0.01,-0.1457325505095134,15,14
mil,1,2,0.1,-0.14564418843075086,15,14
mil,2,2,0.001,-0.3347246748128165,210,59
mil,2,2,0.01,-0.3307606460086434,210,59
mil,2,2,0.1,-0.32816245827472623,210,59
mil,3,2,0.001,-0.6978995740319438,2940,117
mil,3,2,0.01,-0.6930223817725305,2940,117
mil,3,2,0.1,-0.6962254457066145,2940,117
mil,4,2,0.001,-1.2142901613345995,41160,160
mil,4,2,0.01,-1.2137451332869096,41160,160
mil,4,2,0.1,-1.2312059539424502,41160,160
mil,5,2,0.001,-2.05401114671061,576240,179
mil,5,2,0.01,-2.0526288405461144,576240,179
mil,5,2,0.1,-2.0540454727916915,576240,179
mil,0,3,0.001,-2.4084718018089144,1,1
mil,0,3,0.01,-2.4084715453384704,1,1
mil,0,3,0.1,-2.4084689828849353,1,1
mil,1,3,0.001,-0.04124986205795684,15,14
mil,1,3,0.01,-0.04110458926903017,15,14
mil,1,3,0.1,-0.04109156285265308,15,14
mil,2,3,0.001,-0.31359375438273074,210,54
mil,2,3,0.01,-0.3128226735596293,210,54
mil,2,3,0.1,-0.3130159958824071,210,54
mil,3,3,0.001,-0.34564607942752545,2940,106
mil,3,3,0.01,-0.34447349429380764,2940,106
mil,3,3,0.1,-0.3497856305124012,2940,106
mil,4,3,0.001,-0.4101606507225026,41160,144
mil,4,3,0.01,-0.40949750528478085,41160,144
mil,4,3,0.1,-0.4262219766721422,41160,144
mil,5,3,0.001,-1.4748556738509377,576240,164
mil,5,3,0.01,-1.4733306160476556,576240,164
mil,5,3,0.1,-1.48106641738857,576240,164
mil,0,4,0.001,-1.961268549586341,1,1
mil,0,4,0.01,-1.9612685180131404,1,1
mil,0,4,0.1,-1.9612682049449754,1,1
mil,1,4,0.001,-0.05298894149479127,15,14
mil,1,4,0.01,-0.0525228697454631,15,14
mil,1,4,0.1,-0.05215263005929169,15,14
mil,2,4,0.001,-0.06619196264247365,210,46
mil,2,4,0.01,-0.0652351382048734,210,46
mil,2,4,0.1,-0.06506306529397096,210,46
mil,3,4,0.001,-0.13034315443109323,2940,82
mil,3,4,0.01,-0.12914852155469064,2940,82
mil,3,4,0.1,-0.1307078559972744,2940,82
mil,4,4,0.001,-0.19053803623108792,41160,104
mil,4,4,0.01,-0.18887996547893787,41160,104
mil,4,4,0.1,-0.19443858450352292,41160,104
mil,5,4,0.001,-1.6516328421475555,576240,113
mil,5,4,0.01,-1.649104698896531,576240,113
mil,5,4,0.1,-1.6623572449716122,576240,113
mil,0,5,0.001,-2.385839580628422,1,1
mil,0,5,0.01,-2.385839348384313,1,1
mil,0,5,0.1,-2.3858370276123795,1,1
mil,1,5,0.001,-0.08131680242240946,15,14
mil,1,5,0.01,-0.08126567773744334,15,14
mil,1,5,0.1,-0.08127865000574641,15,14
mil,2,5,0.001,-0.08520664603949422,210,53
mil,2,5,0.01,-0.08363869247050738,210,53
mil,2,5,0.1,-0.08313111882052938,210,53
mil,3,5,0.001,-0.418803607175641,2940,123
mil,3,5,0.01,-0.4084802239256056,2940,123
mil,3,5,0.1,-0.40493853239562455,2940,123
mil,4,5,0.001,-1.4681460066191825,41160,188
mil,4,5,0.01,-1.466137745547103,41160,188
mil,4,5,0.1,-1.4761956149178834,41160,188
mil,5,5,0.001,-1.903559438903417,576240,227
mil,5,5,0.01,-1.9025632082552797,576240,227
mil,5,5,0.1,-1.9131871194492702,576240,227
mil,0,6,0.001,-1.9917203048891396,1,1
mil,0,6,0.01,-1.9917204747780108,1,1
mil,0,6,0.1,-1.9917221755195669,1,1
mil,1,6,0.001,-0.046793030632829025,15,14
mil,1,6,0.01,-0.04660208622340132,15,14
mil,1,6,0.1,-0.04650355477293473,15,14
mil,2,6,0.001,-0.2725019041336422,210,56
mil,2,6,0.01,-0.2712924576255774,210,56
mil,2,6,0.1,-0.2706623401964442,210,56
mil,3,6,0.001,-0.4823158759792344,2940,107
mil,3,6,0.01,-0.4809233893662428,2940,107
mil,3,6,0.1,-0.4819813621292387,2940,107
mil,4,6,0.001,-0.5945043531132247,41160,141
mil,4,6,0.01,-0.5928009230473816,41160,141
mil,4,6,0.1,-0.5954786145722366,41160,141
mil,5,6,0.001,-1.5908008595151197,576240,159
mil,5,6,0.01,-1.5889959674871759,576240,159
mil,5,6,0.1,-1.5947465633031765,576240,159
mil,0,7,0.001,-2.662057025562339,1,1
mil,0,7,0.01,-2.6620564958202775,1,1
mil,0,7,0.1,-2.6620512010956885,1,1
mil,1,7,0.001,-0.05958609290128521,15,14
mil,1,7,0.01,-0.05960243013442853,15,14
mil,1,7,0.1,-0.059765806252763516,15,14
mil,2,7,0.001,-0.059339439477794874,210,55
mil,2,7,0.01,-0.05861543004982165,210,55
mil,2,7,0.1,-0.059059210922945415,210,55
mil,3,7,0.001,-0.2872653516645069,2940,106
mil,3,7,0.01,-0.2846205158691392,2940,106
mil,3,7,0.1,-0.2878903199506226,2940,106
mil,4,7,0.001,-0.7361889531451417,41160,147
mil,4,7,0.01,-0.7334616635274478,41160,147
mil,4,7,0.1,-0.7422204359671449,41160,147
mil,5,7,0.001,-1.450124499850372,576240,166
mil,5,7,0.01,-1.4483640397839266,576240,166
mil,5,7,0.1,-1.4574127556875833,576240,166
mil,0,8,0.001,-1.9575114019535447,1,1
mil,0,8,0.01,-1.9575114686160477,1,1
mil,0,8,0.1,-1.9575121377409395,1,1
mil,1,8,0.001,-0.17402278632275717,15,14
mil,1,8,0.01,-0.17402796112862032,15,14
mil,1,8,0.1,-0.17407985849279703,15,14
mil,2,8,0.001,-0.15179067181618242,210,54
mil,2,8,0.01,-0.15122220087741522,210,54
mil,2,8,0.1,-0.15121589824367454,210,54
mil,3,8,0.001,-0.20316661984464943,2940,108
mil,3,8,0.01,-0.20453648911323022,2940,108
mil,3,8,0.1,-0.23889550782032465,2940,108
mil,4,8,0.001,-0.8502800712504652,41160,152
mil,4,8,0.01,-0.8480932870535249,41160,152
mil,4,8,0.1,-0.8683029530754588,41160,152
mil,5,8,0.001,-1.3898171012666922,576240,176
mil,5,8,0.01,-1.3880703093995426,576240,176
mil,5,8,0.1,-1.401167027035776,576240,176
mil,0,9,0.001,-2.5783728054260657,1,1
mil,0,9,0.01,-2.5783723917617367,1,1
mil,0,9,0.1,-2.5783682569345956,1,1
mil,1,9,0.001,-0.037734930774552,15,14
mil,1,9,0.01,-0.03756562759073464,15,14
mil,1,9,0.1,-0.037565760190417116,15,14
mil,2,9,0.001,-0.253571904634614,210,54
mil,2,9,0.01,-0.25256908349644003,210,54
mil,2,9,0.1,-0.2526820997168336,210,54
mil,3,9,0.001,-0.6492071871275303,2940,105
mil,3,9,0.01,-0.648284543782993,2940,105
mil,3,9,0.1,-0.6518404508174748,2940,105
mil,4,9,0.001,-0.7387415048130562,41160,148
mil,4,9,0.01,-0.7373657770297912,41160,148
mil,4,9,0.1,-0.7448787067133318,41160,148
mil,5,9,0.001,-1.4610217475102778,576240,170
mil,5,9,0.01,-1.4598479834705285,576240,170
mil,5,9,0.1,-1.4664282911356712,576240,170
mil,0,10,0.001,-2.0971070952676496,1,1
mil,0,10,0.01,-2.0971072130905193,1,1
mil,0,10,0.1,-2.0971083930552252,1,1
mil,1,10,0.001,-0.03180615165323903,15,14
mil,1,10,0.01,-0.03175492079589682,15,14
mil,1,10,0.1,-0.03180797310260164,15,14
mil,2,10,0.001,-0.033824305112187966,210,48
mil,2,10,0.01,-0.03331914785145645,210,48
mil,2,10,0.1,-0.0344691426588793,210,48
mil,3,10,0.001,-0.08623933249632743,2940,89
mil,3,10,0.01,-0.08577025383167429,2940,89
mil,3,10,0.1,-0.09162314581616224,2940,89
mil,4,10,0.001,-0.14039740659249758,41160,119
mil,4,10,0.01,-0.1399566774277671,41160,119
mil,4,10,0.1,-0.15366929283869293,41160,119
mil,5,10,0.001,-1.3893595483124828,576240,128
mil,5,10,0.01,-1.3886664160009734,576240,128
mil,5,10,0.1,-1.4004848167199209,576240,128
mil,0,11,0.001,-2.5810046847071724,1,1
mil,0,11,0.01,-2.581003713258606,1,1
mil,0,11,0.1,-2.5809940020998834,1,1
mil,1,11,0.001,-0.07389827107064144,15,14
mil,1,11,0.01,-0.07391528936400403,15,14
mil,1,11,0.1,-0.07408671960584437,15,14
mil,2,11,0.001,-0.07359165558025199,210,56
mil,2,11,0.01,-0.07178179999681128,210,56
mil,2,11,0.1,-0.07162853646377737,210,56
mil,3,11,0.001,-0.42833717123925175,2940,118
mil,3,11,0.01,-0.4244115480398454,2940,118
mil,3,11,0.1,-0.4268394117135588,2940,118
mil,4,11,0.001,-0.7387589651499438,41160,170
mil,4,11,0.01,-0.7343856944109524,41160,170
mil,4,11,0.1,-0.7464203585663928,41160,170
mil,5,11,0.001,-1.7617200643001536,576240,190
mil,5,11,0.01,-1.7584558666598524,576240,190
mil,5,11,0.1,-1.764775396192523,576240,190
mil,0,12,0.001,-2.193890546013887,1,1
mil,0,12,0.01,-2.1938903168752395,1,1
mil,0,12,0.1,-2.193888028876729,1,1
mil,1,12,0.001,-0.07469340791298766,15,14
mil,1,12,0.01,-0.07458059791910013,15,14
mil,1,12,0.1,-0.07454635372653508,15,14
mil,2,12,0.001,-0.0881180421565479,210,55
mil,2,12,0.01,-0.08647111501514777,210,55
mil,2,12,0.1,-0.08640479435571231,210,55
mil,3,12,0.001,-0.31928870212811605,2940,113
mil,3,12,0.01,-0.31498498055769336,2940,113
mil,3,12,0.1,-0.316530288254972,2940,113
mil,4,12,0.001,-0.683905262940508,41160,149
mil,4,12,0.01,-0.6805221435055626,41160,149
mil,4,12,0.1,-0.6931876832225289,41160,149
mil,5,12,0.001,-1.5096212529138937,576240,170
mil,5,12,0.01,-1.5072433428286869,576240,170
mil,5,12,0.1,-1.519719789437705,576240,170
mil,0,13,0.001,-2.2242014336122353,1,1
mil,0,13,0.01,-2.2242014057225243,1,1
mil,0,13,0.1,-2.224201128390435,1,1
mil,1,13,0.001,-0.07528553509811886,15,14
mil,1,13,0.01,-0.0751255581805088,15,14
mil,1,13,0.1,-0.07502066292279025,15,14
mil,2,13,0.001,-0.2601219663671781,210,60
mil,2,13,0.01,-0.259122348543442,210,60
mil,2,13,0.1,-0.259054201647276,210,60
mil,3,13,0.001,-0.33911455373811766,2940,133
mil,3,13,0.01,-0.32947829128577694,2940,133
mil,3,13,0.1,-0.3251165593750633,2940,133
mil,4,13,0.001,-1.1040754723173285,41160,201
mil,4,13,0.01,-1.1010035865224994,41160,201
mil,4,13,0.1,-1.1068078149568725,41160,201
mil,5,13,0.001,-1.9897069910492422,576240,241
mil,5,13,0.01,-1.9874030737391521,576240,241
mil,5,13,0.1,-1.9941326296832755,576240,241
mil,0,14,0.001,-2.2151766703561773,1,1
mil,0,14,0.01,-2.215176278228477,1,1
mil,0,14,0.1,-2.2151723607377574,1,1
mil,1,14,0.001,-0.07687810305193177,15,14
mil,1,14,0.01,-0.07661895117540339,15,14
mil,1,14,0.1,-0.07645535149120933,15,14
mil,2,14,0.001,-0.10057066803767728,210,54
mil,2,14,0.01,-0.09860555388364593,210,54
mil,2,14,0.1,-0.09716720333966221,210,54
mil,3,14,0.001,-0.2119364383334745,2940,103
mil,3,14,0.01,-0.207984466919028,2940,103
mil,3,14,0.1,-0.21045541899785208,2940,103
mil,4,14,0.001,-0.5028017744398647,41160,137
mil,4,14,0.01,-0.49896533597035214,41160,137
mil,4,14,0.1,-0.5042617878347115,41160,137
mil,5,14,0.001,-1.0093820944253327,576240,156
mil,5,14,0.01,-1.0064281294370365,576240,156
mil,5,14,0.1,-1.0160588333533505,576240,156
mil,0,15,0.001,-2.4093543139300118,1,1
mil,0,15,0.01,-2.4093540047042543,1,1
mil,0,15,0.1,-2.409350914332697,1,1
mil,1,15,0.001,-0.07442689779794798,15,14
mil,1,15,0.01,-0.07436911895671558,15,14
mil,1,15,0.1,-0.07438321552165354,15,14
mil,2,15,0.001,-0.0738077522910747,210,53
mil,2,15,0.01,-0.07300649842435548,210,53
mil,2,15,0.1,-0.073229091519265,210,53
mil,3,15,0.001,-0.1347927169104508,2940,120
mil,3,15,0.01,-0.1244867584649806,2940,120
mil,3,15,0.1,-0.1223215258990431,2940,120
mil,4,15,0.001,-1.5468084914279197,41160,176
mil,4,15,0.01,-1.5434293749657018,41160,176
mil,4,15,0.1,-1.5458570229301007,41160,176
mil,5,15,0.001,-2.162821264759292,576240,203
mil,5,15,0.01,-2.1607576078684656,576240,203
mil,5,15,0.1,-2.161591813605974,576240,203
mil,0,16,0.001,-2.928899949778905,1,1
mil,0,16,0.01,-2.928898633124282,1,1
mil,0,16,0.1,-2.92888546942132,1,1
mil,1,16,0.001,-0.08108354824302778,15,14
mil,1,16,0.01,-0.08109539042814756,15,14
mil,1,16,0.1,-0.08121744497108283,15,14
mil,2,16,0.001,-0.09228291934696962,210,54
mil,2,16,0.01,-0.08569497428665716,210,54
mil,2,16,0.1,-0.08049389825611084,210,54
mil,3,16,0.001,-0.25867244166688363,2940,104
mil,3,16,0.01,-0.25036125454173125,2940,104
mil,3,16,0.1,-0.24796923082104066,2940,104
mil,4,16,0.001,-1.2505432704284805,41160,143
mil,4,16,0.01,-1.2489685701870334,41160,143
mil,4,16,0.1,-1.2610156217317767,41160,143
mil,5,16,0.001,-2.049499744531841,576240,162
mil,5,16,0.01,-2.047894157289873,576240,162
mil,5,16,0.1,-2.0545753990645044,576240,162
mil,0,17,0.001,-2.549282624873312,1,1
mil,0,17,0.01,-2.5492823250178724,1,1
mil,0,17,0.1,-2.549279328192464,1,1
mil,1,17,0.001,-0.054752782333521474,15,14
mil,1,17,0.01,-0.054704432329132684,15,14
mil,1,17,0.1,-0.054765107609395694,15,14
mil,2,17,0.001,-0.05751989132269732,210,50
mil,2,17,0.01,-0.05691371662172723,210,50
mil,2,17,0.1,-0.05737581411839454,210,50
mil,3,17,0.001,-0.24699915965077252,2940,91
mil,3,17,0.01,-0.2390655516806434,2940,91
mil,3,17,0.1,-0.23689685274478928,2940,91
mil,4,17,0.001,-0.9363130567125536,41160,119
mil,4,17,0.01,-0.9357656392554137,41160,119
mil,4,17,0.1,-0.9444895331251221,41160,119
mil,5,17,0.001,-1.6566420536980846,576240,134
mil,5,17,0.01,-1.6563626048235522,576240,134
mil,5,17,0.1,-1.6628552545288136,576240,134
mil,0,18,0.001,-2.7005697734945056,1,1
mil,0,18,0.01,-2.7005689632115595,1,1
mil,0,18,0.1,-2.700560863239872,1,1
mil,1,18,0.001,-0.09523860793044805,15,14
mil,1,18,0.01,-0.09512797570480812,15,14
mil,1,18,0.1,-0.09491744470325679,15,14
mil,2,18,0.001,-0.12218074261198213,210,47
mil,2,18,0.01,-0.10979828153103219,210,47
mil,2,18,0.1,-0.10421714506007564,210,47
mil,3,18,0.001,-0.8177983476862826,2940,98
mil,3,18,0.01,-0.8156739189231738,2940,98
mil,3,18,0.1,-0.8209040915736824,2940,98
mil,4,18,0.001,-1.4255152444431698,41160,141
mil,4,18,0.01,-1.3989971210694083,41160,141
mil,4,18,0.1,-1.3840511006752796,41160,141
mil,5,18,0.001,-1.833058285140987,576240,162
mil,5,18,0.01,-1.831075438202535,576240,162
mil,5,18,0.1,-1.8378861496901187,576240,162
mil,0,19,0.001,-2.817941275763499,1,1
mil,0,19,0.01,-2.8179406154578466,1,1
mil,0,19,0.1,-2.8179340146851897,1,1
mil,1,19,0.001,-0.07234305568660358,15,14
mil,1,19,0.01,-0.07235630586009716,15,14
mil,1,19,0.1,-0.07248963139723176,15,14
mil,2,19,0.001,-0.06932207627068221,210,48
mil,2,19,0.01,-0.06889678331544669,210,48
mil,2,19,0.1,-0.06962694785346903,210,48
mil,3,19,0.001,-0.11047326303354213,2940,83
mil,3,19,0.01,-0.10018133913944782,2940,83
mil,3,19,0.1,-0.09873566439833341,2940,83
mil,4,19,0.001,-0.9909093756650664,41160,105
mil,4,19,0.01,-0.9902407037047084,41160,105
mil,4,19,0.1,-1.0014486741297182,41160,105
mil,5,19,0.001,-1.549885504176727,576240,115
mil,5,19,0.01,-1.5489827372072138,576240,115
mil,5,19,0.1,-1.5552815257855448,576240,115
mil,0,20,0.001,-2.1166010366218773,1,1
mil,0,20,0.01,-2.1166008956137845,1,1
mil,0,20,0.1,-2.116599487806157,1,1
mil,1,20,0.001,-0.07049986207104166,15,14
mil,1,20,0.01,-0.07018668655886705,15,14
mil,1,20,0.1,-0.06993713294674832,15,14
mil,2,20,0.001,-0.3439958171824711,210,58
mil,2,20,0.01,-0.3427358935157257,210,58
mil,2,20,0.1,-0.3430403502298271,210,58
mil,3,20,0.001,-0.4128843884023551,2940,126
mil,3,20,0.01,-0.40757027363848347,2940,126
mil,3,20,0.1,-0.41102335355959446,2940,126
mil,4,20,0.001,-1.4413845192543653,41160,196
mil,4,20,0.01,-1.436993078888203,41160,196
mil,4,20,0.1,-1.4444751557481044,41160,196
mil,5,20,0.001,-2.21044132796228,576240,236
mil,5,20,0.01,-2.2077076564052787,576240,236
mil,5,20,0.1,-2.2095333421845136,576240,236
mil,0,21,0.001,-2.4299003428231356,1,1
mil,0,21,0.01,-2.4298999758120683,1,1
mil,0,21,0.1,-2.429896307791607,1,1
mil,1,21,0.001,-0.04673111961649175,15,14
mil,1,21,0.01,-0.04674762591255833,15,14
mil,1,21,0.1,-0.046912954741499716,15,14
mil,2,21,0.001,-0.056352086950175344,210,53
mil,2,21,0.01,-0.05521615044415622,210,53
mil,2,21,0.1,-0.0554932427559045,210,53
mil,3,21,0.001,-0.40560492889509203,2940,105
mil,3,21,0.01,-0.40403358984997123,2940,105
mil,3,21,0.1,-0.40938490130952043,2940,105
mil,4,21,0.001,-0.6818672427661722,41160,145
mil,4,21,0.01,-0.6802627901220317,41160,145
mil,4,21,0.1,-0.6889151754289822,41160,145
mil,5,21,0.001,-1.4401595889935317,576240,168
mil,5,21,0.01,-1.4393095244084029,576240,168
mil,5,21,0.1,-1.4490597549006585,576240,168
mil,0,22,0.001,-2.267160668321559,1,1
mil,0,22,0.01,-2.267160543472025,1,1
mil,0,22,0.1,-2.2671592967007737,1,1
mil,1,22,0.001,-0.0682749610650984,15,14
mil,1,22,0.01,-0.06816126726955342,15,14
mil,1,22,0.1,-0.06811561038996619,15,14
mil,2,22,0.001,-0.2655839068215548,210,56
mil,2,22,0.01,-0.26488578364469023,210,56
mil,2,22,0.1,-0.2649542764274162,210,56
mil,3,22,0.001,-0.304131553259295,2940,111
mil,3,22,0.01,-0.2948139123259969,2940,111
mil,3,22,0.1,-0.29188427418686125,2940,111
mil,4,22,0.001,-1.052097376712237,41160,159
mil,4,22,0.01,-1.0493735182033248,41160,159
mil,4,22,0.1,-1.0537153606410539,41160,159
mil,5,22,0.001,-1.9198451701959587,576240,184
mil,5,22,0.01,-1.9175810733603942,576240,184
mil,5,22,0.1,-1.9239815347227789,576240,184
mil,0,23,0.001,-2.741728460809019,1,1
mil,0,23,0.01,-2.741727712304537,1,1
mil,0,23,0.1,-2.7417202293495957,1,1
mil,1,23,0.001,-0.0802795889006072,15,14
mil,1,23,0.01,-0.08014833568397012,15,14
mil,1,23,0.1,-0.08009418072461232,15,14
mil,2,23,0.001,-0.09867896793769333,210,63
mil,2,23,0.01,-0.09308275835861635,210,63
mil,2,23,0.1,-0.08983172421298408,210,63
mil,3,23,0.001,-0.8057396872741586,2940,132
mil,3,23,0.01,-0.7987162192736293,2940,132
mil,3,23,0.1,-0.7973518223174414,2940,132
mil,4,23,0.001,-1.3167416072968756,41160,188
mil,4,23,0.01,-1.3133521332321862,41160,188
mil,4,23,0.1,-1.3166578112311809,41160,188
mil,5,23,0.001,-1.8739291116115675,576240,215
mil,5,23,0.01,-1.8715923098511036,576240,215
mil,5,23,0.1,-1.8764141995275498,576240,215
mil,0,24,0.001,-2.5496274807989727,1,1
mil,0,24,0.01,-2.549627097736425,1,1
mil,0,24,0.1,-2.549623268743382,1,1
mil,1,24,0.001,-0.06410465569736473,15,14
mil,1,24,0.01,-0.06406117359037969,15,14
mil,1,24,0.1,-0.06412905238597372,15,14
mil,2,24,0.001,-0.06841632345604513,210,56
mil,2,24,0.01,-0.06752588083926539,210,56
mil,2,24,0.1,-0.06765668001329424,210,56
mil,3,24,0.001,-0.3607296513496774,2940,125
mil,3,24,0.01,-0.35293316188581253,2940,125
mil,3,24,0.1,-0.35818076183005326,2940,125
mil,4,24,0.001,-1.135603144209256,41160,173
mil,4,24,0.01,-1.133940838958076,41160,173
mil,4,24,0.1,-1.1411053845716228,41160,173
mil,5,24,0.001,-1.6918341309559497,576240,198
mil,5,24,0.01,-1.6906019050507535,576240,198
mil,5,24,0.1,-1.6996568241642702,576240,198
mil,0,25,0.001,-2.149150771698849,1,1
mil,0,25,0.01,-2.1491503491428343,1,1
mil,0,25,0.1,-2.1491461279534154,1,1
mil,1,25,0.001,-0.06560219549612437,15,14
mil,1,25,0.01,-0.06561240728913771,15,14
mil,1,25,0.1,-0.06571494215086288,15,14
mil,2,25,0.001,-0.07045577207267266,210,51
mil,2,25,0.01,-0.068250247345065,210,51
mil,2,25,0.1,-0.06725889453408185,210,51
mil,3,25,0.001,-0.16167367142896333,2940,96
mil,3,25,0.01,-0.1581628546397628,2940,96
mil,3,25,0.1,-0.16459971664938056,2940,96
mil,4,25,0.001,-0.598692715678476,41160,124
mil,4,25,0.01,-0.5949182269615588,41160,124
mil,4,25,0.1,-0.6081599259319374,41160,124
mil,5,25,0.001,-1.6497510548422185,576240,136
mil,5,25,0.01,-1.645906892578282,576240,136
mil,5,25,0.1,-1.6579760647226338,576240,136
mil,0,26,0.001,-2.383095541045509,1,1
mil,0,26,0.01,-2.3830951718796047,1,1
mil,0,26,0.1,-2.3830914831785868,1,1
mil,1,26,0.001,-0.06637865344198171,15,14
mil,1,26,0.01,-0.06638946943797425,15,14
mil,1,26,0.1,-0.06649827642752136,15,14
mil,2,26,0.001,-0.06719958190131446,210,54
mil,2,26,0.01,-0.06520699787328742,210,54
mil,2,26,0.1,-0.06415851493534235,210,54
mil,3,26,0.001,-0.398828276750191,2940,115
mil,3,26,0.01,-0.39363575799309125,2940,115
mil,3,26,0.1,-0.3924996763559024,2940,115
mil,4,26,0.001,-0.7203918391698919,41160,156
mil,4,26,0.01,-0.716388886028671,41160,156
mil,4,26,0.1,-0.7198299093717273,41160,156
mil,5,26,0.001,-1.989248455661609,576240,181
mil,5,26,0.01,-1.9862420562729175,576240,181
mil,5,26,0.1,-1.99245579607071,576240,181
mil,0,27,0.001,-2.1327014547449163,1,1
mil,0,27,0.01,-2.1327016803889234,1,1
mil,0,27,0.1,-2.1327039381149544,1,1
mil,1,27,0.001,-0.06155699739726709,15,14
mil,1,27,0.01,-0.06151832903375484,15,14
mil,1,27,0.1,-0.06155452130956443,15,14
mil,2,27,0.001,-0.05928386717207551,210,54
mil,2,27,0.01,-0.059186194132712,210,54
mil,2,27,0.1,-0.05987482784176186,210,54
mil,3,27,0.001,-0.0802321236881386,2940,111
mil,3,27,0.01,-0.07284575768503707,2940,111
mil,3,27,0.1,-0.06981582667989454,2940,111
mil,4,27,0.001,-1.0123170690342285,41160,163
mil,4,27,0.01,-1.0099777721814107,41160,163
mil,4,27,0.1,-1.011239601531316,41160,163
mil,5,27,0.001,-1.8240035908195134,576240,191
mil,5,27,0.01,-1.8225141498120478,576240,191
mil,5,27,0.1,-1.824559131542656,576240,191
mil,0,28,0.001,-1.9683517128556702,1,1
mil,0,28,0.01,-1.968351819137266,1,1
mil,0,28,0.1,-1.9683528842632092,1,1
mil,1,28,0.001,-0.15612277014605636,15,14
mil,1,28,0.01,-0.1559610061937478,15,14
mil,1,28,0.1,-0.15584783661148688,15,14
mil,2,28,0.001,-0.14408786989782216,210,56
mil,2,28,0.01,-0.1431485061761634,210,56
mil,2,28,0.1,-0.14276920610147045,210,56
mil,3,28,0.001,-0.19430325047432323,2940,117
mil,3,28,0.01,-0.1908082961601392,2940,117
mil,3,28,0.1,-0.19852515686254274,2940,117
mil,4,28,0.001,-0.4869678618688094,41160,162
mil,4,28,0.01,-0.48568081504520966,41160,162
mil,4,28,0.1,-0.506773803204261,41160,162
mil,5,28,0.001,-1.2920795341067393,576240,183
mil,5,28,0.01,-1.2904003319323203,576240,183
mil,5,28,0.1,-1.298121654915446,576240,183
mil,0,29,0.001,-2.736853723726831,1,1
mil,0,29,0.01,-2.736852897319436,1,1
mil,0,29,0.1,-2.736844635591148,1,1
mil,1,29,0.001,-0.08167926417531857,15,14
mil,1,29,0.01,-0.08169232947308486,15,14
mil,1,29,0.1,-0.0818239475748987,15,14
mil,2,29,0.001,-0.07954110089136193,210,54
mil,2,29,0.01,-0.07886512766224625,210,54
mil,2,29,0.1,-0.07914899561679484,210,54
mil,3,29,0.001,-0.14083716574778737,2940,114
mil,3,29,0.01,-0.12961685543792148,2940,114
mil,3,29,0.1,-0.1334104493210895,2940,114
mil,4,29,0.001,-1.1137503164914446,41160,162
mil,4,29,0.01,-1.110105767688614,41160,162
mil,4,29,0.1,-1.1166409755549607,41160,162
mil,5,29,0.001,-1.9319912479974553,576240,189
mil,5,29,0.01,-1.9296657680031313,576240,189
mil,5,29,0.1,-1.9354906904408835,576240,189
mil,0,30,0.001,-2.397047796915649,1,1
mil,0,30,0.01,-2.397046868463563,1,1
mil,0,30,0.1,-2.397037589940949,1,1
mil,1,30,0.001,-0.08111132525687445,15,14
mil,1,30,0.01,-0.08112487481786793,15,14
mil,1,30,0.1,-0.08126053585871462,15,14
mil,2,30,0.001,-0.08050258283757966,210,47
mil,2,30,0.01,-0.0791343780972721,210,47
mil,2,30,0.1,-0.07885715318655467,210,47
mil,3,30,0.001,-0.13790474836928868,2940,85
mil,3,30,0.01,-0.13326431320993154,2940,85
mil,3,30,0.1,-0.13995288062194,2940,85
mil,4,30,0.001,-0.48893359922959,41160,115
mil,4,30,0.01,-0.4842403828296444,41160,115
mil,4,30,0.1,-0.5030302773455955,41160,115
mil,5,30,0.001,-1.8351258049612684,576240,128
mil,5,30,0.01,-1.8329495327778893,576240,128
mil,5,30,0.1,-1.852394746818428,576240,128
mil,0,31,0.001,-2.262765366213298,1,1
mil,0,31,0.01,-2.262765437328357,1,1
mil,0,31,0.1,-2.2627661496953615,1,1
mil,1,31,0.001,-0.060209585049364536,15,14
mil,1,31,0.01,-0.06008947461474844,15,14
mil,1,31,0.1,-0.060064941762358076,15,14
mil,2,31,0.001,-0.2088559400281542,210,59
mil,2,31,0.01,-0.20823816980374127,210,59
mil,2,31,0.1,-0.209084715194637,210,59
mil,3,31,0.001,-0.3932844144079096,2940,136
mil,3,31,0.01,-0.38625726808297894,2940,136
mil,3,31,0.1,-0.3844031792547441,2940,136
mil,4,31,0.001,-0.9779853392443483,41160,200
mil,4,31,0.01,-0.9762242154493798,41160,200
mil,4,31,0.1,-0.9839915790510598,41160,200
mil,5,31,0.001,-1.6109827580069593,576240,230
mil,5,31,0.01,-1.6100098345692775,576240,230
mil,5,31,0.1,-1.6193413623035469,576240,230
mil,0,32,0.001,-2.053116280348505,1,1
mil,0,32,0.01,-2.0531163400368153,1,1
mil,0,32,0.1,-2.053116939091723,1,1
mil,1,32,0.001,-0.15844421076319762,15,14
mil,1,32,0.01,-0.1581371716247108,15,14
mil,1,32,0.1,-0.15788727271878897,15,14
mil,2,32,0.001,-0.14952094602564167,210,61
mil,2,32,0.01,-0.14835731280710662,210,61
mil,2,32,0.1,-0.1479939503246322,210,61
mil,3,32,0.001,-0.40006288559898406,2940,124
mil,3,32,0.01,-0.39809780883345874,2940,124
mil,3,32,0.1,-0.40496182404454323,2940,124
mil,4,32,0.001,-0.6217470443213537,41160,168
mil,4,32,0.01,-0.620770578551314,41160,168
mil,4,32,0.1,-0.6439063102058286,41160,168
mil,5,32,0.001,-1.5882678445376621,576240,191
mil,5,32,0.01,-1.5872129481027626,576240,191
mil,5,32,0.1,-1.5982020317440195,576240,191
mil,0,33,0.001,-2.2207642248440553,1,1
mil,0,33,0.01,-2.2207642088439226,1,1
mil,0,33,0.1,-2.220764050414595,1,1
mil,1,33,0.001,-0.06077194338968146,15,14
mil,1,33,0.01,-0.06067002875414345,15,14
mil,1,33,0.1,-0.060655076809004387,15,14
mil,2,33,0.001,-0.24346343807852502,210,51
mil,2,33,0.01,-0.24280234593795252,210,51
mil,2,33,0.1,-0.24272552614204715,210,51
mil,3,33,0.001,-0.2965916136196845,2940,100
mil,3,33,0.01,-0.28937434706670506,2940,100
mil,3,33,0.1,-0.291997758784611,2940,100
mil,4,33,0.001,-0.9555698412902714,41160,134
mil,4,33,0.01,-0.9544052004938008,41160,134
mil,4,33,0.1,-0.958980375008993,41160,134
mil,5,33,0.001,-1.7663343463457262,576240,157
mil,5,33,0.01,-1.7655819301434819,576240,157
mil,5,33,0.1,-1.778841496632469,576240,157
mil,0,34,0.001,-1.9657094445601846,1,1
mil,0,34,0.01,-1.9657097262835468,1,1
mil,0,34,0.1,-1.9657125452550976,1,1
mil,1,34,0.001,-0.04457094871164321,15,14
mil,1,34,0.01,-0.04457987347489029,15,14
mil,1,34,0.1,-0.04466924310526038,15,14
mil,2,34,0.001,-0.03995770050560347,210,54
mil,2,34,0.01,-0.039332271260500616,210,54
mil,2,34,0.1,-0.03937801966579163,210,54
mil,3,34,0.001,-0.09684039091884841,2940,97
mil,3,34,0.01,-0.09495540218904325,2940,97
mil,3,34,0.1,-0.09773866100457623,2940,97
mil,4,34,0.001,-0.7592662044167715,41160,133
mil,4,34,0.01,-0.757838449606988,41160,133
mil,4,34,0.1,-0.7650125902521056,41160,133
mil,5,34,0.001,-1.8129100541421894,576240,152
mil,5,34,0.01,-1.8106652286283147,576240,152
mil,5,34,0.1,-1.815651203380291,576240,152
mil,0,35,0.001,-2.4436619735847125,1,1
mil,0,35,0.01,-2.443661508980379,1,1
mil,0,35,0.1,-2.4436568662723412,1,1
mil,1,35,0.001,-0.08427035837557648,15,14
mil,1,35,0.01,-0.08392612385636006,15,14
mil,1,35,0.1,-0.08367847814358481,15,14
mil,2,35,0.001,-0.107110847158113,210,56
mil,2,35,0.01,-0.10485514611531208,210,56
mil,2,35,0.1,-0.10358332927123622,210,56
mil,3,35,0.001,-0.3299671261866745,2940,123
mil,3,35,0.01,-0.3246711283416659,2940,123
mil,3,35,0.1,-0.32468491872272415,2940,123
mil,4,35,0.001,-0.8089303209609604,41160,178
mil,4,35,0.01,-0.804555155251988,41160,178
mil,4,35,0.1,-0.8184194198895012,41160,178
mil,5,35,0.001,-1.7121599991688479,576240,204
mil,5,35,0.01,-1.7086718732179824,576240,204
mil,5,35,0.1,-1.7135572928346212,576240,204
mil,0,36,0.001,-2.4727861615661624,1,1
mil,0,36,0.01,-2.4727856694233474,1,1
mil,0,36,0.1,-2.472780750584713,1,1
mil,1,36,0.001,-0.0917113732700752,15,14
mil,1,36,0.01,-0.09145317080278664,15,14
mil,1,36,0.1,-0.09130408075776557,15,14
mil,2,36,0.001,-0.11670395187349974,210,59
mil,2,36,0.01,-0.11497474875375478,210,59
mil,2,36,0.1,-0.11464339013258638,210,59
mil,3,36,0.001,-0.46043843331109174,2940,134
mil,3,36,0.01,-0.4560512907755258,2940,134
mil,3,36,0.1,-0.4580455335567146,2940,134
mil,4,36,0.001,-0.8408616211771954,41160,206
mil,4,36,0.01,-0.8355855764339479,41160,206
mil,4,36,0.1,-0.8390066024146712,41160,206
mil,5,36,0.001,-1.3201841023797452,576240,248
mil,5,36,0.01,-1.3170219066812203,576240,248
mil,5,36,0.1,-1.3245486297137137,576240,248
mil,0,37,0.001,-2.5120371069948266,1,1
mil,0,37,0.01,-2.5120366649292367,1,1
mil,0,37,0.1,-2.512032246762035,1,1
mil,1,37,0.001,-0.04876733857438383,15,14
mil,1,37,0.01,-0.048432281520068114,15,14
mil,1,37,0.1,-0.04823606471484024,15,14
mil,2,37,0.001,-0.3609906159407103,210,56
mil,2,37,0.01,-0.3593846960956241,210,56
mil,2,37,0.1,-0.3598717636284862,210,56
mil,3,37,0.001,-0.46025572600994114,2940,109
mil,3,37,0.01,-0.4573113682481522,2940,109
mil,3,37,0.1,-0.46306334120875337,2940,109
mil,4,37,0.001,-0.7739543671688011,41160,141
mil,4,37,0.01,-0.7728840640450692,41160,141
mil,4,37,0.1,-0.7907312503450447,41160,141
mil,5,37,0.001,-1.6370590824454911,576240,153
mil,5,37,0.01,-1.6365399596526098,576240,153
mil,5,37,0.1,-1.6452989621299383,576240,153
mil,0,38,0.001,-2.385832226643022,1,1
mil,0,38,0.01,-2.3858320342226156,1,1
mil,0,38,0.1,-2.3858301118049607,1,1
mil,1,38,0.001,-0.05572604332845381,15,14
mil,1,38,0.01,-0.05554895512643487,15,14
mil,1,38,0.1,-0.0554819150753386,15,14
mil,2,38,0.001,-0.06722181040861448,210,57
mil,2,38,0.01,-0.06655153409187549,210,57
mil,2,38,0.1,-0.06774381939493528,210,57
mil,3,38,0.001,-0.11591704629231162,2940,125
mil,3,38,0.01,-0.11260815157354308,2940,125
mil,3,38,0.1,-0.12071060541294351,2940,125
mil,4,38,0.001,-0.8556145160838274,41160,189
mil,4,38,0.01,-0.8531887569713182,41160,189
mil,4,38,0.1,-0.8688961822242219,41160,189
mil,5,38,0.001,-1.691208555212524,576240,229
mil,5,38,0.01,-1.6896274008956638,576240,229
mil,5,38,0.1,-1.6964898231273666,576240,229
mil,0,39,0.001,-2.577389298718166,1,1
mil,0,39,0.01,-2.5773888961618585,1,1
mil,0,39,0.1,-2.577384873029002,1,1
mil,1,39,0.001,-0.055659548142970944,15,14
mil,1,39,0.01,-0.055588389173609046,15,14
mil,1,39,0.1,-0.05565005975875816,15,14
mil,2,39,0.001,-0.06114763760219367,210,53
mil,2,39,0.01,-0.06005370951882147,210,53
mil,2,39,0.1,-0.05993877753124628,210,53
mil,3,39,0.001,-0.32449958797066436,2940,111
mil,3,39,0.01,-0.3221061664453188,2940,111
mil,3,39,0.1,-0.3257405663693081,2940,111
mil,4,39,0.001,-0.6692728395935457,41160,161
mil,4,39,0.01,-0.6660232610328469,41160,161
mil,4,39,0.1,-0.6733536753118631,41160,161
mil,5,39,0.001,-1.484485822554615,576240,187
mil,5,39,0.01,-1.4820507261093383,576240,187
mil,5,39,0.1,-1.4861003254830272,576240,187
mil,0,40,0.001,-2.069075511356874,1,1
mil,0,40,0.01,-2.0690754736228882,1,1
mil,0,40,0.1,-2.069075098781643,1,1
mil,1,40,0.001,-0.17397454579543853,15,14
mil,1,40,0.01,-0.17398057927627322,15,14
mil,1,40,0.1,-0.17404140427105882,15,14
mil,2,40,0.001,-0.15040870869849823,210,55
mil,2,40,0.01,-0.1503251036984132,210,55
mil,2,40,0.1,-0.15102505987155834,210,55
mil,3,40,0.001,-0.17210870831274977,2940,108
mil,3,40,0.01,-0.16997605005560928,2940,108
mil,3,40,0.1,-0.17816295604273794,2940,108
mil,4,40,0.001,-0.4637289369162282,41160,156
mil,4,40,0.01,-0.46209991373936393,41160,156
mil,4,40,0.1,-0.48745143906864774,41160,156
mil,5,40,0.001,-1.533100781417143,576240,185
mil,5,40,0.01,-1.530543822079057,576240,185
mil,5,40,0.1,-1.5380857642115766,576240,185
mil,0,41,0.001,-2.5144213320460835,1,1
mil,0,41,0.01,-2.5144210083802365,1,1
mil,0,41,0.1,-2.514417774081233,1,1
mil,1,41,0.001,-0.049262812175518755,15,14
mil,1,41,0.01,-0.049110297561606765,15,14
mil,1,41,0.1,-0.04909382106448918,15,14
mil,2,41,0.001,-0.06030073611348867,210,56
mil,2,41,0.01,-0.05975314377069946,210,56
mil,2,41,0.1,-0.06105692782973927,210,56
mil,3,41,0.001,-0.09680466531704032,2940,112
mil,3,41,0.01,-0.09535419435950318,2940,112
mil,3,41,0.1,-0.10545936941803208,2940,112
mil,4,41,0.001,-0.40902938293289637,41160,151
mil,4,41,0.01,-0.38736480430190995,41160,151
mil,4,41,0.1,-0.38415516161842167,41160,151
mil,5,41,0.001,-1.1523519494362793,576240,163
mil,5,41,0.01,-1.1519694050253741,576240,163
mil,5,41,0.1,-1.1637227820631053,576240,163
mil,0,42,0.001,-2.231443019339231,1,1
mil,0,42,0.01,-2.2314429647434273,1,1
mil,0,42,0.1,-2.231442420377965,1,1
mil,1,42,0.001,-0.06526978785189734,15,14
mil,1,42,0.01,-0.06516264966718088,15,14
mil,1,42,0.1,-0.06510388119999617,15,14
mil,2,42,0.001,-0.2586932504787442,210,54
mil,2,42,0.01,-0.2544046795523112,210,54
mil,2,42,0.1,-0.25094894417082697,210,54
mil,3,42,0.001,-0.35755053912199014,2940,118
mil,3,42,0.01,-0.3522662742996117,2940,118
mil,3,42,0.1,-0.3513511794931601,2940,118
mil,4,42,0.001,-1.0798917666502093,41160,172
mil,4,42,0.01,-1.0643511980684568,41160,172
mil,4,42,0.1,-1.0565702220998452,41160,172
mil,5,42,0.001,-1.9922036186485428,576240,198
mil,5,42,0.01,-1.9900591957133005,576240,198
mil,5,42,0.1,-1.9948610320742775,576240,198
mil,0,43,0.001,-2.127794226398589,1,1
mil,0,43,0.01,-2.127794259087836,1,1
mil,0,43,0.1,-2.127794587739131,1,1
mil,1,43,0.001,-0.04593466761521035,15,14
mil,1,43,0.01,-0.04594598778629757,15,14
mil,1,43,0.1,-0.04605944809561691,15,14
mil,2,43,0.001,-0.04315940069627438,210,58
mil,2,43,0.01,-0.04214788710820365,210,58
mil,2,43,0.1,-0.04217175003543607,210,58
mil,3,43,0.001,-0.2525657077078366,2940,124
mil,3,43,0.01,-0.2503998638574306,2940,124
mil,3,43,0.1,-0.2517390084172465,2940,124
mil,4,43,0.001,-0.448745015518432,41160,168
mil,4,43,0.01,-0.446177663057414,41160,168
mil,4,43,0.1,-0.4529086577220933,41160,168
mil,5,43,0.001,-1.9278630011425528,576240,187
mil,5,43,0.01,-1.9246290189345547,576240,187
mil,5,43,0.1,-1.9250437664128541,576240,187
mil,0,44,0.001,-2.287482787127403,1,1
mil,0,44,0.01,-2.2874826447692294,1,1
mil,0,44,0.1,-2.2874812232385424,1,1
mil,1,44,0.001,-0.04603032756525571,15,14
mil,1,44,0.01,-0.04582375769408101,15,14
mil,1,44,0.1,-0.04572905118502655,15,14
mil,2,44,0.001,-0.052185317625800004,210,55
mil,2,44,0.01,-0.05092155396470149,210,55
mil,2,44,0.1,-0.051364614034561586,210,55
mil,3,44,0.001,-0.37463054036359134,2940,113
mil,3,44,0.01,-0.372564835194317,2940,113
mil,3,44,0.1,-0.376611371310071,2940,113
mil,4,44,0.001,-1.1072198426639601,41160,158
mil,4,44,0.01,-1.1050038177453427,41160,158
mil,4,44,0.1,-1.111634061912314,41160,158
mil,5,44,0.001,-1.6046214335775193,576240,182
mil,5,44,0.01,-1.6032039304848196,576240,182
mil,5,44,0.1,-1.6118479003967856,576240,182
mil,0,45,0.001,-2.052095070782025,1,1
mil,0,45,0.01,-2.0520952914777286,1,1
mil,0,45,0.1,-2.0520974999690416,1,1
mil,1,45,0.001,-0.05418211830474568,15,14
mil,1,45,0.01,-0.0541352460245185,15,14
mil,1,45,0.1,-0.0541685183098526,15,14
mil,2,45,0.001,-0.0514001873160313,210,53
mil,2,45,0.01,-0.050330222376325895,210,53
mil,2,45,0.1,-0.05012382405684,210,53
mil,3,45,0.001,-0.09973688309524399,2940,127
mil,3,45,0.01,-0.09709584993307449,2940,127
mil,3,45,0.1,-0.10261873685160529,2940,127
mil,4,45,0.001,-0.7850214240617253,41160,195
mil,4,45,0.01,-0.7819948941015902,41160,195
mil,4,45,0.1,-0.7899532893387492,41160,195
mil,5,45,0.001,-2.0828516332281675,576240,234
mil,5,45,0.01,-2.080180751486587,576240,234
mil,5,45,0.1,-2.083602112105228,576240,234
mil,0,46,0.001,-2.3486716543904924,1,1
mil,0,46,0.01,-2.348670978869796,1,1
mil,0,46,0.1,-2.348664228878027,1,1
mil,1,46,0.001,-0.0853208323690731,15,14
mil,1,46,0.01,-0.08533390375032905,15,14
mil,1,46,0.1,-0.08546457784413977,15,14
mil,2,46,0.001,-0.08404715435207848,210,47
mil,2,46,0.01,-0.08263524664826205,210,47
mil,2,46,0.1,-0.08190615057892449,210,47
mil,3,46,0.001,-0.15864409570792204,2940,92
mil,3,46,0.01,-0.15518072158826263,2940,92
mil,3,46,0.1,-0.15551764982344735,2940,92
mil,4,46,0.001,-0.4151572628768208,41160,123
mil,4,46,0.01,-0.4111013636141734,41160,123
mil,4,46,0.1,-0.4182683375203572,41160,123
mil,5,46,0.001,-1.515545132646212,576240,135
mil,5,46,0.01,-1.5120388324653882,576240,135
mil,5,46,0.1,-1.5203319148301984,576240,135
mil,0,47,0.001,-2.848933773103846,1,1
mil,0,47,0.01,-2.8489328689153877,1,1
mil,0,47,0.1,-2.848923829555666,1,1
mil,1,47,0.001,-0.11614378437966653,15,14
mil,1,47,0.01,-0.10978369571864999,15,14
mil,1,47,0.1,-0.10355345274503326,15,14
mil,2,47,0.001,-0.7058760430850182,210,54
mil,2,47,0.01,-0.6979477271741534,210,54
mil,2,47,0.1,-0.6913543875800778,210,54
mil,3,47,0.001,-1.0206830726980771,2940,118
mil,3,47,0.01,-1.01723045990307,2940,118
mil,3,47,0.1,-1.0192449383197653,2940,118
mil,4,47,0.001,-1.6481602968062918,41160,171
mil,4,47,0.01,-1.6451831488978281,41160,171
mil,4,47,0.1,-1.6492703356014908,41160,171
mil,5,47,0.001,-2.029738984343816,576240,202
mil,5,47,0.01,-2.0280412470741207,576240,202
mil,5,47,0.1,-2.032849160250037,576240,202
mil,0,48,0.001,-2.391220833574684,1,1
mil,0,48,0.01,-2.391220490127498,1,1
mil,0,48,0.1,-2.3912170586320873,1,1
mil,1,48,0.001,-0.05895730266704815,15,14
mil,1,48,0.01,-0.058864285014722496,15,14
mil,1,48,0.1,-0.058886963084636146,15,14
mil,2,48,0.001,-0.06641247687637726,210,51
mil,2,48,0.01,-0.06536033141537716,210,51
mil,2,48,0.1,-0.065312338151036,210,51
mil,3,48,0.001,-0.38492535162996155,2940,105
mil,3,48,0.01,-0.3818723875637116,2940,105
mil,3,48,0.1,-0.38262762870624234,2940,105
mil,4,48,0.001,-0.8107836224182031,41160,140
mil,4,48,0.01,-0.8093286842605094,41160,140
mil,4,48,0.1,-0.825750960602597,41160,140
mil,5,48,0.001,-2.0247803790338756,576240,156
mil,5,48,0.01,-2.022944443059812,576240,156
mil,5,48,0.1,-2.031668620558984,576240,156
mil,0,49,0.001,-2.4334772802899614,1,1
mil,0,49,0.01,-2.4334768981863273,1,1
mil,0,49,0.1,-2.4334730797806623,1,1
mil,1,49,0.001,-0.06512449458966346,15,14
mil,1,49,0.01,-0.0651361690729161,15,14
mil,1,49,0.1,-0.06525369323334482,15,14
mil,2,49,0.001,-0.06961519650064239,210,58
mil,2,49,0.01,-0.06778962330388334,210,58
mil,2,49,0.1,-0.06787478083582661,210,58
mil,3,49,0.001,-0.4172407780270291,2940,126
mil,3,49,0.01,-0.41312067814691417,2940,126
mil,3,49,0.1,-0.4142450522764252,2940,126
mil,4,49,0.001,-0.8562814320573711,41160,181
mil,4,49,0.01,-0.8519654549367441,41160,181
mil,4,49,0.1,-0.8551243679316108,41160,181
mil,5,49,0.001,-1.9197740954744027,576240,205
mil,5,49,0.01,-1.9168644928389458,576240,205
mil,5,49,0.1,-1.9173709498352547,576240,205
mil,0,50,0.001,-2.3268653336789153,1,1
mil,0,50,0.01,-2.3268651034555314,1,1
mil,0,50,0.1,-2.326862804039219,1,1
mil,1,50,0.001,-0.07460932809111623,15,14
mil,1,50,0.01,-0.07451611396203882,15,14
mil,1,50,0.1,-0.07449151007014135,15,14
mil,2,50,0.001,-0.07813654347094719,210,57
mil,2,50,0.01,-0.0763755932988959,210,57
mil,2,50,0.1,-0.0759834429393742,210,57
mil,3,50,0.001,-0.23601666265505847,2940,123
mil,3,50,0.01,-0.23108438767290854,2940,123
mil,3,50,0.1,-0.23324270272740794,2940,123
mil,4,50,0.001,-0.7962784849446355,41160,182
mil,4,50,0.01,-0.7920170020519395,41160,182
mil,4,50,0.1,-0.8001741997984342,41160,182
mil,5,50,0.001,-2.1099207586168647,576240,211
mil,5,50,0.01,-2.1056506828378456,576240,211
mil,5,50,0.1,-2.1112547937474844,576240,211
mul,0,1,0.001,-2.2757708524676197,1,1
mul,0,1,0.01,-2.2757708536994636,1,1
mul,0,1,0.1,-2.2757708660484384,1,1
mul,1,1,0.001,-0.13134738370681093,15,14
mul,1,1,0.01,-0.1313488871040808,15,14
mul,1,1,0.1,-0.13136392691483623,15,14
mul,2,1,0.001,-0.12479900553072189,210,71
mul,2,1,0.01,-0.12471800742572357,210,71
mul,2,1,0.1,-0.12473543311623882,210,71
mul,3,1,0.001,-0.12979928108038136,2940,271
mul,3,1,0.01,-0.12928189627983416,2940,271
mul,3,1,0.1,-0.1293508772868737,2940,271
mul,4,1,0.001,-0.1523484531711727,41160,746
mul,4,1,0.01,-0.150058183091158,41160,746
mul,4,1,0.1,-0.15101223325579663,41160,746
mul,5,1,0.001,-0.27291473157898904,576240,1467
mul,5,1,0.01,-0.2661012426741331,576240,1467
mul,5,1,0.1,-0.2706557134630547,576240,1467
mul,0,2,0.001,-2.238731536679815,1,1
mul,0,2,0.01,-2.238731537199583,1,1
mul,0,2,0.1,-2.2387315424310485,1,1
mul,1,2,0.001,-0.1324341998023629,15,14
mul,1,2,0.01,-0.13243544614576327,15,14
mul,1,2,0.1,-0.13244794707194635,15,14
mul,2,2,0.001,-0.12463849198501231,210,74
mul,2,2,0.01,-0.12454625544980619,210,74
mul,2,2,0.1,-0.12453915624409266,210,74
mul,3,2,0.001,-0.12573587506958225,2940,280
mul,3,2,0.01,-0.1251012055274824,2940,280
mul,3,2,0.1,-0.12508357582610666,2940,280
mul,4,2,0.001,-0.15057652931046178,41160,739
mul,4,2,0.01,-0.148319978729097,41160,739
mul,4,2,0.1,-0.14872360674863655,41160,739
mul,5,2,0.001,-0.30592495666083314,576240,1380
mul,5,2,0.01,-0.29832788589037984,576240,1380
mul,5,2,0.1,-0.29818691087824006,576240,1380
mul,0,3,0.001,-2.260884570890711,1,1
mul,0,3,0.01,-2.2608845708497127,1,1
mul,0,3,0.1,-2.2608845704721223,1,1
mul,1,3,0.001,-0.12813216268294245,15,14
mul,1,3,0.01,-0.1281335689800579,15,14
mul,1,3,0.1,-0.12814766364527308,15,14
mul,2,3,0.001,-0.12127279248223834,210,74
mul,2,3,0.01,-0.12118635778092011,210,74
mul,2,3,0.1,-0.12119616673414123,210,74
mul,3,3,0.001,-0.12157574249954972,2940,273
mul,3,3,0.01,-0.12109170437567499,2940,273
mul,3,3,0.1,-0.12124660398753559,2940,273
mul,4,3,0.001,-0.13244644735183,41160,720
mul,4,3,0.01,-0.1306353035505937,41160,720
mul,4,3,0.1,-0.13095796100128299,41160,720
mul,5,3,0.001,-0.24536051231308464,576240,1376
mul,5,3,0.01,-0.2373602047895228,576240,1376
mul,5,3,0.1,-0.23692497492502157,576240,1376
mul,0,4,0.001,-2.2988016020570323,1,1
mul,0,4,0.01,-2.298801595473722,1,1
mul,0,4,0.1,-2.298801529673129,1,1
mul,1,4,0.001,-0.12911509019620537,15,14
mul,1,4,0.01,-0.12911660633991212,15,14
mul,1,4,0.1,-0.1291317853902081,15,14
mul,2,4,0.001,-0.12190209036876555,210,73
mul,2,4,0.01,-0.12186320914162231,210,73
mul,2,4,0.1,-0.12190977396195748,210,73
mul,3,4,0.001,-0.12185097057036176,2940,271
mul,3,4,0.01,-0.12129033462013884,2940,271
mul,3,4,0.1,-0.12124360893807508,2940,271
mul,4,4,0.001,-0.15737917478162777,41160,720
mul,4,4,0.01,-0.1544120332976591,41160,720
mul,4,4,0.1,-0.15440686604081974,41160,720
mul,5,4,0.001,-0.27309768021288633,576240,1371
mul,5,4,0.01,-0.26792034615910215,576240,1371
mul,5,4,0.1,-0.27008142849064415,576240,1371
mul,0,5,0.001,-2.2343000884894226,1,1
mul,0,5,0.01,-2.2343000901859376,1,1
mul,0,5,0.1,-2.234300107184823,1,1
mul,1,5,0.001,-0.12051215688652667,15,14
mul,1,5,0.01,-0.12051360712007034,15,14
mul,1,5,0.1,-0.12052811429393555,15,14
mul,2,5,0.001,-0.1136747443918421,210,72
mul,2,5,0.01,-0.11354358324206719,210,72
mul,2,5,0.1,-0.11348987013134723,210,72
mul,3,5,0.001,-0.11888830446016488,2940,274
mul,3,5,0.01,-0.1183579453030092,2940,274
mul,3,5,0.1,-0.118286571537763,2940,274
mul,4,5,0.001,-0.1373852976829232,41160,713
mul,4,5,0.01,-0.13564084322168904,41160,713
mul,4,5,0.1,-0.1356819460817935,41160,713
mul,5,5,0.001,-0.2697354172165491,576240,1315
mul,5,5,0.01,-0.2648121322951313,576240,1315
mul,5,5,0.1,-0.26605105354439695,576240,1315
mul,0,6,0.001,-2.258130813106921,1,1
mul,0,6,0.01,-2.25813081063839,1,1
mul,0,6,0.1,-2.258130785986683,1,1
mul,1,6,0.001,-0.12520573510850125,15,14
mul,1,6,0.01,-0.12520730141326655,15,14
mul,1,6,0.1,-0.1252229717531892,15,14
mul,2,6,0.001,-0.11839779100934067,210,72
mul,2,6,0.01,-0.1183819261783054,210,72
mul,2,6,0.1,-0.11845004048821735,210,72
mul,3,6,0.001,-0.1190223243878019,2940,273
mul,3,6,0.01,-0.11833695030248609,2940,273
mul,3,6,0.1,-0.11813803667367224,2940,273
mul,4,6,0.001,-0.15722562136282142,41160,713
mul,4,6,0.01,-0.15548447508071073,41160,713
mul,4,6,0.1,-0.15569685000362404,41160,713
mul,5,6,0.001,-0.2617765777732372,576240,1331
mul,5,6,0.01,-0.25238292727375666,576240,1331
mul,5,6,0.1,-0.2506228972016799,576240,1331
mul,0,7,0.001,-2.249754803120939,1,1
mul,0,7,0.01,-2.2497548086067902,1,1
mul,0,7,0.1,-2.249754863495895,1,1
mul,1,7,0.001,-0.12311723884382393,15,14
mul,1,7,0.01,-0.12311871122287506,15,14
mul,1,7,0.1,-0.12313344283818393,15,14
mul,2,7,0.001,-0.11674744474955127,210,74
mul,2,7,0.01,-0.11671132065713129,210,74
mul,2,7,0.1,-0.11676435204545385,210,74
mul,3,7,0.001,-0.1173109340294173,2940,267
mul,3,7,0.01,-0.11674878871339621,2940,267
mul,3,7,0.1,-0.11661988682130935,2940,267
mul,4,7,0.001,-0.13640498707712612,41160,718
mul,4,7,0.01,-0.13399795061523345,41160,718
mul,4,7,0.1,-0.13363815593035666,41160,718
mul,5,7,0.001,-0.26885995163147,576240,1406
mul,5,7,0.01,-0.26335122307578357,576240,1406
mul,5,7,0.1,-0.26423226532682054,576240,1406
mul,0,8,0.001,-2.2836937114608573,1,1
mul,0,8,0.01,-2.283693706798087,1,1
mul,0,8,0.1,-2.283693660203024,1,1
mul,1,8,0.001,-0.13401113245743868,15,14
mul,1,8,0.01,-0.1340126214330562,15,14
mul,1,8,0.1,-0.1340275271201991,15,14
mul,2,8,0.001,-0.1269005307502017,210,73
mul,2,8,0.01,-0.12682427658110418,210,73
mul,2,8,0.1,-0.12682958698288851,210,73
mul,3,8,0.001,-0.12887240877367856,2940,279
mul,3,8,0.01,-0.128072080955826,2940,279
mul,3,8,0.1,-0.12779918364191192,2940,279
mul,4,8,0.001,-0.1456044242878261,41160,736
mul,4,8,0.01,-0.1434511695368927,41160,736
mul,4,8,0.1,-0.14349094113052704,41160,736
mul,5,8,0.001,-0.2428308846906582,576240,1381
mul,5,8,0.01,-0.23747014639687,576240,1381
mul,5,8,0.1,-0.239367399425765,576240,1381
mul,0,9,0.001,-2.278379773832254,1,1
mul,0,9,0.01,-2.2783797647861004,1,1
mul,0,9,0.1,-2.2783796743598557,1,1
mul,1,9,0.001,-0.12300360918626194,15,14
mul,1,9,0.01,-0.12300520833770624,15,14
mul,1,9,0.1,-0.12302120182307433,15,14
mul,2,9,0.001,-0.11630180114258848,210,72
mul,2,9,0.01,-0.11628390787660908,210,72
mul,2,9,0.1,-0.11634290707081155,210,72
mul,3,9,0.001,-0.11607689001374552,2940,269
mul,3,9,0.01,-0.1156325963965647,2940,269
mul,3,9,0.1,-0.11569015859746389,2940,269
mul,4,9,0.001,-0.1289522316124808,41160,719
mul,4,9,0.01,-0.12702632421494792,41160,719
mul,4,9,0.1,-0.12704099200514787,41160,719
mul,5,9,0.001,-0.26667640762490613,576240,1345
mul,5,9,0.01,-0.2539057424371089,576240,1345
mul,5,9,0.1,-0.25074218021537276,576240,1345
mul,0,10,0.001,-2.2642951222015704,1,1
mul,0,10,0.01,-2.264295120844557,1,1
mul,0,10,0.1,-2.264295107307071,1,1
mul,1,10,0.001,-0.1340775109474323,15,14
mul,1,10,0.01,-0.1340789775331086,15,14
mul,1,10,0.1,-0.13409365115524147,15,14
mul,2,10,0.001,-0.12544045106617777,210,72
mul,2,10,0.01,-0.12536530619044467,210,72
mul,2,10,0.1,-0.12538606466331775,210,72
mul,3,10,0.001,-0.1269061686907321,2940,270
mul,3,10,0.01,-0.1262218075709283,2940,270
mul,3,10,0.1,-0.12598090469337794,2940,270
mul,4,10,0.001,-0.14199853735204251,41160,719
mul,4,10,0.01,-0.14000167852799159,41160,719
mul,4,10,0.1,-0.13989509358228458,41160,719
mul,5,10,0.001,-0.26611499104168596,576240,1352
mul,5,10,0.01,-0.26139075030463677,576240,1352
mul,5,10,0.1,-0.2636781548731319,576240,1352
mul,0,11,0.001,-2.2781706905784604,1,1
mul,0,11,0.01,-2.278170685690071,1,1
mul,0,11,0.1,-2.278170636839538,1,1
mul,1,11,0.001,-0.12792056930409768,15,14
mul,1,11,0.01,-0.12792208044939057,15,14
mul,1,11,0.1,-0.12793720187726831,15,14
mul,2,11,0.001,-0.12003649769124662,210,73
mul,2,11,0.01,-0.11999664257275369,210,73
mul,2,11,0.1,-0.12004832708140913,210,73
mul,3,11,0.001,-0.12117427509197706,2940,276
mul,3,11,0.01,-0.1207306879513891,2940,276
mul,3,11,0.1,-0.12085401797806014,2940,276
mul,4,11,0.001,-0.15051850944661152,41160,711
mul,4,11,0.01,-0.1481323986748744,41160,711
mul,4,11,0.1,-0.14773631166518775,41160,711
mul,5,11,0.001,-0.2758280671461191,576240,1337
mul,5,11,0.01,-0.2633873128212911,576240,1337
mul,5,11,0.1,-0.25996164565448265,576240,1337
mul,0,12,0.001,-2.261167199968225,1,1
mul,0,12,0.01,-2.2611671887168665,1,1
mul,0,12,0.1,-2.2611670762411733,1,1
mul,1,12,0.001,-0.12702253576109496,15,14
mul,1,12,0.01,-0.1270240931374472,15,14
mul,1,12,0.1,-0.12703967083841114,15,14
mul,2,12,0.001,-0.1197426075166742,210,71
mul,2,12,0.01,-0.11966574793491036,210,71
mul,2,12,0.1,-0.11966323865859592,210,71
mul,3,12,0.001,-0.12049263249111102,2940,269
mul,3,12,0.01,-0.12019106329335265,2940,269
mul,3,12,0.1,-0.12101424327566972,2940,269
mul,4,12,0.001,-0.14383104776711556,41160,680
mul,4,12,0.01,-0.14209162612966988,41160,680
mul,4,12,0.1,-0.14299205259889086,41160,680
mul,5,12,0.001,-0.2428653664409308,576240,1232
mul,5,12,0.01,-0.23729612420697718,576240,1232
mul,5,12,0.1,-0.23880550407890655,576240,1232
mul,0,13,0.001,-2.281919919949378,1,1
mul,0,13,0.01,-2.281919913899538,1,1
mul,0,13,0.1,-2.2819198534347245,1,1
mul,1,13,0.001,-0.12721356177827103,15,14
mul,1,13,0.01,-0.12721513161811052,15,14
mul,1,13,0.1,-0.1272308354274372,15,14
mul,2,13,0.001,-0.12027656444111674,210,72
mul,2,13,0.01,-0.12022313656938956,210,72
mul,2,13,0.1,-0.12025409813610206,210,72
mul,3,13,0.001,-0.12113871623803307,2940,266
mul,3,13,0.01,-0.12061467827262776,2940,266
mul,3,13,0.1,-0.12046814476612457,2940,266
mul,4,13,0.001,-0.14355308841488687,41160,701
mul,4,13,0.01,-0.14136226063474489,41160,701
mul,4,13,0.1,-0.1408361011261671,41160,701
mul,5,13,0.001,-0.27282147121198297,576240,1294
mul,5,13,0.01,-0.2615691994073029,576240,1294
mul,5,13,0.1,-0.25774806142997086,576240,1294
mul,0,14,0.001,-2.2889628568929794,1,1
mul,0,14,0.01,-2.288962849120504,1,1
mul,0,14,0.1,-2.2889627714297314,1,1
mul,1,14,0.001,-0.12616420824765606,15,14
mul,1,14,0.01,-0.12616574197901959,15,14
mul,1,14,0.1,-0.1261811021857878,15,14
mul,2,14,0.001,-0.1184734385592352,210,74
mul,2,14,0.01,-0.11845754558710031,210,74
mul,2,14,0.1,-0.11852644784376792,210,74
mul,3,14,0.001,-0.11966671381018172,2940,266
mul,3,14,0.01,-0.1189810569513892,2940,266
mul,3,14,0.1,-0.11951257424827187,2940,266
mul,4,14,0.001,-0.14664533457451379,41160,692
mul,4,14,0.01,-0.14508025197514565,41160,692
mul,4,14,0.1,-0.1462279536662292,41160,692
mul,5,14,0.001,-0.25087585517472677,576240,1316
mul,5,14,0.01,-0.23948329057402268,576240,1316
mul,5,14,0.1,-0.23704892337506078,576240,1316
mul,0,15,0.001,-2.296487534092452,1,1
mul,0,15,0.01,-2.2964875210542117,1,1
mul,0,15,0.1,-2.2964873907077177,1,1
mul,1,15,0.001,-0.12295729029920617,15,14
mul,1,15,0.01,-0.12295896626125913,15,14
mul,1,15,0.1,-0.12297572534749154,15,14
mul,2,15,0.001,-0.1165222975747931,210,68
mul,2,15,0.01,-0.11649064503935685,210,68
mul,2,15,0.1,-0.11653649436281872,210,68
mul,3,15,0.001,-0.11539058232099503,2940,255
mul,3,15,0.01,-0.11503183396133468,2940,255
mul,3,15,0.1,-0.11517937419368389,2940,255
mul,4,15,0.001,-0.13262823219438297,41160,685
mul,4,15,0.01,-0.1303113046383505,41160,685
mul,4,15,0.1,-0.1301199707076865,41160,685
mul,5,15,0.001,-0.24905669479895026,576240,1268
mul,5,15,0.01,-0.2368295201525438,576240,1268
mul,5,15,0.1,-0.23391904189565313,576240,1268
mul,0,16,0.001,-2.2594901970093164,1,1
mul,0,16,0.01,-2.2594902030687565,1,1
mul,0,16,0.1,-2.259490263692745,1,1
mul,1,16,0.001,-0.1260412652451947,15,14
mul,1,16,0.01,-0.12604276172359913,15,14
mul,1,16,0.1,-0.12605774560786528,15,14
mul,2,16,0.001,-0.11874753653133566,210,73
mul,2,16,0.01,-0.1187008992647452,210,73
mul,2,16,0.1,-0.11873610788705662,210,73
mul,3,16,0.001,-0.11786717968955628,2940,266
mul,3,16,0.01,-0.11748032669911855,2940,266
mul,3,16,0.1,-0.11759830350447942,2940,266
mul,4,16,0.001,-0.13417089300910398,41160,710
mul,4,16,0.01,-0.13245443009359245,41160,710
mul,4,16,0.1,-0.13239964810356372,41160,710
mul,5,16,0.001,-0.25281645624733834,576240,1372
mul,5,16,0.01,-0.24551918863523844,576240,1372
mul,5,16,0.1,-0.2439680629584939,576240,1372
mul,0,17,0.001,-2.2590976330799593,1,1
mul,0,17,0.01,-2.2590976311377355,1,1
mul,0,17,0.1,-2.259097611748906,1,1
mul,1,17,0.001,-0.13327500246147134,15,14
mul,1,17,0.01,-0.13327640226512952,15,14
mul,1,17,0.1,-0.1332904235969825,15,14
mul,2,17,0.001,-0.1265143896966334,210,73
mul,2,17,0.01,-0.12641045605773688,210,73
mul,2,17,0.1,-0.1263880152792068,210,73
mul,3,17,0.001,-0.12760418888357863,2940,279
mul,3,17,0.01,-0.12705779981061624,2940,279
mul,3,17,0.1,-0.12698252702310642,2940,279
mul,4,17,0.001,-0.15296100582347677,41160,736
mul,4,17,0.01,-0.15040239496442154,41160,736
mul,4,17,0.1,-0.15036869632053879,41160,736
mul,5,17,0.001,-0.32146247373881653,576240,1406
mul,5,17,0.01,-0.31326625349082465,576240,1406
mul,5,17,0.1,-0.31366248661448,576240,1406
mul,0,18,0.001,-2.2560182253915597,1,1
mul,0,18,0.01,-2.256018221395111,1,1
mul,0,18,0.1,-2.2560181814650977,1,1
mul,1,18,0.001,-0.1368141827759879,15,14
mul,1,18,0.01,-0.13681564669175156,15,14
mul,1,18,0.1,-0.13683029249758177,15,14
mul,2,18,0.001,-0.12903433380617968,210,73
mul,2,18,0.01,-0.12896679896978747,210,73
mul,2,18,0.1,-0.1289891065478475,210,73
mul,3,18,0.001,-0.12950573041002794,2940,268
mul,3,18,0.01,-0.12889541965589382,2940,268
mul,3,18,0.1,-0.1288282644360639,2940,268
mul,4,18,0.001,-0.16114573719754433,41160,722
mul,4,18,0.01,-0.15896794894872587,41160,722
mul,4,18,0.1,-0.15921638793090567,41160,722
mul,5,18,0.001,-0.35191341397668,576240,1378
mul,5,18,0.01,-0.336091696327759,576240,1378
mul,5,18,0.1,-0.33089823400786983,576240,1378
mul,0,19,0.001,-2.2320613650406216,1,1
mul,0,19,0.01,-2.232061368782679,1,1
mul,0,19,0.1,-2.2320614062360438,1,1
mul,1,19,0.001,-0.13540715836085612,15,14
mul,1,19,0.01,-0.13540847879518905,15,14
mul,1,19,0.1,-0.13542169379008953,15,14
mul,2,19,0.001,-0.12749944798762802,210,72
mul,2,19,0.01,-0.12741076758561087,210,72
mul,2,19,0.1,-0.12741427949197445,210,72
mul,3,19,0.001,-0.13390070146551064,2940,279
mul,3,19,0.01,-0.13312049365181414,2940,279
mul,3,19,0.1,-0.13286152561700654,2940,279
mul,4,19,0.001,-0.15881176457572438,41160,742
mul,4,19,0.01,-0.1563836861572778,41160,742
mul,4,19,0.1,-0.15636792825962667,41160,742
mul,5,19,0.001,-0.2947953268553411,576240,1420
mul,5,19,0.01,-0.28748608743559834,576240,1420
mul,5,19,0.1,-0.2881136671437089,576240,1420
mul,0,20,0.001,-2.276208608870786,1,1
mul,0,20,0.01,-2.2762086048160564,1,1
mul,0,20,0.1,-2.2762085643018226,1,1
mul,1,20,0.001,-0.12647247637195813,15,14
mul,1,20,0.01,-0.1264740286185377,15,14
mul,1,20,0.1,-0.12648955369565396,15,14
mul,2,20,0.001,-0.11933973628715475,210,72
mul,2,20,0.01,-0.11930006706801632,210,72
mul,2,20,0.1,-0.1193501355083671,210,72
mul,3,20,0.001,-0.11901986370308025,2940,270
mul,3,20,0.01,-0.11868222923824592,2940,270
mul,3,20,0.1,-0.11885502219417374,2940,270
mul,4,20,0.001,-0.13854174384356366,41160,718
mul,4,20,0.01,-0.1367033656748111,41160,718
mul,4,20,0.1,-0.13725895319326495,41160,718
mul,5,20,0.001,-0.2573432736809172,576240,1382
mul,5,20,0.01,-0.24958194944293668,576240,1382
mul,5,20,0.1,-0.250254456344695,576240,1382
mul,0,21,0.001,-2.225763948342071,1,1
mul,0,21,0.01,-2.2257639518164285,1,1
mul,0,21,0.1,-2.225763986593392,1,1
mul,1,21,0.001,-0.1203392045344091,15,14
mul,1,21,0.01,-0.1203406381867104,15,14
mul,1,21,0.1,-0.12035500309885111,15,14
mul,2,21,0.001,-0.1140901202349907,210,72
mul,2,21,0.01,-0.11402496530469441,210,72
mul,2,21,0.1,-0.11404962914181953,210,72
mul,3,21,0.001,-0.11484980646148206,2940,262
mul,3,21,0.01,-0.11411446455335542,2940,262
mul,3,21,0.1,-0.11401310620483825,2940,262
mul,4,21,0.001,-0.1221078152066329,41160,677
mul,4,21,0.01,-0.12033436334627011,41160,677
mul,4,21,0.1,-0.12027471797333651,41160,677
mul,5,21,0.001,-0.22214715055764783,576240,1269
mul,5,21,0.01,-0.21709088878950478,576240,1269
mul,5,21,0.1,-0.217604460947637,576240,1269
mul,0,22,0.001,-2.2715579878090835,1,1
mul,0,22,0.01,-2.271557989320705,1,1
mul,0,22,0.1,-2.2715580044678174,1,1
mul,1,22,0.001,-0.11793560764226842,15,14
mul,1,22,0.01,-0.11793720377953493,15,14
mul,1,22,0.1,-0.1179531726405238,15,14
mul,2,22,0.001,-0.11174826264074175,210,72
mul,2,22,0.01,-0.11166448095784037,210,72
mul,2,22,0.1,-0.1116628343037574,210,72
mul,3,22,0.001,-0.11251373264986637,2940,270
mul,3,22,0.01,-0.11210019013083942,2940,270
mul,3,22,0.1,-0.11213016123910075,2940,270
mul,4,22,0.001,-0.14315092112296038,41160,689
mul,4,22,0.01,-0.14175996918993528,41160,689
mul,4,22,0.1,-0.14245048682812983,41160,689
mul,5,22,0.001,-0.25364918948374465,576240,1288
mul,5,22,0.01,-0.2472254645473577,576240,1288
mul,5,22,0.1,-0.24838160334507062,576240,1288
mul,0,23,0.001,-2.2643664650141835,1,1
mul,0,23,0.01,-2.264366467156991,1,1
mul,0,23,0.1,-2.2643664886162584,1,1
mul,1,23,0.001,-0.1177777457599332,15,14
mul,1,23,0.01,-0.11777926677595343,15,14
mul,1,23,0.1,-0.1177944872417694,15,14
mul,2,23,0.001,-0.11123511880387538,210,73
mul,2,23,0.01,-0.11119865205287961,210,73
mul,2,23,0.1,-0.11125696749183099,210,73
mul,3,23,0.001,-0.11116081863294863,2940,271
mul,3,23,0.01,-0.11065555856274913,2940,271
mul,3,23,0.1,-0.11056851215340403,2940,271
mul,4,23,0.001,-0.12843556314730048,41160,723
mul,4,23,0.01,-0.1264433914485348,41160,723
mul,4,23,0.1,-0.12656633622564334,41160,723
mul,5,23,0.001,-0.24475852545031146,576240,1371
mul,5,23,0.01,-0.2388969847436122,576240,1371
mul,5,23,0.1,-0.23974469490602798,576240,1371
mul,0,24,0.001,-2.2371012676804396,1,1
mul,0,24,0.01,-2.2371012659890663,1,1
mul,0,24,0.1,-2.237101249110348,1,1
mul,1,24,0.001,-0.12910846738575318,15,14
mul,1,24,0.01,-0.1291098810398632,15,14
mul,1,24,0.1,-0.1291240355108763,15,14
mul,2,24,0.001,-0.12191809786189403,210,74
mul,2,24,0.01,-0.12187516787467194,210,74
mul,2,24,0.1,-0.12191912918548314,210,74
mul,3,24,0.001,-0.12350369365520085,2940,271
mul,3,24,0.01,-0.1225882056426169,2940,271
mul,3,24,0.1,-0.12223761110224182,2940,271
mul,4,24,0.001,-0.137603718148179,41160,699
mul,4,24,0.01,-0.13593518999228382,41160,699
mul,4,24,0.1,-0.13617329384292312,41160,699
mul,5,24,0.001,-0.26917270589491776,576240,1297
mul,5,24,0.01,-0.26103686496092254,576240,1297
mul,5,24,0.1,-0.2593915831336918,576240,1297
mul,0,25,0.001,-2.2715638129370594,1,1
mul,0,25,0.01,-2.2715638060255614,1,1
mul,0,25,0.1,-2.2715637369452537,1,1
mul,1,25,0.001,-0.13214127427472463,15,14
mul,1,25,0.01,-0.13214278092051113,15,14
mul,1,25,0.1,-0.1321578512913798,15,14
mul,2,25,0.001,-0.12552756008222846,210,72
mul,2,25,0.01,-0.1254848535616658,210,72
mul,2,25,0.1,-0.12552575127892793,210,72
mul,3,25,0.001,-0.12620393609841504,2940,275
mul,3,25,0.01,-0.12549071122953637,2940,275
mul,3,25,0.1,-0.1253422443891228,2940,275
mul,4,25,0.001,-0.14796669708682667,41160,737
mul,4,25,0.01,-0.14563075812148113,41160,737
mul,4,25,0.1,-0.14538951598881686,41160,737
mul,5,25,0.001,-0.301923714466459,576240,1397
mul,5,25,0.01,-0.28877851396237664,576240,1397
mul,5,25,0.1,-0.28471330709620934,576240,1397
mul,0,26,0.001,-2.23740218933538,1,1
mul,0,26,0.01,-2.237402197579921,1,1
mul,0,26,0.1,-2.2374022800554974,1,1
mul,1,26,0.001,-0.12816877299339655,15,14
mul,1,26,0.01,-0.12817020359322637,15,14
mul,1,26,0.1,-0.12818451791750377,15,14
mul,2,26,0.001,-0.12088737279999538,210,73
mul,2,26,0.01,-0.12083945005594517,210,73
mul,2,26,0.1,-0.12087321882954392,210,73
mul,3,26,0.001,-0.12232475838296718,2940,274
mul,3,26,0.01,-0.12154468040920448,2940,274
mul,3,26,0.1,-0.1213321037519759,2940,274
mul,4,26,0.001,-0.13814981559941894,41160,717
mul,4,26,0.01,-0.13615705890297497,41160,717
mul,4,26,0.1,-0.13597230899373786,41160,717
mul,5,26,0.001,-0.23262945976727248,576240,1351
mul,5,26,0.01,-0.22733359002077022,576240,1351
mul,5,26,0.1,-0.22763118295834464,576240,1351
mul,0,27,0.001,-2.2268534960613007,1,1
mul,0,27,0.01,-2.226853502596775,1,1
mul,0,27,0.1,-2.226853567983368,1,1
mul,1,27,0.001,-0.12362029586307063,15,14
mul,1,27,0.01,-0.12362171222872768,15,14
mul,1,27,0.1,-0.12363588942750653,15,14
mul,2,27,0.001,-0.11655498830140111,210,72
mul,2,27,0.01,-0.11652847709885059,210,72
mul,2,27,0.1,-0.11658801270496587,210,72
mul,3,27,0.001,-0.11725699895650969,2940,269
mul,3,27,0.01,-0.1163849804340915,2940,269
mul,3,27,0.1,-0.1160859424247724,2940,269
mul,4,27,0.001,-0.13204847784529264,41160,704
mul,4,27,0.01,-0.1301631586700936,41160,704
mul,4,27,0.1,-0.12998508333103495,41160,704
mul,5,27,0.001,-0.23470327186692863,576240,1309
mul,5,27,0.01,-0.230609709186637,576240,1309
mul,5,27,0.1,-0.23231698404588,576240,1309
mul,0,28,0.001,-2.2530521769250305,1,1
mul,0,28,0.01,-2.2530521751522468,1,1
mul,0,28,0.1,-2.2530521574581712,1,1
mul,1,28,0.001,-0.12654548153971404,15,14
mul,1,28,0.01,-0.12654697701995313,15,14
mul,1,28,0.1,-0.12656193597010457,15,14
mul,2,28,0.001,-0.11972903538647667,210,71
mul,2,28,0.01,-0.11971178831778764,210,71
mul,2,28,0.1,-0.1197677467686641,210,71
mul,3,28,0.001,-0.11987400926708912,2940,267
mul,3,28,0.01,-0.11943001183906629,2940,267
mul,3,28,0.1,-0.11963167469463412,2940,267
mul,4,28,0.001,-0.1503611433308241,41160,723
mul,4,28,0.01,-0.14781343267080535,41160,723
mul,4,28,0.1,-0.14760090086053948,41160,723
mul,5,28,0.001,-0.2993994672476316,576240,1405
mul,5,28,0.01,-0.28902640901035176,576240,1405
mul,5,28,0.1,-0.2876058147687488,576240,1405
mul,0,29,0.001,-2.253542742910299,1,1
mul,0,29,0.01,-2.2535427471279856,1,1
mul,0,29,0.1,-2.253542789335878,1,1
mul,1,29,0.001,-0.12528147838794373,15,14
mul,1,29,0.01,-0.12528287034059216,15,14
mul,1,29,0.1,-0.12529681434715492,15,14
mul,2,29,0.001,-0.11866137203878807,210,73
mul,2,29,0.01,-0.11854267282967834,210,73
mul,2,29,0.1,-0.11851415986859398,210,73
mul,3,29,0.001,-0.12318622074076621,2940,275
mul,3,29,0.01,-0.12238458150694088,2940,275
mul,3,29,0.1,-0.12205071529169025,2940,275
mul,4,29,0.001,-0.15327661593797748,41160,750
mul,4,29,0.01,-0.15126606839929893,41160,750
mul,4,29,0.1,-0.1512654357130869,41160,750
mul,5,29,0.001,-0.3046677755844697,576240,1405
mul,5,29,0.01,-0.2971711730318389,576240,1405
mul,5,29,0.1,-0.2964391403938727,576240,1405
mul,0,30,0.001,-2.2563575301550234,1,1
mul,0,30,0.01,-2.256357524690478,1,1
mul,0,30,0.1,-2.256357470080399,1,1
mul,1,30,0.001,-0.12805010207942288,15,14
mul,1,30,0.01,-0.12805155460981738,15,14
mul,1,30,0.1,-0.128066095430491,15,14
mul,2,30,0.001,-0.1211652934234473,210,72
mul,2,30,0.01,-0.1210570670558089,210,72
mul,2,30,0.1,-0.12105001561601458,210,72
mul,3,30,0.001,-0.12758561508938457,2940,266
mul,3,30,0.01,-0.12695631978873181,2940,266
mul,3,30,0.1,-0.1268473282889777,2940,266
mul,4,30,0.001,-0.14028213984958401,41160,690
mul,4,30,0.01,-0.1383676057243217,41160,690
mul,4,30,0.1,-0.1383512865780496,41160,690
mul,5,30,0.001,-0.2333681298746125,576240,1287
mul,5,30,0.01,-0.22845712371018445,576240,1287
mul,5,30,0.1,-0.23055309395697965,576240,1287
mul,0,31,0.001,-2.260556198173256,1,1
mul,0,31,0.01,-2.2605561892407584,1,1
mul,0,31,0.1,-2.2605560999528427,1,1
mul,1,31,0.001,-0.12184043176876684,15,14
mul,1,31,0.01,-0.12184195449533153,15,14
mul,1,31,0.1,-0.12185718982692527,15,14
mul,2,31,0.001,-0.11548991149962674,210,74
mul,2,31,0.01,-0.11541549767415271,210,74
mul,2,31,0.1,-0.11542134328023974,210,74
mul,3,31,0.001,-0.11572546706642622,2940,272
mul,3,31,0.01,-0.1152392227089535,2940,272
mul,3,31,0.1,-0.11521909214012108,2940,272
mul,4,31,0.001,-0.12883096633836888,41160,685
mul,4,31,0.01,-0.1272187543008041,41160,685
mul,4,31,0.1,-0.1272470923406851,41160,685
mul,5,31,0.001,-0.2139166719177955,576240,1270
mul,5,31,0.01,-0.2092329083951969,576240,1270
mul,5,31,0.1,-0.21137752120987707,576240,1270
mul,0,32,0.001,-2.266529873351571,1,1
mul,0,32,0.01,-2.266529872593579,1,1
mul,0,32,0.1,-2.2665298650458303,1,1
mul,1,32,0.001,-0.1326450197103516,15,14
mul,1,32,0.01,-0.13264645782103696,15,14
mul,1,32,0.1,-0.13266084837138062,15,14
mul,2,32,0.001,-0.12466993623505808,210,73
mul,2,32,0.01,-0.12461886549831164,210,73
mul,2,32,0.1,-0.12465220970849439,210,73
mul,3,32,0.001,-0.12582996097519364,2940,270
mul,3,32,0.01,-0.12516072287452037,2940,270
mul,3,32,0.1,-0.12496374335603351,2940,270
mul,4,32,0.001,-0.15248371679064232,41160,718
mul,4,32,0.01,-0.15053538007891143,41160,718
mul,4,32,0.1,-0.15041295606152963,41160,718
mul,5,32,0.001,-0.2670896850464833,576240,1343
mul,5,32,0.01,-0.2621352413265462,576240,1343
mul,5,32,0.1,-0.26428765594216386,576240,1343
mul,0,33,0.001,-2.2594542713879635,1,1
mul,0,33,0.01,-2.259454272547991,1,1
mul,0,33,0.1,-2.2594542841800016,1,1
mul,1,33,0.001,-0.12338175729425316,15,14
mul,1,33,0.01,-0.12338330956148859,15,14
mul,1,33,0.1,-0.1233988343760953,15,14
mul,2,33,0.001,-0.11689043459178396,210,70
mul,2,33,0.01,-0.11682766651323827,210,70
mul,2,33,0.1,-0.11684503109038809,210,70
mul,3,33,0.001,-0.1168466251024891,2940,272
mul,3,33,0.01,-0.11642928468778964,2940,272
mul,3,33,0.1,-0.11652725989793314,2940,272
mul,4,33,0.001,-0.1412995750361612,41160,706
mul,4,33,0.01,-0.13988048763367578,41160,706
mul,4,33,0.1,-0.14046166312718122,41160,706
mul,5,33,0.001,-0.22057429955869787,576240,1323
mul,5,33,0.01,-0.21623166809553254,576240,1323
mul,5,33,0.1,-0.21890550021522528,576240,1323
mul,0,34,0.001,-2.2322254091507823,1,1
mul,0,34,0.01,-2.23222541755115,1,1
mul,0,34,0.1,-2.232225501585345,1,1
mul,1,34,0.001,-0.1275838511205771,15,14
mul,1,34,0.01,-0.12752754804556826,15,14
mul,1,34,0.1,-0.12748328420967167,15,14
mul,2,34,0.001,-0.12218009788378933,210,72
mul,2,34,0.01,-0.12203118396800838,210,72
mul,2,34,0.1,-0.12198308597390639,210,72
mul,3,34,0.001,-0.12255019017717533,2940,270
mul,3,34,0.01,-0.1220635999330917,2940,270
mul,3,34,0.1,-0.12204445235282968,2940,270
mul,4,34,0.001,-0.1402943319583005,41160,717
mul,4,34,0.01,-0.13850208736165578,41160,717
mul,4,34,0.1,-0.13865034920912306,41160,717
mul,5,34,0.001,-0.25015464119923764,576240,1362
mul,5,34,0.01,-0.2412065318592666,576240,1362
mul,5,34,0.1,-0.24111718603088053,576240,1362
mul,0,35,0.001,-2.2758010068076446,1,1
mul,0,35,0.01,-2.275801005331791,1,1
mul,0,35,0.1,-2.2758009906051875,1,1
mul,1,35,0.001,-0.12837324835567812,15,14
mul,1,35,0.01,-0.1283747229478641,15,14
mul,1,35,0.1,-0.12838947949436444,15,14
mul,2,35,0.001,-0.12033014739633249,210,73
mul,2,35,0.01,-0.12032915710883012,210,73
mul,2,35,0.1,-0.12042654190907903,210,73
mul,3,35,0.001,-0.11984564318465289,2940,272
mul,3,35,0.01,-0.11944545631317428,2940,272
mul,3,35,0.1,-0.11970336221785474,2940,272
mul,4,35,0.001,-0.1348579522423033,41160,722
mul,4,35,0.01,-0.13298213274212572,41160,722
mul,4,35,0.1,-0.13330892477844924,41160,722
mul,5,35,0.001,-0.2445355715974402,576240,1371
mul,5,35,0.01,-0.2400211909390457,576240,1371
mul,5,35,0.1,-0.24360434904778086,576240,1371
mul,0,36,0.001,-2.253243263927913,1,1
mul,0,36,0.01,-2.253243259470371,1,1
mul,0,36,0.1,-2.25324321493024,1,1
mul,1,36,0.001,-0.12949838101416158,15,14
mul,1,36,0.01,-0.12949990138065176,15,14
mul,1,36,0.1,-0.12951510818957918,15,14
mul,2,36,0.001,-0.1219308823789391,210,71
mul,2,36,0.01,-0.121911730593684,210,71
mul,2,36,0.1,-0.12195864143824657,210,71
mul,3,36,0.001,-0.1211150508075038,2940,260
mul,3,36,0.01,-0.1206540279427891,2940,260
mul,3,36,0.1,-0.12056701713026585,2940,260
mul,4,36,0.001,-0.1345570959176658,41160,694
mul,4,36,0.01,-0.13268420002509057,41160,694
mul,4,36,0.1,-0.1326000274981022,41160,694
mul,5,36,0.001,-0.2596783733764579,576240,1310
mul,5,36,0.01,-0.24793586984901686,576240,1310
mul,5,36,0.1,-0.24384003777567123,576240,1310
mul,0,37,0.001,-2.326365819026388,1,1
mul,0,37,0.01,-2.326365800929505,1,1
mul,0,37,0.1,-2.3263656199970146,1,1
mul,1,37,0.001,-0.14010846436504948,15,14
mul,1,37,0.01,-0.14010997458723115,15,14
mul,1,37,0.1,-0.14012509944041282,15,14
mul,2,37,0.001,-0.13256934902651873,210,73
mul,2,37,0.01,-0.13249875794528262,210,73
mul,2,37,0.1,-0.1325233353490163,210,73
mul,3,37,0.001,-0.13471680019549914,2940,267
mul,3,37,0.01,-0.1339395239431207,2940,267
mul,3,37,0.1,-0.1336954210210755,2940,267
mul,4,37,0.001,-0.17488051164143942,41160,705
mul,4,37,0.01,-0.1725794542914929,41160,705
mul,4,37,0.1,-0.17245102346066782,41160,705
mul,5,37,0.001,-0.29042031202259516,576240,1339
mul,5,37,0.01,-0.28378554296175473,576240,1339
mul,5,37,0.1,-0.28392661825046794,576240,1339
mul,0,38,0.001,-2.2772747125944974,1,1
mul,0,38,0.01,-2.2772747060588667,1,1
mul,0,38,0.1,-2.277274640736596,1,1
mul,1,38,0.001,-0.12251740363185741,15,14
mul,1,38,0.01,-0.12251893178601544,15,14
mul,1,38,0.1,-0.12253422250400448,15,14
mul,2,38,0.001,-0.1159268545689589,210,73
mul,2,38,0.01,-0.11588607721283357,210,73
mul,2,38,0.1,-0.11593723057955871,210,73
mul,3,38,0.001,-0.1170281024834852,2940,267
mul,3,38,0.01,-0.116438819330235,2940,267
mul,3,38,0.1,-0.11638561324360445,2940,267
mul,4,38,0.001,-0.13528132200971124,41160,713
mul,4,38,0.01,-0.13309680220820835,41160,713
mul,4,38,0.1,-0.1331686696997516,41160,713
mul,5,38,0.001,-0.3043247870912785,576240,1342
mul,5,38,0.01,-0.29667182126684816,576240,1342
mul,5,38,0.1,-0.29743908805755553,576240,1342
mul,0,39,0.001,-2.237674821252419,1,1
mul,0,39,0.01,-2.237674822905336,1,1
mul,0,39,0.1,-2.237674839467815,1,1
mul,1,39,0.001,-0.1278982023917863,15,14
mul,1,39,0.01,-0.12789962735288352,15,14
mul,1,39,0.1,-0.12791388793269423,15,14
mul,2,39,0.001,-0.121407824741224,210,73
mul,2,39,0.01,-0.12134631491351745,210,73
mul,2,39,0.1,-0.12140485395472536,210,73
mul,3,39,0.001,-0.12862619037847145,2940,275
mul,3,39,0.01,-0.1276709159709767,2940,275
mul,3,39,0.1,-0.12729119972459457,2940,275
mul,4,39,0.001,-0.14022723239669246,41160,738
mul,4,39,0.01,-0.13823340262976158,41160,738
mul,4,39,0.1,-0.13844683888337453,41160,738
mul,5,39,0.001,-0.250697576609798,576240,1403
mul,5,39,0.01,-0.2454535043567364,576240,1403
mul,5,39,0.1,-0.24727453117388615,576240,1403
mul,0,40,0.001,-2.268492559873442,1,1
mul,0,40,0.01,-2.2684925605053166,1,1
mul,0,40,0.1,-2.268492566855271,1,1
mul,1,40,0.001,-0.13527192262902682,15,14
mul,1,40,0.01,-0.13527333077795736,15,14
mul,1,40,0.1,-0.13528743182241415,15,14
mul,2,40,0.001,-0.12832226527402343,210,74
mul,2,40,0.01,-0.1282402990960967,210,74
mul,2,40,0.1,-0.1282622540740978,210,74
mul,3,40,0.001,-0.13097249354878485,2940,281
mul,3,40,0.01,-0.13008973848318187,2940,281
mul,3,40,0.1,-0.12982944085009024,2940,281
mul,4,40,0.001,-0.15036981416321402,41160,751
mul,4,40,0.01,-0.14837837397163503,41160,751
mul,4,40,0.1,-0.14858421041627604,41160,751
mul,5,40,0.001,-0.27358111045991507,576240,1439
mul,5,40,0.01,-0.26241326426526884,576240,1439
mul,5,40,0.1,-0.25973541873910966,576240,1439
mul,0,41,0.001,-2.278546075238725,1,1
mul,0,41,0.01,-2.278546072131164,1,1
mul,0,41,0.1,-2.2785460410877008,1,1
mul,1,41,0.001,-0.12255612464590253,15,14
mul,1,41,0.01,-0.12255764940694674,15,14
mul,1,41,0.1,-0.12257290558648755,15,14
mul,2,41,0.001,-0.11586325008101535,210,71
mul,2,41,0.01,-0.11585970368710008,210,71
mul,2,41,0.1,-0.11593279974896319,210,71
mul,3,41,0.001,-0.11541937403148339,2940,272
mul,3,41,0.01,-0.11498306080253198,2940,272
mul,3,41,0.1,-0.11504505008229347,2940,272
mul,4,41,0.001,-0.13790811420709156,41160,743
mul,4,41,0.01,-0.1355297926206069,41160,743
mul,4,41,0.1,-0.13560938555498198,41160,743
mul,5,41,0.001,-0.29846275745189915,576240,1407
mul,5,41,0.01,-0.28615267615658474,576240,1407
mul,5,41,0.1,-0.2828950592181641,576240,1407
mul,0,42,0.001,-2.2871435827911184,1,1
mul,0,42,0.01,-2.2871435708954273,1,1
mul,0,42,0.1,-2.2871434519747584,1,1
mul,1,42,0.001,-0.13077313817053737,15,14
mul,1,42,0.01,-0.130774677786948,15,14
mul,1,42,0.1,-0.1307900937408795,15,14
mul,2,42,0.001,-0.12348742151115819,210,70
mul,2,42,0.01,-0.12344325021098791,210,70
mul,2,42,0.1,-0.12348923337786298,210,70
mul,3,42,0.001,-0.12229329754021724,2940,258
mul,3,42,0.01,-0.12194014419616137,2940,258
mul,3,42,0.1,-0.12214096301879682,2940,258
mul,4,42,0.001,-0.1349264149717577,41160,695
mul,4,42,0.01,-0.13333859271697165,41160,695
mul,4,42,0.1,-0.13339063298704545,41160,695
mul,5,42,0.001,-0.2524894902826729,576240,1296
mul,5,42,0.01,-0.24659358247905194,576240,1296
mul,5,42,0.1,-0.24739698603561527,576240,1296
mul,0,43,0.001,-2.258234944280893,1,1
mul,0,43,0.01,-2.2582349377774533,1,1
mul,0,43,0.1,-2.2582348727787376,1,1
mul,1,43,0.001,-0.12294108076081682,15,14
mul,1,43,0.01,-0.12294263801867328,15,14
mul,1,43,0.1,-0.12295821130925876,15,14
mul,2,43,0.001,-0.11649775791378247,210,69
mul,2,43,0.01,-0.11645295020921805,210,69
mul,2,43,0.1,-0.11648699715055408,210,69
mul,3,43,0.001,-0.1164364083616618,2940,267
mul,3,43,0.01,-0.1159373456822071,2940,267
mul,3,43,0.1,-0.1160874652194882,2940,267
mul,4,43,0.001,-0.14440120820206204,41160,711
mul,4,43,0.01,-0.14194936607142972,41160,711
mul,4,43,0.1,-0.14190765760372326,41160,711
mul,5,43,0.001,-0.3188716637756726,576240,1308
mul,5,43,0.01,-0.30609207998970395,576240,1308
mul,5,43,0.1,-0.30332543701320686,576240,1308
mul,0,44,0.001,-2.280834382791069,1,1
mul,0,44,0.01,-2.280834375526875,1,1
mul,0,44,0.1,-2.2808343029190836,1,1
mul,1,44,0.001,-0.1280913336325988,15,14
mul,1,44,0.01,-0.12809275665394043,15,14
mul,1,44,0.1,-0.1281070104618335,15,14
mul,2,44,0.001,-0.12140702380517678,210,74
mul,2,44,0.01,-0.12130200995177082,210,74
mul,2,44,0.1,-0.1212873236053557,210,74
mul,3,44,0.001,-0.1219463480806143,2940,276
mul,3,44,0.01,-0.12134365555324393,2940,276
mul,3,44,0.1,-0.12125378412782359,2940,276
mul,4,44,0.001,-0.13115865037508098,41160,741
mul,4,44,0.01,-0.12932646105732806,41160,741
mul,4,44,0.1,-0.12999705638677925,41160,741
mul,5,44,0.001,-0.22650491314847027,576240,1377
mul,5,44,0.01,-0.22190233231896084,576240,1377
mul,5,44,0.1,-0.22571240765386455,576240,1377
mul,0,45,0.001,-2.2948736506734067,1,1
mul,0,45,0.01,-2.2948736385722825,1,1
mul,0,45,0.1,-2.2948735175966646,1,1
mul,1,45,0.001,-0.1349405232102791,15,14
mul,1,45,0.01,-0.1349418926630305,15,14
mul,1,45,0.1,-0.13495561678242085,15,14
mul,2,45,0.001,-0.1268649739793247,210,74
mul,2,45,0.01,-0.1267425531005759,210,74
mul,2,45,0.1,-0.1267139123284979,210,74
mul,3,45,0.001,-0.1280622441395761,2940,276
mul,3,45,0.01,-0.12728397553418178,2940,276
mul,3,45,0.1,-0.12702739732786292,2940,276
mul,4,45,0.001,-0.15760138416487515,41160,726
mul,4,45,0.01,-0.15552809839693021,41160,726
mul,4,45,0.1,-0.15572077833337183,41160,726
mul,5,45,0.001,-0.30379360661134386,576240,1350
mul,5,45,0.01,-0.2950034733327947,576240,1350
mul,5,45,0.1,-0.29376657178741705,576240,1350
mul,0,46,0.001,-2.237174991081444,1,1
mul,0,46,0.01,-2.237174997783877,1,1
mul,0,46,0.1,-2.237175064839168,1,1
mul,1,46,0.001,-0.1301769225667145,15,14
mul,1,46,0.01,-0.1301783130535962,15,14
mul,1,46,0.1,-0.1301922371908442,15,14
mul,2,46,0.001,-0.12316713852744901,210,73
mul,2,46,0.01,-0.12314309563141378,210,73
mul,2,46,0.1,-0.12321737316702076,210,73
mul,3,46,0.001,-0.12469512730852422,2940,274
mul,3,46,0.01,-0.12387359978735529,2940,274
mul,3,46,0.1,-0.12357710894040679,2940,274
mul,4,46,0.001,-0.14622553412343336,41160,727
mul,4,46,0.01,-0.14402254267838838,41160,727
mul,4,46,0.1,-0.14398286061769422,41160,727
mul,5,46,0.001,-0.26446196849917314,576240,1402
mul,5,46,0.01,-0.2539979575144891,576240,1402
mul,5,46,0.1,-0.2523310192057889,576240,1402
mul,0,47,0.001,-2.242842628585338,1,1
mul,0,47,0.01,-2.2428426342518395,1,1
mul,0,47,0.1,-2.242842690947922,1,1
mul,1,47,0.001,-0.12944367047868333,15,14
mul,1,47,0.01,-0.12944511084901478,15,14
mul,1,47,0.1,-0.12945952027711785,15,14
mul,2,47,0.001,-0.12219533864739969,210,72
mul,2,47,0.01,-0.12210929368204386,210,72
mul,2,47,0.1,-0.1220933594676501,210,72
mul,3,47,0.001,-0.12349546419355377,2940,271
mul,3,47,0.01,-0.12304633573160773,2940,271
mul,3,47,0.1,-0.12297766589823868,2940,271
mul,4,47,0.001,-0.1412531548230513,41160,716
mul,4,47,0.01,-0.13941214870894267,41160,716
mul,4,47,0.1,-0.13956688875885148,41160,716
mul,5,47,0.001,-0.2735817397472927,576240,1363
mul,5,47,0.01,-0.26874031654116787,576240,1363
mul,5,47,0.1,-0.2704974540608108,576240,1363
mul,0,48,0.001,-2.2571961808057237,1,1
mul,0,48,0.01,-2.257196180325008,1,1
mul,0,48,0.1,-2.257196175550733,1,1
mul,1,48,0.001,-0.12407915403605912,15,14
mul,1,48,0.01,-0.12408069865647277,15,14
mul,1,48,0.1,-0.1240961513115431,15,14
mul,2,48,0.001,-0.11665148994137625,210,72
mul,2,48,0.01,-0.11662293591266798,210,72
mul,2,48,0.1,-0.11667133106595565,210,72
mul,3,48,0.001,-0.11641135736781241,2940,263
mul,3,48,0.01,-0.1160923141180244,2940,263
mul,3,48,0.1,-0.11620361001363946,2940,263
mul,4,48,0.001,-0.13250782535636718,41160,682
mul,4,48,0.01,-0.13085678436372045,41160,682
mul,4,48,0.1,-0.13126760814867305,41160,682
mul,5,48,0.001,-0.20951257834169199,576240,1280
mul,5,48,0.01,-0.2039214397483081,576240,1280
mul,5,48,0.1,-0.2044013599994703,576240,1280
mul,0,49,0.001,-2.2944280723120207,1,1
mul,0,49,0.01,-2.2944280605657883,1,1
mul,0,49,0.1,-2.294427943138937,1,1
mul,1,49,0.001,-0.12349245586323138,15,14
mul,1,49,0.01,-0.12349401593271526,15,14
mul,1,49,0.1,-0.1235096315927237,15,14
mul,2,49,0.001,-0.11670164893950111,210,73
mul,2,49,0.01,-0.11668412592883659,210,73
mul,2,49,0.1,-0.11674714615267369,210,73
mul,3,49,0.001,-0.11791345185665772,2940,264
mul,3,49,0.01,-0.11749481710963802,2940,264
mul,3,49,0.1,-0.11747246753275455,2940,264
mul,4,49,0.001,-0.13230269059904506,41160,697
mul,4,49,0.01,-0.13034786822054684,41160,697
mul,4,49,0.1,-0.13037491689587993,41160,697
mul,5,49,0.001,-0.2765182290552643,576240,1334
mul,5,49,0.01,-0.26095288348806317,576240,1334
mul,5,49,0.1,-0.2544374337323673,576240,1334
mul,0,50,0.001,-2.2771586551717538,1,1
mul,0,50,0.01,-2.2771586549642318,1,1
mul,0,50,0.1,-2.2771586529201304,1,1
mul,1,50,0.001,-0.1309600014832651,15,14
mul,1,50,0.01,-0.1309613425033538,15,14
mul,1,50,0.1,-0.13097484206552681,15,14
mul,2,50,0.001,-0.12334615810539853,210,73
mul,2,50,0.01,-0.12330938833240812,210,73
mul,2,50,0.1,-0.12336241830283295,210,73
mul,3,50,0.001,-0.12489860841073357,2940,272
mul,3,50,0.01,-0.1243599431812294,2940,272
mul,3,50,0.1,-0.12431911735786595,2940,272
mul,4,50,0.001,-0.13936748834515048,41160,729
mul,4,50,0.01,-0.1375488145880173,41160,729
mul,4,50,0.1,-0.13796473927845743,41160,729
mul,5,50,0.001,-0.24215664118763489,576240,1396
mul,5,50,0.01,-0.23418564541633277,576240,1396
mul,5,50,0.1,-0.23507075762045043,576240,1396
oce,0,1,0.001,-2.238578014227232,1,1
oce,0,1,0.01,-2.2385779236980214,1,1
oce,0,1,0.1,-2.238577019261485,1,1
oce,1,1,0.001,-0.1256441733700316,15,14
oce,1,1,0.01,-0.12558529717730646,15,14
oce,1,1,0.1,-0.12559715950970218,15,14
oce,2,1,0.001,-0.12195415391659832,210,66
oce,2,1,0.01,-0.12167578057538989,210,66
oce,2,1,0.1,-0.1218937075458189,210,66
oce,3,1,0.001,-0.128845560991565,2940,189
oce,3,1,0.01,-0.1261652178489912,2940,189
oce,3,1,0.1,-0.12575798246307734,2940,189
oce,4,1,0.001,-0.3064827735718433,41160,349
oce,4,1,0.01,-0.3014113563677251,41160,349
oce,4,1,0.1,-0.3036903142882495,41160,349
oce,5,1,0.001,-0.6481846181962928,576240,485
oce,5,1,0.01,-0.6364617605379795,576240,485
oce,5,1,0.1,-0.6401946266184995,576240,485
oce,0,2,0.001,-2.2204165611399924,1,1
oce,0,2,0.01,-2.220416396309151,1,1
oce,0,2,0.1,-2.2204147490976838,1,1
oce,1,2,0.001,-0.15098422619609944,15,14
oce,1,2,0.01,-0.15073475154632143,15,14
oce,1,2,0.1,-0.15054701486852254,15,14
oce,2,2,0.001,-0.1489998860535425,210,67
oce,2,2,0.01,-0.14813288697323554,210,67
oce,2,2,0.1,-0.1479106963778906,210,67
oce,3,2,0.001,-0.17988934566203074,2940,194
oce,3,2,0.01,-0.1760934133546571,2940,194
oce,3,2,0.1,-0.17499679590532774,2940,194
oce,4,2,0.001,-0.42731540485924235,41160,363
oce,4,2,0.01,-0.41985696942273476,41160,363
oce,4,2,0.1,-0.4208600577541791,41160,363
oce,5,2,0.001,-0.8596098880054993,576240,504
oce,5,2,0.01,-0.8463766646629673,576240,504
oce,5,2,0.1,-0.8551389312162881,576240,504
oce,0,3,0.001,-2.1737198309604193,1,1
oce,0,3,0.01,-2.1737196851886185,1,1
oce,0,3,0.1,-2.1737182285958725,1,1
oce,1,3,0.001,-0.1312946855050755,15,14
oce,1,3,0.01,-0.1313011625825835,15,14
oce,1,3,0.1,-0.1313662536109398,15,14
oce,2,3,0.001,-0.1318108342855664,210,64
oce,2,3,0.01,-0.1313875341417677,210,64
oce,2,3,0.1,-0.13342185023132844,210,64
oce,3,3,0.001,-0.1617699477854494,2940,174
oce,3,3,0.01,-0.15887080007860255,2940,174
oce,3,3,0.1,-0.1582782991869509,2940,174
oce,4,3,0.001,-0.344687426222546,41160,326
oce,4,3,0.01,-0.3376551613575485,41160,326
oce,4,3,0.1,-0.33794060624522454,41160,326
oce,5,3,0.001,-0.7134799060303245,576240,449
oce,5,3,0.01,-0.7014571123852233,576240,449
oce,5,3,0.1,-0.7153848987952086,576240,449
oce,0,4,0.001,-2.1072084090440124,1,1
oce,0,4,0.01,-2.1072084497488377,1,1
oce,0,4,0.1,-2.1072088575351797,1,1
oce,1,4,0.001,-0.1398408728142711,15,14
oce,1,4,0.01,-0.13984649213028363,15,14
oce,1,4,0.1,-0.1399028448632264,15,14
oce,2,4,0.001,-0.13543432777327946,210,64
oce,2,4,0.01,-0.13500614123951907,210,64
oce,2,4,0.1,-0.13490564625428686,210,64
oce,3,4,0.001,-0.15241869330596328,2940,196
oce,3,4,0.01,-0.14958166472379067,2940,196
oce,3,4,0.1,-0.14888110025763968,2940,196
oce,4,4,0.001,-0.21952000769537133,41160,402
oce,4,4,0.01,-0.2114065051151694,41160,402
oce,4,4,0.1,-0.2120781866002583,41160,402
oce,5,4,0.001,-0.5829642498110899,576240,605
oce,5,4,0.01,-0.5722812155618046,576240,605
oce,5,4,0.1,-0.5817771577396474,576240,605
oce,0,5,0.001,-2.2617135339953407,1,1
oce,0,5,0.01,-2.2617133568047993,1,1
oce,0,5,0.1,-2.261711585901842,1,1
oce,1,5,0.001,-0.14718094343784366,15,14
oce,1,5,0.01,-0.1471874844184505,15,14
oce,1,5,0.1,-0.14725335542458698,15,14
oce,2,5,0.001,-0.14211309878447978,210,65
oce,2,5,0.01,-0.14181449841355684,210,65
oce,2,5,0.1,-0.14227629178538706,210,65
oce,3,5,0.001,-0.16326419695222102,2940,192
oce,3,5,0.01,-0.1564703990549859,2940,192
oce,3,5,0.1,-0.15399432841834362,2940,192
oce,4,5,0.001,-0.27073540935210927,41160,375
oce,4,5,0.01,-0.25843000013188566,41160,375
oce,4,5,0.1,-0.2581188811807556,41160,375
oce,5,5,0.001,-0.6268778990872862,576240,535
oce,5,5,0.01,-0.6109974856039577,576240,535
oce,5,5,0.1,-0.6138658672135596,576240,535
oce,0,6,0.001,-2.2154388268302396,1,1
oce,0,6,0.01,-2.2154388982178133,1,1
oce,0,6,0.1,-2.2154396125704943,1,1
oce,1,6,0.001,-0.12299148692304483,15,14
oce,1,6,0.01,-0.12292442597621935,15,14
oce,1,6,0.1,-0.1229256173788922,15,14
oce,2,6,0.001,-0.11956210479495985,210,69
oce,2,6,0.01,-0.11907627225442409,210,69
oce,2,6,0.1,-0.11990524866722707,210,69
oce,3,6,0.001,-0.15474045074776677,2940,217
oce,3,6,0.01,-0.151662299545286,2940,217
oce,3,6,0.1,-0.15128914840496122,2940,217
oce,4,6,0.001,-0.32214829350844365,41160,441
oce,4,6,0.01,-0.3154143747089987,41160,441
oce,4,6,0.1,-0.3173634424093059,41160,441
oce,5,6,0.001,-0.7359230898381373,576240,681
oce,5,6,0.01,-0.7250403084030042,576240,681
oce,5,6,0.1,-0.7290433921388775,576240,681
oce,0,7,0.001,-2.259135930400042,1,1
oce,0,7,0.01,-2.259135896070616,1,1
oce,0,7,0.1,-2.259135553440159,1,1
oce,1,7,0.001,-0.13156755968138595,15,14
oce,1,7,0.01,-0.13152370220932258,15,14
oce,1,7,0.1,-0.13155101500443056,15,14
oce,2,7,0.001,-0.12528672296831767,210,65
oce,2,7,0.01,-0.12497470362554992,210,65
oce,2,7,0.1,-0.12511341932809866,210,65
oce,3,7,0.001,-0.1362080912601988,2940,196
oce,3,7,0.01,-0.13364248236222012,2940,196
oce,3,7,0.1,-0.1339758197140557,2940,196
oce,4,7,0.001,-0.27792327741258294,41160,397
oce,4,7,0.01,-0.27195160368585536,41160,397
oce,4,7,0.1,-0.2728886022970644,41160,397
oce,5,7,0.001,-0.6283980663080039,576240,566
oce,5,7,0.01,-0.6206414664126071,576240,566
oce,5,7,0.1,-0.6263118097638268,576240,566
oce,0,8,0.001,-2.2709146464575283,1,1
oce,0,8,0.01,-2.270914575587798,1,1
oce,0,8,0.1,-2.27091386764617,1,1
oce,1,8,0.001,-0.13604448769109553,15,14
oce,1,8,0.01,-0.13605202224822602,15,14
oce,1,8,0.1,-0.136127385341295,15,14
oce,2,8,0.001,-0.12984868987367817,210,64
oce,2,8,0.01,-0.12942248973112166,210,64
oce,2,8,0.1,-0.12940222150582978,210,64
oce,3,8,0.001,-0.16192990327353834,2940,192
oce,3,8,0.01,-0.15977002289528852,2940,192
oce,3,8,0.1,-0.16033776345664674,2940,192
oce,4,8,0.001,-0.28840238927025635,41160,371
oce,4,8,0.01,-0.281914342419084,41160,371
oce,4,8,0.1,-0.2827163413273218,41160,371
oce,5,8,0.001,-0.5897320590759366,576240,534
oce,5,8,0.01,-0.5814761383174443,576240,534
oce,5,8,0.1,-0.5844397458047128,576240,534
oce,0,9,0.001,-2.252720394859069,1,1
oce,0,9,0.01,-2.2527203240161575,1,1
oce,0,9,0.1,-2.252719616339784,1,1
oce,1,9,0.001,-0.13741408104956263,15,14
oce,1,9,0.01,-0.1373624079464555,15,14
oce,1,9,0.1,-0.13737233783284897,15,14
oce,2,9,0.001,-0.13582532123099475,210,67
oce,2,9,0.01,-0.1349383617032673,210,67
oce,2,9,0.1,-0.13449408524609785,210,67
oce,3,9,0.001,-0.1709232401760815,2940,201
oce,3,9,0.01,-0.16722480189406988,2940,201
oce,3,9,0.1,-0.16643017675762176,2940,201
oce,4,9,0.001,-0.34448493500470834,41160,401
oce,4,9,0.01,-0.33734805169722876,41160,401
oce,4,9,0.1,-0.34277365139319405,41160,401
oce,5,9,0.001,-0.7549562816686294,576240,591
oce,5,9,0.01,-0.7441202863848484,576240,591
oce,5,9,0.1,-0.7563420996915754,576240,591
oce,0,10,0.001,-2.1962137760818696,1,1
oce,0,10,0.01,-2.1962138444324677,1,1
oce,0,10,0.1,-2.1962145284690284,1,1
oce,1,10,0.001,-0.12772617589957483,15,14
oce,1,10,0.01,-0.12773311564606266,15,14
oce,1,10,0.1,-0.12780272593883266,15,14
oce,2,10,0.001,-0.12325353617535419,210,70
oce,2,10,0.01,-0.12279954172334508,210,70
oce,2,10,0.1,-0.12276415139386229,210,70
oce,3,10,0.001,-0.1444075636200461,2940,223
oce,3,10,0.01,-0.14193018082556272,2940,223
oce,3,10,0.1,-0.1415469483959626,2940,223
oce,4,10,0.001,-0.28864895725713535,41160,443
oce,4,10,0.01,-0.28113824308661217,41160,443
oce,4,10,0.1,-0.28306719440927336,41160,443
oce,5,10,0.001,-0.6588784715402531,576240,667
oce,5,10,0.01,-0.6491830305594181,576240,667
oce,5,10,0.1,-0.6578189104372618,576240,667
oce,0,11,0.001,-2.309593032838888,1,1
oce,0,11,0.01,-2.3095929205980363,1,1
oce,0,11,0.1,-2.309591798881265,1,1
oce,1,11,0.001,-0.15527970365530683,15,14
oce,1,11,0.01,-0.15528706513568302,15,14
oce,1,11,0.1,-0.15536079292031296,15,14
oce,2,11,0.001,-0.1496532344066234,210,65
oce,2,11,0.01,-0.1493476883410426,210,65
oce,2,11,0.1,-0.14961002582148628,210,65
oce,3,11,0.001,-0.15931026741174345,2940,209
oce,3,11,0.01,-0.1556332153093178,2940,209
oce,3,11,0.1,-0.15489559860027582,2940,209
oce,4,11,0.001,-0.3259182964393287,41160,435
oce,4,11,0.01,-0.31801541041441855,41160,435
oce,4,11,0.1,-0.31927841081802205,41160,435
oce,5,11,0.001,-0.6704842943128588,576240,637
oce,5,11,0.01,-0.6588160913935615,576240,637
oce,5,11,0.1,-0.6618569554406992,576240,637
oce,0,12,0.001,-2.172628971576171,1,1
oce,0,12,0.01,-2.1726289124818665,1,1
oce,0,12,0.1,-2.172628322418777,1,1
oce,1,12,0.001,-0.13983867464203448,15,14
oce,1,12,0.01,-0.13970689084624016,15,14
oce,1,12,0.1,-0.1396284391445184,15,14
oce,2,12,0.001,-0.14690418556190352,210,66
oce,2,12,0.01,-0.14615636389860295,210,66
oce,2,12,0.1,-0.14608566365258926,210,66
oce,3,12,0.001,-0.1874012290633454,2940,216
oce,3,12,0.01,-0.18091212454880137,2940,216
oce,3,12,0.1,-0.178386459721015,2940,216
oce,4,12,0.001,-0.38533258004617277,41160,401
oce,4,12,0.01,-0.3732005084403144,41160,401
oce,4,12,0.1,-0.37184612952396007,41160,401
oce,5,12,0.001,-0.7569923850828199,576240,567
oce,5,12,0.01,-0.7416094471529446,576240,567
oce,5,12,0.1,-0.7428624452383537,576240,567
oce,0,13,0.001,-2.1535245804592704,1,1
oce,0,13,0.01,-2.153524560851508,1,1
oce,0,13,0.1,-2.1535243655494494,1,1
oce,1,13,0.001,-0.11927325654847412,15,14
oce,1,13,0.01,-0.1192800411709406,15,14
oce,1,13,0.1,-0.11934808993843053,15,14
oce,2,13,0.001,-0.11922523188949831,210,68
oce,2,13,0.01,-0.11881702869972244,210,68
oce,2,13,0.1,-0.12015103793388092,210,68
oce,3,13,0.001,-0.143778792594489,2940,205
oce,3,13,0.01,-0.14088371440718184,2940,205
oce,3,13,0.1,-0.14074106354956856,2940,205
oce,4,13,0.001,-0.4546800777489847,41160,388
oce,4,13,0.01,-0.44656658798334103,41160,388
oce,4,13,0.1,-0.4455133152708951,41160,388
oce,5,13,0.001,-0.9029383082593623,576240,557
oce,5,13,0.01,-0.891360837120522,576240,557
oce,5,13,0.1,-0.89191253850836,576240,557
oce,0,14,0.001,-2.177639556551581,1,1
oce,0,14,0.01,-2.1776396306118846,1,1
oce,0,14,0.1,-2.1776403717750665,1,1
oce,1,14,0.001,-0.1221692323530781,15,14
oce,1,14,0.01,-0.12208783772386665,15,14
oce,1,14,0.1,-0.12207163239351763,15,14
oce,2,14,0.001,-0.1259455603779051,210,70
oce,2,14,0.01,-0.1253280174495243,210,70
oce,2,14,0.1,-0.12513066332230913,210,70
oce,3,14,0.001,-0.17209673014391486,2940,214
oce,3,14,0.01,-0.16736400136867446,2940,214
oce,3,14,0.1,-0.1653792894244459,2940,214
oce,4,14,0.001,-0.2853017993325129,41160,409
oce,4,14,0.01,-0.277388286553572,41160,409
oce,4,14,0.1,-0.27723542054114525,41160,409
oce,5,14,0.001,-0.6755491897737457,576240,591
oce,5,14,0.01,-0.665778798948843,576240,591
oce,5,14,0.1,-0.6707714809221791,576240,591
oce,0,15,0.001,-2.2497480084430475,1,1
oce,0,15,0.01,-2.2497479221016006,1,1
oce,0,15,0.1,-2.2497470594531532,1,1
oce,1,15,0.001,-0.12201747103790889,15,14
oce,1,15,0.01,-0.12196560529049025,15,14
oce,1,15,0.1,-0.1219806044179537,15,14
oce,2,15,0.001,-0.11911452880535836,210,66
oce,2,15,0.01,-0.11823566047080916,210,66
oce,2,15,0.1,-0.11797328091723092,210,66
oce,3,15,0.001,-0.12987312616111216,2940,188
oce,3,15,0.01,-0.12710015550246737,2940,188
oce,3,15,0.1,-0.1265471040853341,2940,188
oce,4,15,0.001,-0.32767996879417766,41160,350
oce,4,15,0.01,-0.32217749750046315,41160,350
oce,4,15,0.1,-0.32940199686228894,41160,350
oce,5,15,0.001,-0.7495931116019449,576240,493
oce,5,15,0.01,-0.7402144304302672,576240,493
oce,5,15,0.1,-0.750104899776055,576240,493
oce,0,16,0.001,-2.168307791940085,1,1
oce,0,16,0.01,-2.1683077450667243,1,1
oce,0,16,0.1,-2.1683072771991587,1,1
oce,1,16,0.001,-0.14906740311989777,15,14
oce,1,16,0.01,-0.14907377350710624,15,14
oce,1,16,0.1,-0.14913759391656353,15,14
oce,2,16,0.001,-0.14501662940482846,210,66
oce,2,16,0.01,-0.1444457167062769,210,66
oce,2,16,0.1,-0.1442283583074561,210,66
oce,3,16,0.001,-0.15958404997167114,2940,203
oce,3,16,0.01,-0.156054810319398,2940,203
oce,3,16,0.1,-0.15488254368549909,2940,203
oce,4,16,0.001,-0.47703519818467566,41160,398
oce,4,16,0.01,-0.4691370370816072,41160,398
oce,4,16,0.1,-0.4673795057473747,41160,398
oce,5,16,0.001,-0.887841848962548,576240,571
oce,5,16,0.01,-0.8748586142662257,576240,571
oce,5,16,0.1,-0.8727610213895093,576240,571
oce,0,17,0.001,-2.169740918598868,1,1
oce,0,17,0.01,-2.1697408772077047,1,1
oce,0,17,0.1,-2.1697404641375333,1,1
oce,1,17,0.001,-0.1344493781263228,15,14
oce,1,17,0.01,-0.1344550880489393,15,14
oce,1,17,0.1,-0.13451242240876904,15,14
oce,2,17,0.001,-0.12932638028411744,210,69
oce,2,17,0.01,-0.12886027494117336,210,69
oce,2,17,0.1,-0.12893151344359455,210,69
oce,3,17,0.001,-0.1464517906070303,2940,203
oce,3,17,0.01,-0.14207013759761353,2940,203
oce,3,17,0.1,-0.14079790503195594,2940,203
oce,4,17,0.001,-0.3624170682089337,41160,398
oce,4,17,0.01,-0.35568729848289654,41160,398
oce,4,17,0.1,-0.36081899023987707,41160,398
oce,5,17,0.001,-0.725970325908656,576240,575
oce,5,17,0.01,-0.7132984239625564,576240,575
oce,5,17,0.1,-0.7182204198588483,576240,575
oce,0,18,0.001,-2.264511298671664,1,1
oce,0,18,0.01,-2.2645112685150237,1,1
oce,0,18,0.1,-2.2645109676082753,1,1
oce,1,18,0.001,-0.11458088663668646,15,14
oce,1,18,0.01,-0.11458830468471215,15,14
oce,1,18,0.1,-0.11466275993471091,15,14
oce,2,18,0.001,-0.11115890151445683,210,64
oce,2,18,0.01,-0.11067537846676773,210,64
oce,2,18,0.1,-0.11092003452810788,210,64
oce,3,18,0.001,-0.1316861584079956,2940,197
oce,3,18,0.01,-0.1267086250241746,2940,197
oce,3,18,0.1,-0.12583105838272254,2940,197
oce,4,18,0.001,-0.3193311327426816,41160,375
oce,4,18,0.01,-0.3102573546108127,41160,375
oce,4,18,0.1,-0.3116792448688796,41160,375
oce,5,18,0.001,-0.724836791574015,576240,531
oce,5,18,0.01,-0.7149145947096816,576240,531
oce,5,18,0.1,-0.7225142401547161,576240,531
oce,0,19,0.001,-2.1916395466677843,1,1
oce,0,19,0.01,-2.1916395122771677,1,1
oce,0,19,0.1,-2.1916391691649673,1,1
oce,1,19,0.001,-0.12009552233542649,15,14
oce,1,19,0.01,-0.12010283521936597,15,14
oce,1,19,0.1,-0.12017596685244661,15,14
oce,2,19,0.001,-0.11841314832825288,210,66
oce,2,19,0.01,-0.11778855179146785,210,66
oce,2,19,0.1,-0.11769571443788401,210,66
oce,3,19,0.001,-0.1530179059154453,2940,196
oce,3,19,0.01,-0.15043644813566065,2940,196
oce,3,19,0.1,-0.1498038847139962,2940,196
oce,4,19,0.001,-0.2658549233250783,41160,373
oce,4,19,0.01,-0.25747934095322045,41160,373
oce,4,19,0.1,-0.25646974559205643,41160,373
oce,5,19,0.001,-0.6232579043636043,576240,541
oce,5,19,0.01,-0.6124611083454928,576240,541
oce,5,19,0.1,-0.6188684212583474,576240,541
oce,0,20,0.001,-2.1286984105122455,1,1
oce,0,20,0.01,-2.128698384448388,1,1
oce,0,20,0.1,-2.1286981246891483,1,1
oce,1,20,0.001,-0.12470140182330579,15,14
oce,1,20,0.01,-0.12470831900082592,15,14
oce,1,20,0.1,-0.12477746204320996,15,14
oce,2,20,0.001,-0.1193376490839195,210,64
oce,2,20,0.01,-0.11924211673719658,210,64
oce,2,20,0.1,-0.11952301312318268,210,64
oce,3,20,0.001,-0.1237740861333754,2940,176
oce,3,20,0.01,-0.12182937771010073,2940,176
oce,3,20,0.1,-0.12154241780498577,2940,176
oce,4,20,0.001,-0.19001332158828793,41160,331
oce,4,20,0.01,-0.18376231102873267,41160,331
oce,4,20,0.1,-0.18530726849215487,41160,331
oce,5,20,0.001,-0.5604193017551561,576240,483
oce,5,20,0.01,-0.5484241969370569,576240,483
oce,5,20,0.1,-0.5549270532922801,576240,483
oce,0,21,0.001,-2.2292974443714844,1,1
oce,0,21,0.01,-2.229297490370211,1,1
oce,0,21,0.1,-2.2292979508854636,1,1
oce,1,21,0.001,-0.12078288898591763,15,14
oce,1,21,0.01,-0.1207910035768557,15,14
oce,1,21,0.1,-0.12087221827767257,15,14
oce,2,21,0.001,-0.11575096909413153,210,65
oce,2,21,0.01,-0.11550769827043673,210,65
oce,2,21,0.1,-0.11568364592617314,210,65
oce,3,21,0.001,-0.1221035036026861,2940,198
oce,3,21,0.01,-0.1199739957429837,2940,198
oce,3,21,0.1,-0.12026518030714775,2940,198
oce,4,21,0.001,-0.2763708225970535,41160,397
oce,4,21,0.01,-0.27184407916520187,41160,397
oce,4,21,0.1,-0.2756628311797348,41160,397
oce,5,21,0.001,-0.6164519612448035,576240,590
oce,5,21,0.01,-0.603439671416457,576240,590
oce,5,21,0.1,-0.6068463657609265,576240,590
oce,0,22,0.001,-2.2108290260783106,1,1
oce,0,22,0.01,-2.2108289779725196,1,1
oce,0,22,0.1,-2.210828497708733,1,1
oce,1,22,0.001,-0.1295901681920602,15,14
oce,1,22,0.01,-0.12959737387072756,15,14
oce,1,22,0.1,-0.12966956298481622,15,14
oce,2,22,0.001,-0.12347381358873274,210,67
oce,2,22,0.01,-0.12307922539717797,210,67
oce,2,22,0.1,-0.12303803153788072,210,67
oce,3,22,0.001,-0.13197609144259845,2940,191
oce,3,22,0.01,-0.1296769058903747,2940,191
oce,3,22,0.1,-0.13005753526692346,2940,191
oce,4,22,0.001,-0.3446509015188725,41160,356
oce,4,22,0.01,-0.33923555436947206,41160,356
oce,4,22,0.1,-0.3408931667210689,41160,356
oce,5,22,0.001,-0.6105795164642036,576240,507
oce,5,22,0.01,-0.6013341245978667,576240,507
oce,5,22,0.1,-0.6057782051949685,576240,507
oce,0,23,0.001,-2.2974920341273086,1,1
oce,0,23,0.01,-2.2974918498242056,1,1
oce,0,23,0.1,-2.2974900078142393,1,1
oce,1,23,0.001,-0.1529088927632046,15,14
oce,1,23,0.01,-0.15291630180914592,15,14
oce,1,23,0.1,-0.15299051803335595,15,14
oce,2,23,0.001,-0.14761761790795713,210,66
oce,2,23,0.01,-0.14712419127693027,210,66
oce,2,23,0.1,-0.14718312146123752,210,66
oce,3,23,0.001,-0.16069558732952882,2940,198
oce,3,23,0.01,-0.15748561708863232,2940,198
oce,3,23,0.1,-0.1574125730754158,2940,198
oce,4,23,0.001,-0.24589534620445228,41160,358
oce,4,23,0.01,-0.23752036878579752,41160,358
oce,4,23,0.1,-0.23836702542677188,41160,358
oce,5,23,0.001,-0.5849403890474658,576240,504
oce,5,23,0.01,-0.5728403862548375,576240,504
oce,5,23,0.1,-0.5760862796540661,576240,504
oce,0,24,0.001,-2.301865062136148,1,1
oce,0,24,0.01,-2.301864893870022,1,1
oce,0,24,0.1,-2.3018632120797493,1,1
oce,1,24,0.001,-0.1369132888533774,15,14
oce,1,24,0.01,-0.13692108184675528,15,14
oce,1,24,0.1,-0.1369991176313165,15,14
oce,2,24,0.001,-0.1327774934297914,210,64
oce,2,24,0.01,-0.13209730482423074,210,64
oce,2,24,0.1,-0.13192181220605328,210,64
oce,3,24,0.001,-0.17331367033037748,2940,196
oce,3,24,0.01,-0.1695932799714168,2940,196
oce,3,24,0.1,-0.16845503100814857,2940,196
oce,4,24,0.001,-0.3415697955864529,41160,381
oce,4,24,0.01,-0.3335550575280851,41160,381
oce,4,24,0.1,-0.3363299445035794,41160,381
oce,5,24,0.001,-0.7329603440903981,576240,548
oce,5,24,0.01,-0.7208401860537419,576240,548
oce,5,24,0.1,-0.7307263967654636,576240,548
oce,0,25,0.001,-2.2599616270903313,1,1
oce,0,25,0.01,-2.259961572860665,1,1
oce,0,25,0.1,-2.2599610312743725,1,1
oce,1,25,0.001,-0.13953903786822802,15,14
oce,1,25,0.01,-0.13949164949234064,15,14
oce,1,25,0.1,-0.1395161269279311,15,14
oce,2,25,0.001,-0.13504861097764345,210,66
oce,2,25,0.01,-0.1343793353510932,210,66
oce,2,25,0.1,-0.13416577220564196,210,66
oce,3,25,0.001,-0.15646033990425448,2940,192
oce,3,25,0.01,-0.15358370858491777,2940,192
oce,3,25,0.1,-0.1531620292825523,2940,192
oce,4,25,0.001,-0.2875570160264817,41160,367
oce,4,25,0.01,-0.28179329710558976,41160,367
oce,4,25,0.1,-0.2831314373346627,41160,367
oce,5,25,0.001,-0.5882641054377308,576240,529
oce,5,25,0.01,-0.5788816865022162,576240,529
oce,5,25,0.1,-0.5861213685209112,576240,529
oce,0,26,0.001,-2.2886877353099986,1,1
oce,0,26,0.01,-2.288687569291439,1,1
oce,0,26,0.1,-2.2886859100671018,1,1
oce,1,26,0.001,-0.12640490053887943,15,14
oce,1,26,0.01,-0.12641265537593072,15,14
oce,1,26,0.1,-0.12649033616878155,15,14
oce,2,26,0.001,-0.12556670732301373,210,68
oce,2,26,0.01,-0.12474296334205993,210,68
oce,2,26,0.1,-0.12455507075642108,210,68
oce,3,26,0.001,-0.13414913083993563,2940,197
oce,3,26,0.01,-0.13154415221587654,2940,197
oce,3,26,0.1,-0.13223724978743254,2940,197
oce,4,26,0.001,-0.3005768339491365,41160,371
oce,4,26,0.01,-0.29364672966268657,41160,371
oce,4,26,0.1,-0.2962909067536467,41160,371
oce,5,26,0.001,-0.6940517831186575,576240,520
oce,5,26,0.01,-0.6752363047824286,576240,520
oce,5,26,0.1,-0.6872032119448588,576240,520
oce,0,27,0.001,-2.238814538970845,1,1
oce,0,27,0.01,-2.238814553126153,1,1
oce,0,27,0.1,-2.2388146952633337,1,1
oce,1,27,0.001,-0.1276351812501871,15,14
oce,1,27,0.01,-0.12764309190012618,15,14
oce,1,27,0.1,-0.12772218349616568,15,14
oce,2,27,0.001,-0.12257151674884388,210,65
oce,2,27,0.01,-0.1222150083195613,210,65
oce,2,27,0.1,-0.12235045551681348,210,65
oce,3,27,0.001,-0.1567399717128922,2940,202
oce,3,27,0.01,-0.1543983860993401,2940,202
oce,3,27,0.1,-0.15436186878571223,2940,202
oce,4,27,0.001,-0.2701998293703581,41160,416
oce,4,27,0.01,-0.26339418591263436,41160,416
oce,4,27,0.1,-0.2653630892443959,41160,416
oce,5,27,0.001,-0.6549414520829544,576240,600
oce,5,27,0.01,-0.647858848958916,576240,600
oce,5,27,0.1,-0.6569614598661554,576240,600
oce,0,28,0.001,-2.1465144257858992,1,1
oce,0,28,0.01,-2.1465145518286066,1,1
oce,0,28,0.1,-2.146515812770419,1,1
oce,1,28,0.001,-0.12162448518398035,15,14
oce,1,28,0.01,-0.12163162133688446,15,14
oce,1,28,0.1,-0.12170306893142518,15,14
oce,2,28,0.001,-0.11782104564731984,210,67
oce,2,28,0.01,-0.11750679409533095,210,67
oce,2,28,0.1,-0.11769004505116099,210,67
oce,3,28,0.001,-0.12578162450704633,2940,195
oce,3,28,0.01,-0.12340793474226139,2940,195
oce,3,28,0.1,-0.12296806097866851,2940,195
oce,4,28,0.001,-0.2593036481884826,41160,392
oce,4,28,0.01,-0.2552993352432929,41160,392
oce,4,28,0.1,-0.25866845679811873,41160,392
oce,5,28,0.001,-0.5362242747344506,576240,576
oce,5,28,0.01,-0.5268155285577315,576240,576
oce,5,28,0.1,-0.530905655123226,576240,576
oce,0,29,0.001,-2.2019166469827267,1,1
oce,0,29,0.01,-2.2019165528302884,1,1
oce,0,29,0.1,-2.2019156122058945,1,1
oce,1,29,0.001,-0.133740510851511,15,14
oce,1,29,0.01,-0.13374681148271508,15,14
oce,1,29,0.1,-0.1338102070894607,15,14
oce,2,29,0.001,-0.1355712926136332,210,69
oce,2,29,0.01,-0.1345982500512054,210,69
oce,2,29,0.1,-0.1355563052086947,210,69
oce,3,29,0.001,-0.2011090528758003,2940,210
oce,3,29,0.01,-0.19600091673625755,2940,210
oce,3,29,0.1,-0.1934429138939841,2940,210
oce,4,29,0.001,-0.421205048893244,41160,404
oce,4,29,0.01,-0.41244606829781744,41160,404
oce,4,29,0.1,-0.4127447232233603,41160,404
oce,5,29,0.001,-0.7878445676970598,576240,577
oce,5,29,0.01,-0.7761684347233108,576240,577
oce,5,29,0.1,-0.7832282091868525,576240,577
oce,0,30,0.001,-2.3012220929844607,1,1
oce,0,30,0.01,-2.301221912137035,1,1
oce,0,30,0.1,-2.301220104627547,1,1
oce,1,30,0.001,-0.1365362247731504,15,14
oce,1,30,0.01,-0.13639456282529566,15,14
oce,1,30,0.1,-0.13632232939352829,15,14
oce,2,30,0.001,-0.13526791091597684,210,67
oce,2,30,0.01,-0.134802050916637,210,67
oce,2,30,0.1,-0.13483782995109528,210,67
oce,3,30,0.001,-0.14359081208818494,2940,196
oce,3,30,0.01,-0.140394556392124,2940,196
oce,3,30,0.1,-0.14042269929849235,2940,196
oce,4,30,0.001,-0.2576695801009668,41160,370
oce,4,30,0.01,-0.25106978917327033,41160,370
oce,4,30,0.1,-0.25868737001054054,41160,370
oce,5,30,0.001,-0.6592817325386611,576240,509
oce,5,30,0.01,-0.6497243957005748,576240,509
oce,5,30,0.1,-0.661845715816427,576240,509
oce,0,31,0.001,-2.1743212180036973,1,1
oce,0,31,0.01,-2.1743211705822088,1,1
oce,0,31,0.1,-2.174320697218634,1,1
oce,1,31,0.001,-0.14175384440508024,15,14
oce,1,31,0.01,-0.1415605030650112,15,14
oce,1,31,0.1,-0.14142555216010513,15,14
oce,2,31,0.001,-0.14306675386226458,210,68
oce,2,31,0.01,-0.1425090616312822,210,68
oce,2,31,0.1,-0.14231701159833232,210,68
oce,3,31,0.001,-0.1890151389069732,2940,202
oce,3,31,0.01,-0.18433079911366096,2940,202
oce,3,31,0.1,-0.1815984301428188,2940,202
oce,4,31,0.001,-0.3128816956436509,41160,413
oce,4,31,0.01,-0.29676263589486923,41160,413
oce,4,31,0.1,-0.28916020295814426,41160,413
oce,5,31,0.001,-0.659144729634815,576240,595
oce,5,31,0.01,-0.6488181679917279,576240,595
oce,5,31,0.1,-0.6541459213040854,576240,595
oce,0,32,0.001,-2.176761799115453,1,1
oce,0,32,0.01,-2.176761801176284,1,1
oce,0,32,0.1,-2.176761822512393,1,1
oce,1,32,0.001,-0.13003322176776477,15,14
oce,1,32,0.01,-0.13003996538921622,15,14
oce,1,32,0.1,-0.13010760190986786,15,14
oce,2,32,0.001,-0.12686213800614618,210,69
oce,2,32,0.01,-0.12650759879075085,210,69
oce,2,32,0.1,-0.12655480758428247,210,69
oce,3,32,0.001,-0.13808337204928525,2940,199
oce,3,32,0.01,-0.13539124415231119,2940,199
oce,3,32,0.1,-0.13463928833840744,2940,199
oce,4,32,0.001,-0.22536122302830955,41160,379
oce,4,32,0.01,-0.2178414998040277,41160,379
oce,4,32,0.1,-0.21849431357838867,41160,379
oce,5,32,0.001,-0.6305662738126687,576240,560
oce,5,32,0.01,-0.6214274818695681,576240,560
oce,5,32,0.1,-0.6262545266167094,576240,560
oce,0,33,0.001,-2.294700669147481,1,1
oce,0,33,0.01,-2.294700536577599,1,1
oce,0,33,0.1,-2.294699211756503,1,1
oce,1,33,0.001,-0.1327579909564387,15,14
oce,1,33,0.01,-0.1327653198335242,15,14
oce,1,33,0.1,-0.13283886843145362,15,14
oce,2,33,0.001,-0.12969920693304848,210,65
oce,2,33,0.01,-0.12885788652439478,210,65
oce,2,33,0.1,-0.12842243686839527,210,65
oce,3,33,0.001,-0.1473439612678428,2940,195
oce,3,33,0.01,-0.1443067246995055,2940,195
oce,3,33,0.1,-0.14391403475951198,2940,195
oce,4,33,0.001,-0.22973631435935996,41160,379
oce,4,33,0.01,-0.2219594541962541,41160,379
oce,4,33,0.1,-0.2273341329139383,41160,379
oce,5,33,0.001,-0.8194043536511874,576240,555
oce,5,33,0.01,-0.8089393016802565,576240,555
oce,5,33,0.1,-0.8137755026471043,576240,555
oce,0,34,0.001,-2.1572424726732438,1,1
oce,0,34,0.01,-2.1572424319376613,1,1
oce,0,34,0.1,-2.1572420254439755,1,1
oce,1,34,0.001,-0.1599916407292985,15,14
oce,1,34,0.01,-0.1599303079786569,15,14
oce,1,34,0.1,-0.1599250374974477,15,14
oce,2,34,0.001,-0.1556218821520118,210,68
oce,2,34,0.01,-0.15491104678181464,210,68
oce,2,34,0.1,-0.15449006279591587,210,68
oce,3,34,0.001,-0.18036824287306885,2940,204
oce,3,34,0.01,-0.176791337015498,2940,204
oce,3,34,0.1,-0.17502659258869926,2940,204
oce,4,34,0.001,-0.3587256288167146,41160,400
oce,4,34,0.01,-0.3440964029758578,41160,400
oce,4,34,0.1,-0.338993893659504,41160,400
oce,5,34,0.001,-0.6637208939306559,576240,577
oce,5,34,0.01,-0.6453280135977149,576240,577
oce,5,34,0.1,-0.6470875472502365,576240,577
oce,0,35,0.001,-2.1567425679860364,1,1
oce,0,35,0.01,-2.1567425762953736,1,1
oce,0,35,0.1,-2.1567426601391744,1,1
oce,1,35,0.001,-0.14532589580637875,15,14
oce,1,35,0.01,-0.1453326432043744,15,14
oce,1,35,0.1,-0.14540009463774897,15,14
oce,2,35,0.001,-0.1395376129667335,210,62
oce,2,35,0.01,-0.1392244778467001,210,62
oce,2,35,0.1,-0.1392775566560497,210,62
oce,3,35,0.001,-0.15200085567168958,2940,197
oce,3,35,0.01,-0.14907852813964537,2940,197
oce,3,35,0.1,-0.14847759459984372,2940,197
oce,4,35,0.001,-0.4520724279588044,41160,387
oce,4,35,0.01,-0.4450609867226743,41160,387
oce,4,35,0.1,-0.44570213048882035,41160,387
oce,5,35,0.001,-0.748786491454616,576240,583
oce,5,35,0.01,-0.7377662000858268,576240,583
oce,5,35,0.1,-0.740732730468748,576240,583
oce,0,36,0.001,-2.20104987099285,1,1
oce,0,36,0.01,-2.2010498152307214,1,1
oce,0,36,0.1,-2.201049258442458,1,1
oce,1,36,0.001,-0.1397614998656492,15,14
oce,1,36,0.01,-0.13970332158471582,15,14
oce,1,36,0.1,-0.13970800367062694,15,14
oce,2,36,0.001,-0.13593270141459105,210,67
oce,2,36,0.01,-0.13560674727591301,210,67
oce,2,36,0.1,-0.13585981065154948,210,67
oce,3,36,0.001,-0.16866061932472587,2940,191
oce,3,36,0.01,-0.1657944520072578,2940,191
oce,3,36,0.1,-0.16523400731575913,2940,191
oce,4,36,0.001,-0.3749257141733554,41160,362
oce,4,36,0.01,-0.3668946529316,41160,362
oce,4,36,0.1,-0.36712876718544324,41160,362
oce,5,36,0.001,-0.7968842963700302,576240,536
oce,5,36,0.01,-0.7833334957925275,576240,536
oce,5,36,0.1,-0.7846783703781112,576240,536
oce,0,37,0.001,-2.1658437968685655,1,1
oce,0,37,0.01,-2.165843778067983,1,1
oce,0,37,0.1,-2.1658435908651685,1,1
oce,1,37,0.001,-0.13701162706673134,15,14
oce,1,37,0.01,-0.13695551137446513,15,14
oce,1,37,0.1,-0.13696161147808184,15,14
oce,2,37,0.001,-0.13314344183814897,210,66
oce,2,37,0.01,-0.13255759699286848,210,66
oce,2,37,0.1,-0.13237331687974527,210,66
oce,3,37,0.001,-0.1683912975003768,2940,198
oce,3,37,0.01,-0.16473581180849728,2940,198
oce,3,37,0.1,-0.16275222265970443,2940,198
oce,4,37,0.001,-0.30983709461215764,41160,378
oce,4,37,0.01,-0.30338561273411413,41160,378
oce,4,37,0.1,-0.3027468897679794,41160,378
oce,5,37,0.001,-0.7072406774553488,576240,551
oce,5,37,0.01,-0.6945934971455537,576240,551
oce,5,37,0.1,-0.6970451045136528,576240,551
oce,0,38,0.001,-2.132749747397935,1,1
oce,0,38,0.01,-2.1327497048469826,1,1
oce,0,38,0.1,-2.1327492802214447,1,1
oce,1,38,0.001,-0.12243495125152913,15,14
oce,1,38,0.01,-0.12244216765203823,15,14
oce,1,38,0.1,-0.12251431136377065,15,14
oce,2,38,0.001,-0.11969106863015085,210,63
oce,2,38,0.01,-0.1193832930518202,210,63
oce,2,38,0.1,-0.11941564832194297,210,63
oce,3,38,0.001,-0.15268202356903904,2940,187
oce,3,38,0.01,-0.15004407788897947,2940,187
oce,3,38,0.1,-0.1491138775956837,2940,187
oce,4,38,0.001,-0.23756581649494551,41160,348
oce,4,38,0.01,-0.23187435178665142,41160,348
oce,4,38,0.1,-0.23251072106778456,41160,348
oce,5,38,0.001,-0.4765485263018436,576240,482
oce,5,38,0.01,-0.46648816564632434,576240,482
oce,5,38,0.1,-0.4712312991640085,576240,482
oce,0,39,0.001,-2.2035155578469237,1,1
oce,0,39,0.01,-2.203515503475641,1,1
oce,0,39,0.1,-2.2035149605376505,1,1
oce,1,39,0.001,-0.12557176277320167,15,14
oce,1,39,0.01,-0.12557911464811056,15,14
oce,1,39,0.1,-0.12565274983918995,15,14
oce,2,39,0.001,-0.12273370306709196,210,67
oce,2,39,0.01,-0.12247450916214295,210,67
oce,2,39,0.1,-0.12258991632160283,210,67
oce,3,39,0.001,-0.13403837756518638,2940,200
oce,3,39,0.01,-0.1304042390742579,2940,200
oce,3,39,0.1,-0.12963578432412348,2940,200
oce,4,39,0.001,-0.36055047885490915,41160,391
oce,4,39,0.01,-0.3532581547414269,41160,391
oce,4,39,0.1,-0.3578795363573141,41160,391
oce,5,39,0.001,-0.7170706540017695,576240,560
oce,5,39,0.01,-0.7072794879809204,576240,560
oce,5,39,0.1,-0.7111657747755415,576240,560
oce,0,40,0.001,-2.1395750234013744,1,1
oce,0,40,0.01,-2.1395750240244107,1,1
oce,0,40,0.1,-2.139575031054437,1,1
oce,1,40,0.001,-0.14155849166874518,15,14
oce,1,40,0.01,-0.14156471506767893,15,14
oce,1,40,0.1,-0.1416271366554892,15,14
oce,2,40,0.001,-0.14022340610911865,210,65
oce,2,40,0.01,-0.13978195204656707,210,65
oce,2,40,0.1,-0.1409919648587562,210,65
oce,3,40,0.001,-0.16532961799133952,2940,197
oce,3,40,0.01,-0.16284888650640375,2940,197
oce,3,40,0.1,-0.16228470285571375,2940,197
oce,4,40,0.001,-0.33304081346915715,41160,368
oce,4,40,0.01,-0.327536807240614,41160,368
oce,4,40,0.1,-0.3281497945273463,41160,368
oce,5,40,0.001,-0.5635398431513229,576240,538
oce,5,40,0.01,-0.553287316659552,576240,538
oce,5,40,0.1,-0.5582829449737584,576240,538
oce,0,41,0.001,-2.22560685057967,1,1
oce,0,41,0.01,-2.225606830225998,1,1
oce,0,41,0.1,-2.2256066273750776,1,1
oce,1,41,0.001,-0.13746035091188039,15,14
oce,1,41,0.01,-0.1374671072073189,15,14
oce,1,41,0.1,-0.13753476710672333,15,14
oce,2,41,0.001,-0.13128200028007866,210,65
oce,2,41,0.01,-0.13080556213332883,210,65
oce,2,41,0.1,-0.13085474228342295,210,65
oce,3,41,0.001,-0.17459166570072007,2940,197
oce,3,41,0.01,-0.16885290664073374,2940,197
oce,3,41,0.1,-0.1674885303999603,2940,197
oce,4,41,0.001,-0.34773584969805255,41160,386
oce,4,41,0.01,-0.3399681185318297,41160,386
oce,4,41,0.1,-0.3404377038372138,41160,386
oce,5,41,0.001,-0.6444383893192315,576240,560
oce,5,41,0.01,-0.6322433119403797,576240,560
oce,5,41,0.1,-0.6343766263014136,576240,560
oce,0,42,0.001,-2.186875156701537,1,1
oce,0,42,0.01,-2.186874926686019,1,1
oce,0,42,0.1,-2.186872627852269,1,1
oce,1,42,0.001,-0.1560811474918852,15,14
oce,1,42,0.01,-0.15608801449952242,15,14
oce,1,42,0.1,-0.15615695039784133,15,14
oce,2,42,0.001,-0.15592541719423328,210,64
oce,2,42,0.01,-0.1549828688452616,210,64
oce,2,42,0.1,-0.15661343779825496,210,64
oce,3,42,0.001,-0.20738715031797764,2940,182
oce,3,42,0.01,-0.20359541079227333,2940,182
oce,3,42,0.1,-0.20176434171731764,2940,182
oce,4,42,0.001,-0.47686025469739024,41160,347
oce,4,42,0.01,-0.46666118431749415,41160,347
oce,4,42,0.1,-0.4624773434046619,41160,347
oce,5,42,0.001,-0.9743393668094851,576240,483
oce,5,42,0.01,-0.956712999396984,576240,483
oce,5,42,0.1,-0.9564977124231299,576240,483
oce,0,43,0.001,-2.2158575258194446,1,1
oce,0,43,0.01,-2.2158574833045823,1,1
oce,0,43,0.1,-2.2158570589265123,1,1
oce,1,43,0.001,-0.14433650995893796,15,14
oce,1,43,0.01,-0.14434374378350123,15,14
oce,1,43,0.1,-0.14441606598759194,15,14
oce,2,43,0.001,-0.1391129482671234,210,65
oce,2,43,0.01,-0.13857164481386264,210,65
oce,2,43,0.1,-0.13857873565794232,210,65
oce,3,43,0.001,-0.17427897202143164,2940,198
oce,3,43,0.01,-0.17127503313594292,2940,198
oce,3,43,0.1,-0.17047244624054103,2940,198
oce,4,43,0.001,-0.31156593600934473,41160,383
oce,4,43,0.01,-0.30391580232549253,41160,383
oce,4,43,0.1,-0.30524498968464897,41160,383
oce,5,43,0.001,-0.6583921650897884,576240,548
oce,5,43,0.01,-0.6469272508597276,576240,548
oce,5,43,0.1,-0.6520750037944903,576240,548
oce,0,44,0.001,-2.235524733348283,1,1
oce,0,44,0.01,-2.235524669695128,1,1
oce,0,44,0.1,-2.2355240339168625,1,1
oce,1,44,0.001,-0.13198132237870575,15,14
oce,1,44,0.01,-0.13192984294892202,15,14
oce,1,44,0.1,-0.13194193923676423,15,14
oce,2,44,0.001,-0.1294333948297255,210,69
oce,2,44,0.01,-0.12890306074028893,210,69
oce,2,44,0.1,-0.12886177348502373,210,69
oce,3,44,0.001,-0.1410988500626003,2940,209
oce,3,44,0.01,-0.13807800107014703,2940,209
oce,3,44,0.1,-0.13827900172719984,2940,209
oce,4,44,0.001,-0.4043833136242648,41160,417
oce,4,44,0.01,-0.3970821535514929,41160,417
oce,4,44,0.1,-0.3990354446119736,41160,417
oce,5,44,0.001,-0.7971277152885627,576240,610
oce,5,44,0.01,-0.7833908167786418,576240,610
oce,5,44,0.1,-0.7858404061215668,576240,610
oce,0,45,0.001,-2.1832968934908563,1,1
oce,0,45,0.01,-2.183296829004711,1,1
oce,0,45,0.1,-2.1832961850306245,1,1
oce,1,45,0.001,-0.13633403694051277,15,14
oce,1,45,0.01,-0.13634081398653428,15,14
oce,1,45,0.1,-0.13640868473010173,15,14
oce,2,45,0.001,-0.13350976874904624,210,61
oce,2,45,0.01,-0.13315221259886673,210,61
oce,2,45,0.1,-0.13332132423698262,210,61
oce,3,45,0.001,-0.13947316961144626,2940,181
oce,3,45,0.01,-0.1364255223062403,2940,181
oce,3,45,0.1,-0.1352947320681703,2940,181
oce,4,45,0.001,-0.30447803850682226,41160,360
oce,4,45,0.01,-0.29570790026529703,41160,360
oce,4,45,0.1,-0.29536128950605495,41160,360
oce,5,45,0.001,-0.7177143253437996,576240,529
oce,5,45,0.01,-0.7053731769911638,576240,529
oce,5,45,0.1,-0.7112353865462696,576240,529
oce,0,46,0.001,-2.3111595639057976,1,1
oce,0,46,0.01,-2.3111594497299452,1,1
oce,0,46,0.1,-2.311158308712367,1,1
oce,1,46,0.001,-0.11303119765197424,15,14
oce,1,46,0.01,-0.11303996169371579,15,14
oce,1,46,0.1,-0.11312759454649948,15,14
oce,2,46,0.001,-0.11037996577426573,210,67
oce,2,46,0.01,-0.11008573010286019,210,67
oce,2,46,0.1,-0.11022778669119936,210,67
oce,3,46,0.001,-0.11977876432202131,2940,204
oce,3,46,0.01,-0.11663759619294509,2940,204
oce,3,46,0.1,-0.11654638290904758,2940,204
oce,4,46,0.001,-0.3043144575970876,41160,384
oce,4,46,0.01,-0.2993347351207367,41160,384
oce,4,46,0.1,-0.30393518686330256,41160,384
oce,5,46,0.001,-0.5917814948838541,576240,540
oce,5,46,0.01,-0.583745152027049,576240,540
oce,5,46,0.1,-0.594586974256503,576240,540
oce,0,47,0.001,-2.1420934783763745,1,1
oce,0,47,0.01,-2.1420935407387676,1,1
oce,0,47,0.1,-2.142094165007285,1,1
oce,1,47,0.001,-0.13277575232314037,15,14
oce,1,47,0.01,-0.13273143098638127,15,14
oce,1,47,0.1,-0.1327472591529116,15,14
oce,2,47,0.001,-0.13205642016393293,210,67
oce,2,47,0.01,-0.13155738560257327,210,67
oce,2,47,0.1,-0.1325041735687947,210,67
oce,3,47,0.001,-0.17267625297610062,2940,203
oce,3,47,0.01,-0.17028017771968576,2940,203
oce,3,47,0.1,-0.1696846925000758,2940,203
oce,4,47,0.001,-0.3164257124530373,41160,411
oce,4,47,0.01,-0.3095414494541724,41160,411
oce,4,47,0.1,-0.3124277585584706,41160,411
oce,5,47,0.001,-0.7549325600803272,576240,600
oce,5,47,0.01,-0.7447562661675248,576240,600
oce,5,47,0.1,-0.7507106603745098,576240,600
oce,0,48,0.001,-2.237047321193486,1,1
oce,0,48,0.01,-2.2370473671704696,1,1
oce,0,48,0.1,-2.2370478274686594,1,1
oce,1,48,0.001,-0.12855919511690742,15,14
oce,1,48,0.01,-0.12856646000014835,15,14
oce,1,48,0.1,-0.12863929326378457,15,14
oce,2,48,0.001,-0.12610885096208063,210,69
oce,2,48,0.01,-0.1254466186149828,210,69
oce,2,48,0.1,-0.12628430945311975,210,69
oce,3,48,0.001,-0.18210434383605406,2940,213
oce,3,48,0.01,-0.17933741192954877,2940,213
oce,3,48,0.1,-0.17890597672496417,2940,213
oce,4,48,0.001,-0.4472306884943179,41160,417
oce,4,48,0.01,-0.44060881640914257,41160,417
oce,4,48,0.1,-0.44201955667239273,41160,417
oce,5,48,0.001,-0.8508816887979954,576240,624
oce,5,48,0.01,-0.8399357296800679,576240,624
oce,5,48,0.1,-0.8421106881172711,576240,624
oce,0,49,0.001,-2.1386823233285375,1,1
oce,0,49,0.01,-2.1386822949955517,1,1
oce,0,49,0.1,-2.138682012536151,1,1
oce,1,49,0.001,-0.14082660548697154,15,14
oce,1,49,0.01,-0.14083259566386208,15,14
oce,1,49,0.1,-0.14089274328834367,15,14
oce,2,49,0.001,-0.13647959028886342,210,68
oce,2,49,0.01,-0.13584166231274397,210,68
oce,2,49,0.1,-0.135610004959105,210,68
oce,3,49,0.001,-0.15308510197319372,2940,194
oce,3,49,0.01,-0.1505043744371221,2940,194
oce,3,49,0.1,-0.1504455418267407,2940,194
oce,4,49,0.001,-0.27736307280216593,41160,359
oce,4,49,0.01,-0.2700252517940391,41160,359
oce,4,49,0.1,-0.27042395378600825,41160,359
oce,5,49,0.001,-0.6473717925015049,576240,520
oce,5,49,0.01,-0.6358565327956636,576240,520
oce,5,49,0.1,-0.6404152302438629,576240,520
oce,0,50,0.001,-2.2483583945981733,1,1
oce,0,50,0.01,-2.2483584211234557,1,1
oce,0,50,0.1,-2.2483586868861405,1,1
oce,1,50,0.001,-0.1262299916631863,15,14
oce,1,50,0.01,-0.12619859046946671,15,14
oce,1,50,0.1,-0.1262414103855715,15,14
oce,2,50,0.001,-0.12309015739956548,210,66
oce,2,50,0.01,-0.1225581737919648,210,66
oce,2,50,0.1,-0.12258517308909966,210,66
oce,3,50,0.001,-0.18169076392619207,2940,212
oce,3,50,0.01,-0.17903560559674422,2940,212
oce,3,50,0.1,-0.17848109809757312,2940,212
oce,4,50,0.001,-0.3495139617096378,41160,454
oce,4,50,0.01,-0.34412535877463907,41160,454
oce,4,50,0.1,-0.3478990047894031,41160,454
oce,5,50,0.001,-0.773985594242762,576240,676
oce,5,50,0.01,-0.7629374160035433,576240,676
oce,5,50,0.1,-0.7651424977157437,576240,676
orn,0,1,0.001,-2.0940622688526735,1,1
orn,0,1,0.01,-2.094062284199543,1,1
orn,0,1,0.1,-2.0940624377156367,1,1
orn,1,1,0.001,-0.09067180555610398,15,14
orn,1,1,0.01,-0.09067299772921707,15,14
orn,1,1,0.1,-0.09068493824904238,15,14
orn,2,1,0.001,-0.08653807600707762,210,76
orn,2,1,0.01,-0.08641863309574754,210,76
orn,2,1,0.1,-0.08638134452435166,210,76
orn,3,1,0.001,-0.09103970504959286,2940,274
orn,3,1,0.01,-0.09020973752674795,2940,274
orn,3,1,0.1,-0.09007158789670154,2940,274
orn,4,1,0.001,-0.12194288316181273,41160,682
orn,4,1,0.01,-0.11926928315459691,41160,682
orn,4,1,0.1,-0.11910568276675546,41160,682
orn,5,1,0.001,-0.309851731957853,576240,1279
orn,5,1,0.01,-0.3042384113160402,576240,1279
orn,5,1,0.1,-0.304221313294566,576240,1279
orn,0,2,0.001,-2.1205379103458144,1,1
orn,0,2,0.01,-2.1205379167039196,1,1
orn,0,2,0.1,-2.1205379803372404,1,1
orn,1,2,0.001,-0.09141745033916207,15,14
orn,1,2,0.01,-0.09141878470732016,15,14
orn,1,2,0.1,-0.09143213681607118,15,14
orn,2,2,0.001,-0.08628075517872098,210,70
orn,2,2,0.01,-0.0862057818180601,210,70
orn,2,2,0.1,-0.08619940804743707,210,70
orn,3,2,0.001,-0.08813941695592639,2940,257
orn,3,2,0.01,-0.08751336506375613,2940,257
orn,3,2,0.1,-0.08740219201034001,2940,257
orn,4,2,0.001,-0.11756568919756838,41160,615
orn,4,2,0.01,-0.11488182227265108,41160,615
orn,4,2,0.1,-0.11496533738387145,41160,615
orn,5,2,0.001,-0.3057096565330074,576240,1116
orn,5,2,0.01,-0.2950790049336845,576240,1116
orn,5,2,0.1,-0.292925347034281,576240,1116
orn,0,3,0.001,-2.1386075532411843,1,1
orn,0,3,0.01,-2.1386075533305124,1,1
orn,0,3,0.1,-2.1386075542775353,1,1
orn,1,3,0.001,-0.09351562011991976,15,14
orn,1,3,0.01,-0.09351699407476556,15,14
orn,1,3,0.1,-0.09353075191091517,15,14
orn,2,3,0.001,-0.08723604948260263,210,73
orn,2,3,0.01,-0.0871726479009409,210,73
orn,2,3,0.1,-0.08719116951781142,210,73
orn,3,3,0.001,-0.09833017680165214,2940,255
orn,3,3,0.01,-0.09768768465875344,2940,255
orn,3,3,0.1,-0.09804123502691033,2940,255
orn,4,3,0.001,-0.11924339848762536,41160,589
orn,4,3,0.01,-0.11732188892638515,41160,589
orn,4,3,0.1,-0.11798705310354615,41160,589
orn,5,3,0.001,-0.2123709080442434,576240,1000
orn,5,3,0.01,-0.20917921291250674,576240,1000
orn,5,3,0.1,-0.21098988558617074,576240,1000
orn,0,4,0.001,-2.098767824987903,1,1
orn,0,4,0.01,-2.098767833154128,1,1
orn,0,4,0.1,-2.098767914869236,1,1
orn,1,4,0.001,-0.09963445592774528,15,14
orn,1,4,0.01,-0.09963549099029417,15,14
orn,1,4,0.1,-0.09964587040334588,15,14
orn,2,4,0.001,-0.09407230388225309,210,72
orn,2,4,0.01,-0.09405455514884209,210,72
orn,2,4,0.1,-0.0941989761675743,210,72
orn,3,4,0.001,-0.10587134341799115,2940,266
orn,3,4,0.01,-0.10480155855273895,2940,266
orn,3,4,0.1,-0.10521009515322936,2940,266
orn,4,4,0.001,-0.15618357031115848,41160,686
orn,4,4,0.01,-0.15333791978465555,41160,686
orn,4,4,0.1,-0.15505128055644005,41160,686
orn,5,4,0.001,-0.3898396457876717,576240,1311
orn,5,4,0.01,-0.3840197007670188,576240,1311
orn,5,4,0.1,-0.3853316016046108,576240,1311
orn,0,5,0.001,-2.195410388736813,1,1
orn,0,5,0.01,-2.195410377432134,1,1
orn,0,5,0.1,-2.195410264428158,1,1
orn,1,5,0.001,-0.08073494415210411,15,14
orn,1,5,0.01,-0.08073680667858266,15,14
orn,1,5,0.1,-0.08075544847045804,15,14
orn,2,5,0.001,-0.07604291020089936,210,75
orn,2,5,0.01,-0.0759700433791265,210,75
orn,2,5,0.1,-0.07599126530551555,210,75
orn,3,5,0.001,-0.08008492742167714,2940,267
orn,3,5,0.01,-0.07903806646151636,2940,267
orn,3,5,0.1,-0.07901458874353971,2940,267
orn,4,5,0.001,-0.15034408263014168,41160,656
orn,4,5,0.01,-0.14853408200371293,41160,656
orn,4,5,0.1,-0.14926367036014995,41160,656
orn,5,5,0.001,-0.29065995377269166,576240,1179
orn,5,5,0.01,-0.28287301339947807,576240,1179
orn,5,5,0.1,-0.28325925351499215,576240,1179
orn,0,6,0.001,-2.132232478055418,1,1
orn,0,6,0.01,-2.1322324868040883,1,1
orn,0,6,0.1,-2.132232574338031,1,1
orn,1,6,0.001,-0.09491877947743747,15,14
orn,1,6,0.01,-0.09491998936044156,15,14
orn,1,6,0.1,-0.09493211486190986,15,14
orn,2,6,0.001,-0.08977670551209403,210,75
orn,2,6,0.01,-0.08961733452460684,210,75
orn,2,6,0.1,-0.08954970393542,210,75
orn,3,6,0.001,-0.10792768775378918,2940,282
orn,3,6,0.01,-0.1069897064992583,2940,282
orn,3,6,0.1,-0.10724506292894641,2940,282
orn,4,6,0.001,-0.15211002793512762,41160,699
orn,4,6,0.01,-0.14839433535695218,41160,699
orn,4,6,0.1,-0.14914352600324504,41160,699
orn,5,6,0.001,-0.41653401382301286,576240,1297
orn,5,6,0.01,-0.3934314296630747,576240,1297
orn,5,6,0.1,-0.3842405154386441,576240,1297
orn,0,7,0.001,-2.359974518487766,1,1
orn,0,7,0.01,-2.3599744366130264,1,1
orn,0,7,0.1,-2.359973617935975,1,1
orn,1,7,0.001,-0.10016010732979344,15,14
orn,1,7,0.01,-0.10016205626407672,15,14
orn,1,7,0.1,-0.10018157669119593,15,14
orn,2,7,0.001,-0.09529256319040343,210,74
orn,2,7,0.01,-0.09511383458652012,210,74
orn,2,7,0.1,-0.09510275225307196,210,74
orn,3,7,0.001,-0.10622593425217816,2940,270
orn,3,7,0.01,-0.10513505112874788,2940,270
orn,3,7,0.1,-0.10601029782861615,2940,270
orn,4,7,0.001,-0.21643844744481286,41160,643
orn,4,7,0.01,-0.21369305519291332,41160,643
orn,4,7,0.1,-0.21595372784617298,41160,643
orn,5,7,0.001,-0.4367237616131113,576240,1139
orn,5,7,0.01,-0.4233502169624801,576240,1139
orn,5,7,0.1,-0.4219288924072646,576240,1139
orn,0,8,0.001,-2.1966700575106315,1,1
orn,0,8,0.01,-2.1966700527529803,1,1
orn,0,8,0.1,-2.196670005221099,1,1
orn,1,8,0.001,-0.08359862022818425,15,14
orn,1,8,0.01,-0.08360034594681322,15,14
orn,1,8,0.1,-0.08361761715978876,15,14
orn,2,8,0.001,-0.0785450815272675,210,74
orn,2,8,0.01,-0.07848694545089907,210,74
orn,2,8,0.1,-0.07853117801814113,210,74
orn,3,8,0.001,-0.08200506055965052,2940,269
orn,3,8,0.01,-0.08147551617454911,2940,269
orn,3,8,0.1,-0.08237920068703936,2940,269
orn,4,8,0.001,-0.14957644180153418,41160,646
orn,4,8,0.01,-0.14761684663956334,41160,646
orn,4,8,0.1,-0.1482582534297845,41160,646
orn,5,8,0.001,-0.31150388419305425,576240,1171
orn,5,8,0.01,-0.29907557671978036,576240,1171
orn,5,8,0.1,-0.2970218883506118,576240,1171
orn,0,9,0.001,-2.2228873902844697,1,1
orn,0,9,0.01,-2.2228873824719284,1,1
orn,0,9,0.1,-2.222887304391411,1,1
orn,1,9,0.001,-0.08826698665740614,15,14
orn,1,9,0.01,-0.08826865546070951,15,14
orn,1,9,0.1,-0.08828535665918928,15,14
orn,2,9,0.001,-0.08358955243675266,210,74
orn,2,9,0.01,-0.08349923796441522,210,74
orn,2,9,0.1,-0.0834950221792229,210,74
orn,3,9,0.001,-0.09641348297986527,2940,270
orn,3,9,0.01,-0.09588580659421991,2940,270
orn,3,9,0.1,-0.0985138156744362,2940,270
orn,4,9,0.001,-0.16539205184211106,41160,666
orn,4,9,0.01,-0.1633515129740737,41160,666
orn,4,9,0.1,-0.1647543659543657,41160,666
orn,5,9,0.001,-0.28808148326578975,576240,1234
orn,5,9,0.01,-0.2810222069470532,576240,1234
orn,5,9,0.1,-0.2816533816213378,576240,1234
orn,0,10,0.001,-2.1263698125286288,1,1
orn,0,10,0.01,-2.1263698182100823,1,1
orn,0,10,0.1,-2.1263698750768856,1,1
orn,1,10,0.001,-0.07672004429147504,15,14
orn,1,10,0.01,-0.07672158303960364,15,14
orn,1,10,0.1,-0.07673697141834683,15,14
orn,2,10,0.001,-0.07232902043807383,210,71
orn,2,10,0.01,-0.07229394733693849,210,71
orn,2,10,0.1,-0.07236741794887067,210,71
orn,3,10,0.001,-0.07576276995857108,2940,241
orn,3,10,0.01,-0.07546889136227862,2940,241
orn,3,10,0.1,-0.07589510427980989,2940,241
orn,4,10,0.001,-0.1023318076745353,41160,559
orn,4,10,0.01,-0.1012483831411253,41160,559
orn,4,10,0.1,-0.10366478965160024,41160,559
orn,5,10,0.001,-0.27245837280040625,576240,960
orn,5,10,0.01,-0.269371477031614,576240,960
orn,5,10,0.1,-0.27078373892964774,576240,960
orn,0,11,0.001,-2.1133047352379095,1,1
orn,0,11,0.01,-2.1133047508557614,1,1
orn,0,11,0.1,-2.1133049070813694,1,1
orn,1,11,0.001,-0.07987122244472802,15,14
orn,1,11,0.01,-0.07987263229944606,15,14
orn,1,11,0.1,-0.07988673869298214,15,14
orn,2,11,0.001,-0.07460268028101631,210,72
orn,2,11,0.01,-0.07457864254494032,210,72
orn,2,11,0.1,-0.07462607636030712,210,72
orn,3,11,0.001,-0.07606044275854908,2940,246
orn,3,11,0.01,-0.07561460094800343,2940,246
orn,3,11,0.1,-0.07565548702557015,2940,246
orn,4,11,0.001,-0.09240991870025944,41160,593
orn,4,11,0.01,-0.09121921385485059,41160,593
orn,4,11,0.1,-0.09250578730164154,41160,593
orn,5,11,0.001,-0.20141243438830855,576240,1058
orn,5,11,0.01,-0.19432828593226706,576240,1058
orn,5,11,0.1,-0.1942248105142694,576240,1058
orn,0,12,0.001,-2.194567070095254,1,1
orn,0,12,0.01,-2.1945670477154655,1,1
orn,0,12,0.1,-2.1945668239820435,1,1
orn,1,12,0.001,-0.09878481602247964,15,14
orn,1,12,0.01,-0.09878617020765296,15,14
orn,1,12,0.1,-0.09879973599271916,15,14
orn,2,12,0.001,-0.09289281607496615,210,76
orn,2,12,0.01,-0.0927332961152342,210,76
orn,2,12,0.1,-0.09269862345393623,210,76
orn,3,12,0.001,-0.09995579303524235,2940,270
orn,3,12,0.01,-0.09908327275007227,2940,270
orn,3,12,0.1,-0.09878554113781422,2940,270
orn,4,12,0.001,-0.13330966680969905,41160,637
orn,4,12,0.01,-0.1312002460168844,41160,637
orn,4,12,0.1,-0.1325143168565523,41160,637
orn,5,12,0.001,-0.32816924479533205,576240,1097
orn,5,12,0.01,-0.32219235578459027,576240,1097
orn,5,12,0.1,-0.32252666766362253,576240,1097
orn,0,13,0.001,-2.0949423898213704,1,1
orn,0,13,0.01,-2.0949424035275412,1,1
orn,0,13,0.1,-2.0949425406392703,1,1
orn,1,13,0.001,-0.07779975404742255,15,14
orn,1,13,0.01,-0.077801226966394,15,14
orn,1,13,0.1,-0.07781595763145917,15,14
orn,2,13,0.001,-0.07265374953161984,210,69
orn,2,13,0.01,-0.07260518212731827,210,69
orn,2,13,0.1,-0.07262811720840029,210,69
orn,3,13,0.001,-0.0731838631113679,2940,241
orn,3,13,0.01,-0.07280583246477336,2940,241
orn,3,13,0.1,-0.0730385528236005,2940,241
orn,4,13,0.001,-0.09120898926958572,41160,549
orn,4,13,0.01,-0.08960022219515143,41160,549
orn,4,13,0.1,-0.08957232894692639,41160,549
orn,5,13,0.001,-0.20626799747646343,576240,947
orn,5,13,0.01,-0.202849295539002,576240,947
orn,5,13,0.1,-0.20438043073290227,576240,947
orn,0,14,0.001,-2.1260858915296543,1,1
orn,0,14,0.01,-2.1260858820584407,1,1
orn,0,14,0.1,-2.126085787409371,1,1
orn,1,14,0.001,-0.0779074283595386,15,14
orn,1,14,0.01,-0.07790891434652512,15,14
orn,1,14,0.1,-0.07792379687372107,15,14
orn,2,14,0.001,-0.07391000756934828,210,73
orn,2,14,0.01,-0.07379439952887634,210,73
orn,2,14,0.1,-0.07378695228962176,210,73
orn,3,14,0.001,-0.08262982879926942,2940,246
orn,3,14,0.01,-0.08121880187331901,2940,246
orn,3,14,0.1,-0.08123446261385861,2940,246
orn,4,14,0.001,-0.1000002128249123,41160,561
orn,4,14,0.01,-0.09756092663861124,41160,561
orn,4,14,0.1,-0.0977071769688577,41160,561
orn,5,14,0.001,-0.2874793746897852,576240,918
orn,5,14,0.01,-0.28247288894519207,576240,918
orn,5,14,0.1,-0.28367346258075565,576240,918
orn,0,15,0.001,-2.1207361494819503,1,1
orn,0,15,0.01,-2.1207361654328443,1,1
orn,0,15,0.1,-2.1207363249868734,1,1
orn,1,15,0.001,-0.08427720690114965,15,14
orn,1,15,0.01,-0.08427840305030972,15,14
orn,1,15,0.1,-0.0842904478288164,15,14
orn,2,15,0.001,-0.07979702602627116,210,76
orn,2,15,0.01,-0.07968928311709543,210,76
orn,2,15,0.1,-0.07971086148370782,210,76
orn,3,15,0.001,-0.08307227552223378,2940,267
orn,3,15,0.01,-0.0824832751241208,2940,267
orn,3,15,0.1,-0.08284918863086836,2940,267
orn,4,15,0.001,-0.11683093861013218,41160,637
orn,4,15,0.01,-0.11513265801176603,41160,637
orn,4,15,0.1,-0.11649180148649692,41160,637
orn,5,15,0.001,-0.2706224506615423,576240,1139
orn,5,15,0.01,-0.26650662825832927,576240,1139
orn,5,15,0.1,-0.2694975819894718,576240,1139
orn,0,16,0.001,-2.122118194675542,1,1
orn,0,16,0.01,-2.1221182063602764,1,1
orn,0,16,0.1,-2.122118323258456,1,1
orn,1,16,0.001,-0.07894893586001368,15,14
orn,1,16,0.01,-0.07895036884765902,15,14
orn,1,16,0.1,-0.07896470547990862,15,14
orn,2,16,0.001,-0.07383856589544437,210,72
orn,2,16,0.01,-0.07379004820892036,210,72
orn,2,16,0.1,-0.07382543326551134,210,72
orn,3,16,0.001,-0.0767588978754202,2940,238
orn,3,16,0.01,-0.07640121381724015,2940,238
orn,3,16,0.1,-0.0766582089331169,2940,238
orn,4,16,0.001,-0.10082553451740044,41160,558
orn,4,16,0.01,-0.09948151613850953,41160,558
orn,4,16,0.1,-0.09962686007538474,41160,558
orn,5,16,0.001,-0.1843584991294163,576240,945
orn,5,16,0.01,-0.18038447464691756,576240,945
orn,5,16,0.1,-0.18100688002221307,576240,945
orn,0,17,0.001,-2.16365018749368,1,1
orn,0,17,0.01,-2.1636501877453402,1,1
orn,0,17,0.1,-2.1636501903116967,1,1
orn,1,17,0.001,-0.09560735084493198,15,14
orn,1,17,0.01,-0.095608693631107,15,14
orn,1,17,0.1,-0.09562214268076943,15,14
orn,2,17,0.001,-0.08964375075846488,210,73
orn,2,17,0.01,-0.08953242936837003,210,73
orn,2,17,0.1,-0.0895197082538208,210,73
orn,3,17,0.001,-0.10306763297370186,2940,266
orn,3,17,0.01,-0.10144026935983427,2940,266
orn,3,17,0.1,-0.10066282562728292,2940,266
orn,4,17,0.001,-0.13055320630085446,41160,660
orn,4,17,0.01,-0.12750662479382174,41160,660
orn,4,17,0.1,-0.12688281140605867,41160,660
orn,5,17,0.001,-0.3336637587660042,576240,1204
orn,5,17,0.01,-0.3242568945807644,576240,1204
orn,5,17,0.1,-0.32322230698664467,576240,1204
orn,0,18,0.001,-2.278102017773699,1,1
orn,0,18,0.01,-2.278101974880914,1,1
orn,0,18,0.1,-2.2781015460131337,1,1
orn,1,18,0.001,-0.07767827653264812,15,14
orn,1,18,0.01,-0.07768026903279963,15,14
orn,1,18,0.1,-0.07770020679108867,15,14
orn,2,18,0.001,-0.07331753800819857,210,72
orn,2,18,0.01,-0.07323975334945597,210,72
orn,2,18,0.1,-0.07329409059273782,210,72
orn,3,18,0.001,-0.07954475221020439,2940,248
orn,3,18,0.01,-0.07818993520804514,2940,248
orn,3,18,0.1,-0.07863725154891348,2940,248
orn,4,18,0.001,-0.15470393525473766,41160,566
orn,4,18,0.01,-0.15224917749409786,41160,566
orn,4,18,0.1,-0.15343183242014954,41160,566
orn,5,18,0.001,-0.2944465397471256,576240,934
orn,5,18,0.01,-0.2905022171386584,576240,934
orn,5,18,0.1,-0.2929711051541359,576240,934
orn,0,19,0.001,-2.285236591992225,1,1
orn,0,19,0.01,-2.285236560746255,1,1
orn,0,19,0.1,-2.2852362483376054,1,1
orn,1,19,0.001,-0.0888813515884956,15,14
orn,1,19,0.01,-0.08888318054647279,15,14
orn,1,19,0.1,-0.08890148623775318,15,14
orn,2,19,0.001,-0.08393070893890406,210,72
orn,2,19,0.01,-0.08386647636655023,210,72
orn,2,19,0.1,-0.08393193205426588,210,72
orn,3,19,0.001,-0.09684444828589485,2940,262
orn,3,19,0.01,-0.09618064055121775,2940,262
orn,3,19,0.1,-0.09726036935833757,2940,262
orn,4,19,0.001,-0.1701287617855511,41160,629
orn,4,19,0.01,-0.16831429643579793,41160,629
orn,4,19,0.1,-0.16952590452991564,41160,629
orn,5,19,0.001,-0.3084990960872009,576240,1119
orn,5,19,0.01,-0.30339621364922154,576240,1119
orn,5,19,0.1,-0.30428521504618034,576240,1119
orn,0,20,0.001,-2.1040359630259498,1,1
orn,0,20,0.01,-2.104035971192646,1,1
orn,0,20,0.1,-2.1040360529120914,1,1
orn,1,20,0.001,-0.08750767698194817,15,14
orn,1,20,0.01,-0.08750892825676486,15,14
orn,1,20,0.1,-0.08752146878915662,15,14
orn,2,20,0.001,-0.08249019669715395,210,75
orn,2,20,0.01,-0.08239419736577859,210,75
orn,2,20,0.1,-0.0823945297723874,210,75
orn,3,20,0.001,-0.08452675510930145,2940,258
orn,3,20,0.01,-0.08387379228346706,2940,258
orn,3,20,0.1,-0.08380520084207868,2940,258
orn,4,20,0.001,-0.11264067172285538,41160,609
orn,4,20,0.01,-0.11041643680659859,41160,609
orn,4,20,0.1,-0.11065835223720624,41160,609
orn,5,20,0.001,-0.2344154267436736,576240,1078
orn,5,20,0.01,-0.23019943214558425,576240,1078
orn,5,20,0.1,-0.2325897396441962,576240,1078
orn,0,21,0.001,-2.1129884905925533,1,1
orn,0,21,0.01,-2.1129885025876356,1,1
orn,0,21,0.1,-2.1129886225884587,1,1
orn,1,21,0.001,-0.07456809763854946,15,14
orn,1,21,0.01,-0.07456952389535593,15,14
orn,1,21,0.1,-0.07458380945970886,15,14
orn,2,21,0.001,-0.07031576193828823,210,76
orn,2,21,0.01,-0.07016671565571067,210,76
orn,2,21,0.1,-0.0701041373377915,210,76
orn,3,21,0.001,-0.07563945705620594,2940,256
orn,3,21,0.01,-0.07463398296564362,2940,256
orn,3,21,0.1,-0.07469212039105869,2940,256
orn,4,21,0.001,-0.09394432702364856,41160,572
orn,4,21,0.01,-0.09263435933843249,41160,572
orn,4,21,0.1,-0.09360336197340913,41160,572
orn,5,21,0.001,-0.17327940181542195,576240,977
orn,5,21,0.01,-0.170771122257346,576240,977
orn,5,21,0.1,-0.17377496082999844,576240,977
orn,0,22,0.001,-2.1521083042071214,1,1
orn,0,22,0.01,-2.1521082942794605,1,1
orn,0,22,0.1,-2.152108195064621,1,1
orn,1,22,0.001,-0.0955367723106568,15,14
orn,1,22,0.01,-0.09553805450087148,15,14
orn,1,22,0.1,-0.09555091435066342,15,14
orn,2,22,0.001,-0.08961666324373446,210,74
orn,2,22,0.01,-0.08948709716403451,210,74
orn,2,22,0.1,-0.08944487948836222,210,74
orn,3,22,0.001,-0.09433770174612481,2940,258
orn,3,22,0.01,-0.09363323031396148,2940,258
orn,3,22,0.1,-0.09380423942349697,2940,258
orn,4,22,0.001,-0.1337729308662547,41160,608
orn,4,22,0.01,-0.13199911806322565,41160,608
orn,4,22,0.1,-0.13248228301869808,41160,608
orn,5,22,0.001,-0.25891853206424464,576240,1005
orn,5,22,0.01,-0.25499032506727554,576240,1005
orn,5,22,0.1,-0.2563147880445888,576240,1005
orn,0,23,0.001,-2.1428554917230977,1,1
orn,0,23,0.01,-2.142855484838905,1,1
orn,0,23,0.1,-2.1428554160589246,1,1
orn,1,23,0.001,-0.09466205718813461,15,14
orn,1,23,0.01,-0.0946635069313753,15,14
orn,1,23,0.1,-0.09467801708242293,15,14
orn,2,23,0.001,-0.09009497318849846,210,75
orn,2,23,0.01,-0.09003455916936673,210,75
orn,2,23,0.1,-0.09006082766551177,210,75
orn,3,23,0.001,-0.10897037971258808,2940,250
orn,3,23,0.01,-0.1071222671972277,2940,250
orn,3,23,0.1,-0.10627698459816246,2940,250
orn,4,23,0.001,-0.14240047789729474,41160,570
orn,4,23,0.01,-0.1398619155865652,41160,570
orn,4,23,0.1,-0.14018272340095006,41160,570
orn,5,23,0.001,-0.31022408521891237,576240,985
orn,5,23,0.01,-0.30487044282454256,576240,985
orn,5,23,0.1,-0.30663555275421184,576240,985
orn,0,24,0.001,-2.130036831395865,1,1
orn,0,24,0.01,-2.1300368376867787,1,1
orn,0,24,0.1,-2.130036900648126,1,1
orn,1,24,0.001,-0.0890967104252856,15,14
orn,1,24,0.01,-0.08909808023933379,15,14
orn,1,24,0.1,-0.08911178398727626,15,14
orn,2,24,0.001,-0.0837856429928166,210,71
orn,2,24,0.01,-0.0837479858104504,210,71
orn,2,24,0.1,-0.08379725059921718,210,71
orn,3,24,0.001,-0.08514051156055856,2940,258
orn,3,24,0.01,-0.08455030100045358,2940,258
orn,3,24,0.1,-0.08448934238884706,2940,258
orn,4,24,0.001,-0.11031139751947326,41160,625
orn,4,24,0.01,-0.10797132464068274,41160,625
orn,4,24,0.1,-0.10835190806335317,41160,625
orn,5,24,0.001,-0.2604978088818781,576240,1131
orn,5,24,0.01,-0.25483634361529867,576240,1131
orn,5,24,0.1,-0.25873217703458296,576240,1131
orn,0,25,0.001,-2.2332911947405876,1,1
orn,0,25,0.01,-2.2332911714809773,1,1
orn,0,25,0.1,-2.2332909389379862,1,1
orn,1,25,0.001,-0.0834553543780708,15,14
orn,1,25,0.01,-0.08345718850264533,15,14
orn,1,25,0.1,-0.0834755463541354,15,14
orn,2,25,0.001,-0.07865442601971066,210,75
orn,2,25,0.01,-0.0785990108402212,210,75
orn,2,25,0.1,-0.07868116444525172,210,75
orn,3,25,0.001,-0.08434298742818228,2940,248
orn,3,25,0.01,-0.08315316735010744,2940,248
orn,3,25,0.1,-0.08305520097491434,2940,248
orn,4,25,0.001,-0.14721718332568715,41160,553
orn,4,25,0.01,-0.14508432119735565,41160,553
orn,4,25,0.1,-0.14596243849101143,41160,553
orn,5,25,0.001,-0.2297620283664429,576240,903
orn,5,25,0.01,-0.2260690239331671,576240,903
orn,5,25,0.1,-0.22825073399674667,576240,903
orn,0,26,0.001,-2.1150493484238035,1,1
orn,0,26,0.01,-2.1150493520030915,1,1
orn,0,26,0.1,-2.1150493878496643,1,1
orn,1,26,0.001,-0.07851984622588724,15,14
orn,1,26,0.01,-0.07852090628470179,15,14
orn,1,26,0.1,-0.07853166233883882,15,14
orn,2,26,0.001,-0.07371016400103082,210,76
orn,2,26,0.01,-0.07356738522600027,210,76
orn,2,26,0.1,-0.07355231900824084,210,76
orn,3,26,0.001,-0.0812927404963845,2940,273
orn,3,26,0.01,-0.07919434684190922,2940,273
orn,3,26,0.1,-0.07834183360181986,2940,273
orn,4,26,0.001,-0.11013046407317677,41160,638
orn,4,26,0.01,-0.1076852194234172,41160,638
orn,4,26,0.1,-0.10801051307357623,41160,638
orn,5,26,0.001,-0.24921392007934917,576240,1067
orn,5,26,0.01,-0.23936775367813373,576240,1067
orn,5,26,0.1,-0.23760598383041567,576240,1067
orn,0,27,0.001,-2.2157860798134132,1,1
orn,0,27,0.01,-2.2157860461321355,1,1
orn,0,27,0.1,-2.2157857093828497,1,1
orn,1,27,0.001,-0.09633901501366791,15,14
orn,1,27,0.01,-0.09634061220054868,15,14
orn,1,27,0.1,-0.09635659652620462,15,14
orn,2,27,0.001,-0.09062743658221298,210,73
orn,2,27,0.01,-0.09050278430962276,210,73
orn,2,27,0.1,-0.09051236798863592,210,73
orn,3,27,0.001,-0.10197013365475584,2940,259
orn,3,27,0.01,-0.10121876007581718,2940,259
orn,3,27,0.1,-0.10120677989821815,2940,259
orn,4,27,0.001,-0.12713311911752348,41160,630
orn,4,27,0.01,-0.12481332457094178,41160,630
orn,4,27,0.1,-0.1263707581766266,41160,630
orn,5,27,0.001,-0.3436572078739878,576240,1113
orn,5,27,0.01,-0.3306895011473944,576240,1113
orn,5,27,0.1,-0.3280698577175525,576240,1113
orn,0,28,0.001,-2.1659405363857807,1,1
orn,0,28,0.01,-2.1659405230831417,1,1
orn,0,28,0.1,-2.1659403901169454,1,1
orn,1,28,0.001,-0.08871051955871515,15,14
orn,1,28,0.01,-0.08871185827529837,15,14
orn,1,28,0.1,-0.08872530340805154,15,14
orn,2,28,0.001,-0.0839891167082268,210,75
orn,2,28,0.01,-0.08389623309106753,210,75
orn,2,28,0.1,-0.08393820760465796,210,75
orn,3,28,0.001,-0.09885117135306765,2940,266
orn,3,28,0.01,-0.0980635778904563,2940,266
orn,3,28,0.1,-0.09838954094950458,2940,266
orn,4,28,0.001,-0.14458292742329198,41160,635
orn,4,28,0.01,-0.14279845582490902,41160,635
orn,4,28,0.1,-0.14442957453223737,41160,635
orn,5,28,0.001,-0.2844070127062551,576240,1089
orn,5,28,0.01,-0.280129248119748,576240,1089
orn,5,28,0.1,-0.2808170378438856,576240,1089
orn,0,29,0.001,-2.2601374461986214,1,1
orn,0,29,0.01,-2.260137409846587,1,1
orn,0,29,0.1,-2.260137046383995,1,1
orn,1,29,0.001,-0.0829306784978302,15,14
orn,1,29,0.01,-0.08293264545244933,15,14
orn,1,29,0.1,-0.08295231602153752,15,14
orn,2,29,0.001,-0.07879571089412019,210,71
orn,2,29,0.01,-0.07870510404007658,210,71
orn,2,29,0.1,-0.07872024159274053,210,71
orn,3,29,0.001,-0.08659394207466399,2940,255
orn,3,29,0.01,-0.08603488234630584,2940,255
orn,3,29,0.1,-0.08684927885605048,2940,255
orn,4,29,0.001,-0.1681016752243073,41160,585
orn,4,29,0.01,-0.166068428043683,41160,585
orn,4,29,0.1,-0.1669724076834972,41160,585
orn,5,29,0.001,-0.33732419141299247,576240,1021
orn,5,29,0.01,-0.33411765326063064,576240,1021
orn,5,29,0.1,-0.338729805180733,576240,1021
orn,0,30,0.001,-2.101661430987032,1,1
orn,0,30,0.01,-2.10166144501642,1,1
orn,0,30,0.1,-2.101661585359548,1,1
orn,1,30,0.001,-0.08529528246140158,15,14
orn,1,30,0.01,-0.08529647492274231,15,14
orn,1,30,0.1,-0.08530846818609268,15,14
orn,2,30,0.001,-0.08083930727582755,210,75
orn,2,30,0.01,-0.08068467720523095,210,75
orn,2,30,0.1,-0.08064399559613085,210,75
orn,3,30,0.001,-0.08396481736534027,2940,267
orn,3,30,0.01,-0.08345963032458684,2940,267
orn,3,30,0.1,-0.08386182932017398,2940,267
orn,4,30,0.001,-0.11277024470976928,41160,630
orn,4,30,0.01,-0.11111447821709657,41160,630
orn,4,30,0.1,-0.1122197393050629,41160,630
orn,5,30,0.001,-0.2762284398156491,576240,1091
orn,5,30,0.01,-0.2717795635351026,576240,1091
orn,5,30,0.1,-0.2740410630586948,576240,1091
orn,0,31,0.001,-2.1716325000860754,1,1
orn,0,31,0.01,-2.171632468628482,1,1
orn,0,31,0.1,-2.1716321541231904,1,1
orn,1,31,0.001,-0.0900473709679789,15,14
orn,1,31,0.01,-0.09004882272843627,15,14
orn,1,31,0.1,-0.09006341323449624,15,14
orn,2,31,0.001,-0.0843489446469284,210,72
orn,2,31,0.01,-0.08419006376058617,210,72
orn,2,31,0.1,-0.08415605033424535,210,72
orn,3,31,0.001,-0.087027942505134,2940,253
orn,3,31,0.01,-0.08638674099023858,2940,253
orn,3,31,0.1,-0.08632647499066731,2940,253
orn,4,31,0.001,-0.1231998855428271,41160,589
orn,4,31,0.01,-0.12100102996881157,41160,589
orn,4,31,0.1,-0.12157213178773249,41160,589
orn,5,31,0.001,-0.3141680877252718,576240,950
orn,5,31,0.01,-0.3032162800344297,576240,950
orn,5,31,0.1,-0.3007146030633682,576240,950
orn,0,32,0.001,-2.084539469185669,1,1
orn,0,32,0.01,-2.0845394656092906,1,1
orn,0,32,0.1,-2.0845394299076214,1,1
orn,1,32,0.001,-0.08462937808410374,15,14
orn,1,32,0.01,-0.08463091006908424,15,14
orn,1,32,0.1,-0.08464622764981512,15,14
orn,2,32,0.001,-0.08007920113350392,210,69
orn,2,32,0.01,-0.08000190935088697,210,69
orn,2,32,0.1,-0.07998498870867395,210,69
orn,3,32,0.001,-0.08131643847482964,2940,247
orn,3,32,0.01,-0.0809194956423169,2940,247
orn,3,32,0.1,-0.08152978557756096,2940,247
orn,4,32,0.001,-0.11531797007083314,41160,577
orn,4,32,0.01,-0.11312943909307557,41160,577
orn,4,32,0.1,-0.11339250199963478,41160,577
orn,5,32,0.001,-0.2606207943132689,576240,1010
orn,5,32,0.01,-0.2564754022574772,576240,1010
orn,5,32,0.1,-0.2619395143057708,576240,1010
orn,0,33,0.001,-2.284103494516574,1,1
orn,0,33,0.01,-2.2841034651082923,1,1
orn,0,33,0.1,-2.284103171080488,1,1
orn,1,33,0.001,-0.08529697841129857,15,14
orn,1,33,0.01,-0.0852988495253799,15,14
orn,1,33,0.1,-0.08531757148656945,15,14
orn,2,33,0.001,-0.08025528156442246,210,73
orn,2,33,0.01,-0.0802320051245863,210,73
orn,2,33,0.1,-0.08032994213450804,210,73
orn,3,33,0.001,-0.08282905318342806,2940,251
orn,3,33,0.01,-0.08229806814318537,2940,251
orn,3,33,0.1,-0.08338558326844349,2940,251
orn,4,33,0.001,-0.15052952264302122,41160,581
orn,4,33,0.01,-0.14881984971008033,41160,581
orn,4,33,0.1,-0.14932326546686703,41160,581
orn,5,33,0.001,-0.2619185781404282,576240,997
orn,5,33,0.01,-0.2580901591999386,576240,997
orn,5,33,0.1,-0.2607943150307985,576240,997
orn,0,34,0.001,-2.159354243869324,1,1
orn,0,34,0.01,-2.159354236020484,1,1
orn,0,34,0.1,-2.1593541575925004,1,1
orn,1,34,0.001,-0.08797130367075481,15,14
orn,1,34,0.01,-0.08797255690458008,15,14
orn,1,34,0.1,-0.08798512901498291,15,14
orn,2,34,0.001,-0.08351447603453459,210,74
orn,2,34,0.01,-0.08335698222678152,210,74
orn,2,34,0.1,-0.08337808408574077,210,74
orn,3,34,0.001,-0.10535884310718777,2940,259
orn,3,34,0.01,-0.10450146751312714,2940,259
orn,3,34,0.1,-0.10436447217420487,2940,259
orn,4,34,0.001,-0.13407883120887834,41160,626
orn,4,34,0.01,-0.1319700211827925,41160,626
orn,4,34,0.1,-0.13433792629334307,41160,626
orn,5,34,0.001,-0.307959176088807,576240,1052
orn,5,34,0.01,-0.3039977694040022,576240,1052
orn,5,34,0.1,-0.3075305906481837,576240,1052
orn,0,35,0.001,-2.1312014442454434,1,1
orn,0,35,0.01,-2.131201455687394,1,1
orn,0,35,0.1,-2.131201570158037,1,1
orn,1,35,0.001,-0.07845911546773486,15,14
orn,1,35,0.01,-0.07846050829290793,15,14
orn,1,35,0.1,-0.07847445209032272,15,14
orn,2,35,0.001,-0.07294969130123168,210,75
orn,2,35,0.01,-0.07286862146448313,210,75
orn,2,35,0.1,-0.07289710842722504,210,75
orn,3,35,0.001,-0.07451739563267855,2940,252
orn,3,35,0.01,-0.07418926973883337,2940,252
orn,3,35,0.1,-0.07424759373959608,2940,252
orn,4,35,0.001,-0.0874436045116725,41160,544
orn,4,35,0.01,-0.08659203013781169,41160,544
orn,4,35,0.1,-0.08845021722093145,41160,544
orn,5,35,0.001,-0.20543310632744735,576240,902
orn,5,35,0.01,-0.20289556835502495,576240,902
orn,5,35,0.1,-0.2055947239157314,576240,902
orn,0,36,0.001,-2.1700991620309833,1,1
orn,0,36,0.01,-2.1700991657833373,1,1
orn,0,36,0.1,-2.1700992033551247,1,1
orn,1,36,0.001,-0.08186617772980118,15,14
orn,1,36,0.01,-0.08186772304882303,15,14
orn,1,36,0.1,-0.08188318305318147,15,14
orn,2,36,0.001,-0.07675965730218694,210,72
orn,2,36,0.01,-0.07671970523453774,210,72
orn,2,36,0.1,-0.07680927414052026,210,72
orn,3,36,0.001,-0.07735863478659213,2940,244
orn,3,36,0.01,-0.07697989333037872,2940,244
orn,3,36,0.1,-0.07709496639498366,2940,244
orn,4,36,0.001,-0.10671724232685767,41160,560
orn,4,36,0.01,-0.10543557797802593,41160,560
orn,4,36,0.1,-0.10591196379430619,41160,560
orn,5,36,0.001,-0.19798358824873347,576240,933
orn,5,36,0.01,-0.19236575766597216,576240,933
orn,5,36,0.1,-0.192782515329186,576240,933
orn,0,37,0.001,-2.1449857759081468,1,1
orn,0,37,0.01,-2.144985781889182,1,1
orn,0,37,0.1,-2.1449858417505947,1,1
orn,1,37,0.001,-0.08362863141363343,15,14
orn,1,37,0.01,-0.08363001485711308,15,14
orn,1,37,0.1,-0.08364387095906035,15,14
orn,2,37,0.001,-0.07927876200137508,210,75
orn,2,37,0.01,-0.07918739408327913,210,75
orn,2,37,0.1,-0.07920871614728257,210,75
orn,3,37,0.001,-0.08441770377132636,2940,262
orn,3,37,0.01,-0.08315172836235599,2940,262
orn,3,37,0.1,-0.08322272461452351,2940,262
orn,4,37,0.001,-0.10866736664646048,41160,602
orn,4,37,0.01,-0.10610164017051774,41160,602
orn,4,37,0.1,-0.10759951048112996,41160,602
orn,5,37,0.001,-0.28683643861081354,576240,1054
orn,5,37,0.01,-0.2762766440862324,576240,1054
orn,5,37,0.1,-0.2740474543612755,576240,1054
orn,0,38,0.001,-2.0915824391670994,1,1
orn,0,38,0.01,-2.0915824353520476,1,1
orn,0,38,0.1,-2.0915823972641956,1,1
orn,1,38,0.001,-0.0931654774848626,15,14
orn,1,38,0.01,-0.09316671174593882,15,14
orn,1,38,0.1,-0.09317907536182969,15,14
orn,2,38,0.001,-0.08891005862520401,210,73
orn,2,38,0.01,-0.08877724996112903,210,73
orn,2,38,0.1,-0.08872515111971468,210,73
orn,3,38,0.001,-0.10471893149637572,2940,265
orn,3,38,0.01,-0.10325680677778432,2940,265
orn,3,38,0.1,-0.10309591406989314,2940,265
orn,4,38,0.001,-0.14433488529054087,41160,622
orn,4,38,0.01,-0.14209947074969076,41160,622
orn,4,38,0.1,-0.14305464460900463,41160,622
orn,5,38,0.001,-0.31325423635902233,576240,1081
orn,5,38,0.01,-0.307409838834191,576240,1081
orn,5,38,0.1,-0.30962093438065186,576240,1081
orn,0,39,0.001,-2.171060810689537,1,1
orn,0,39,0.01,-2.171060800705527,1,1
orn,0,39,0.1,-2.1710607009243605,1,1
orn,1,39,0.001,-0.09230719340359116,15,14
orn,1,39,0.01,-0.09230866213386583,15,14
orn,1,39,0.1,-0.0923233650262494,15,14
orn,2,39,0.001,-0.0874784646594871,210,73
orn,2,39,0.01,-0.08743623696193333,210,73
orn,2,39,0.1,-0.08748971706846284,210,73
orn,3,39,0.001,-0.08877411039688549,2940,252
orn,3,39,0.01,-0.08816892427288654,2940,252
orn,3,39,0.1,-0.08878899920016378,2940,252
orn,4,39,0.001,-0.10718871116100442,41160,603
orn,4,39,0.01,-0.10552739758569016,41160,603
orn,4,39,0.1,-0.10730188557111871,41160,603
orn,5,39,0.001,-0.2842672549212499,576240,1050
orn,5,39,0.01,-0.2732066336986459,576240,1050
orn,5,39,0.1,-0.27411481794868564,576240,1050
orn,0,40,0.001,-2.10725384762375,1,1
orn,0,40,0.01,-2.1072538710037105,1,1
orn,0,40,0.1,-2.1072541048466933,1,1
orn,1,40,0.001,-0.07893711850085858,15,14
orn,1,40,0.01,-0.07893826584157654,15,14
orn,1,40,0.1,-0.07894982106434545,15,14
orn,2,40,0.001,-0.07457920238739073,210,74
orn,2,40,0.01,-0.07445144752572727,210,74
orn,2,40,0.1,-0.07441851427449331,210,74
orn,3,40,0.001,-0.08028833750566651,2940,277
orn,3,40,0.01,-0.07954195478206962,2940,277
orn,3,40,0.1,-0.07966074531381864,2940,277
orn,4,40,0.001,-0.10963388331308073,41160,681
orn,4,40,0.01,-0.10765353557248424,41160,681
orn,4,40,0.1,-0.10845567904588915,41160,681
orn,5,40,0.001,-0.2620134977453954,576240,1204
orn,5,40,0.01,-0.2585843259636549,576240,1204
orn,5,40,0.1,-0.26080504093862866,576240,1204
orn,0,41,0.001,-2.3093052570215375,1,1
orn,0,41,0.01,-2.309305208759456,1,1
orn,0,41,0.1,-2.309304726195942,1,1
orn,1,41,0.001,-0.08144362802527894,15,14
orn,1,41,0.01,-0.08144565669621075,15,14
orn,1,41,0.1,-0.08146595867715671,15,14
orn,2,41,0.001,-0.07631854737591975,210,73
orn,2,41,0.01,-0.07624240954545757,210,73
orn,2,41,0.1,-0.07626932830806794,210,73
orn,3,41,0.001,-0.07982299697666427,2940,260
orn,3,41,0.01,-0.07932151957130541,2940,260
orn,3,41,0.1,-0.08044062952714955,2940,260
orn,4,41,0.001,-0.15331512934428662,41160,585
orn,4,41,0.01,-0.15176679569813095,41160,585
orn,4,41,0.1,-0.15316589930633695,41160,585
orn,5,41,0.001,-0.298457767412211,576240,982
orn,5,41,0.01,-0.2948535734700856,576240,982
orn,5,41,0.1,-0.297830548319588,576240,982
orn,0,42,0.001,-2.1616071266514765,1,1
orn,0,42,0.01,-2.161607116088795,1,1
orn,0,42,0.1,-2.161607010521018,1,1
orn,1,42,0.001,-0.09158843697956331,15,14
orn,1,42,0.01,-0.09158979573112895,15,14
orn,1,42,0.1,-0.09160344158495266,15,14
orn,2,42,0.001,-0.08653403708344919,210,74
orn,2,42,0.01,-0.08638855997741278,210,74
orn,2,42,0.1,-0.08636096379089594,210,74
orn,3,42,0.001,-0.09679199963221753,2940,268
orn,3,42,0.01,-0.09606697852295402,2940,268
orn,3,42,0.1,-0.09646470614239387,2940,268
orn,4,42,0.001,-0.1367530118080882,41160,624
orn,4,42,0.01,-0.13472549557335217,41160,624
orn,4,42,0.1,-0.13490618221561745,41160,624
orn,5,42,0.001,-0.27298077466596127,576240,1068
orn,5,42,0.01,-0.2682490833150607,576240,1068
orn,5,42,0.1,-0.2690624542818037,576240,1068
orn,0,43,0.001,-2.1303711394627647,1,1
orn,0,43,0.01,-2.130371130259115,1,1
orn,0,43,0.1,-2.1303710382836765,1,1
orn,1,43,0.001,-0.09296226064507915,15,14
orn,1,43,0.01,-0.09296349055585729,15,14
orn,1,43,0.1,-0.0929758271663906,15,14
orn,2,43,0.001,-0.08745574401619328,210,73
orn,2,43,0.01,-0.08730148116604011,210,73
orn,2,43,0.1,-0.08723952465522858,210,73
orn,3,43,0.001,-0.1011193360116395,2940,264
orn,3,43,0.01,-0.10021790963653442,2940,264
orn,3,43,0.1,-0.10039394188537021,2940,264
orn,4,43,0.001,-0.14230114040976807,41160,637
orn,4,43,0.01,-0.14023351183034008,41160,637
orn,4,43,0.1,-0.14093681743466535,41160,637
orn,5,43,0.001,-0.3103823214149038,576240,1098
orn,5,43,0.01,-0.3050259692818718,576240,1098
orn,5,43,0.1,-0.30629733601592496,576240,1098
orn,0,44,0.001,-2.1581475256790563,1,1
orn,0,44,0.01,-2.1581475234924308,1,1
orn,0,44,0.1,-2.1581475016763783,1,1
orn,1,44,0.001,-0.07930526623087528,15,14
orn,1,44,0.01,-0.07930692343916698,15,14
orn,1,44,0.1,-0.07932349888988453,15,14
orn,2,44,0.001,-0.07484233297265026,210,73
orn,2,44,0.01,-0.07480674341520903,210,73
orn,2,44,0.1,-0.074852166154114,210,73
orn,3,44,0.001,-0.07639507961262375,2940,252
orn,3,44,0.01,-0.07596296977393828,2940,252
orn,3,44,0.1,-0.07604599261889577,2940,252
orn,4,44,0.001,-0.10241134506374631,41160,607
orn,4,44,0.01,-0.09970024900705238,41160,607
orn,4,44,0.1,-0.09908393643810604,41160,607
orn,5,44,0.001,-0.22669300298514616,576240,1027
orn,5,44,0.01,-0.22358367708489627,576240,1027
orn,5,44,0.1,-0.22721969656854266,576240,1027
orn,0,45,0.001,-2.1601151461044164,1,1
orn,0,45,0.01,-2.1601151365816933,1,1
orn,0,45,0.1,-2.160115041406794,1,1
orn,1,45,0.001,-0.08004621160761873,15,14
orn,1,45,0.01,-0.08004784702234491,15,14
orn,1,45,0.1,-0.08006421051004088,15,14
orn,2,45,0.001,-0.07601169719648118,210,72
orn,2,45,0.01,-0.07596344616931856,210,72
orn,2,45,0.1,-0.07599850348083766,210,72
orn,3,45,0.001,-0.08338424050808806,2940,254
orn,3,45,0.01,-0.0823707478195626,2940,254
orn,3,45,0.1,-0.08251851122776553,2940,254
orn,4,45,0.001,-0.11131225217827376,41160,612
orn,4,45,0.01,-0.109287820190763,41160,612
orn,4,45,0.1,-0.11032679031492387,41160,612
orn,5,45,0.001,-0.2738796818018021,576240,1076
orn,5,45,0.01,-0.270256205962167,576240,1076
orn,5,45,0.1,-0.27345679698240594,576240,1076
orn,0,46,0.001,-2.190762930804382,1,1
orn,0,46,0.01,-2.190762920299423,1,1
orn,0,46,0.1,-2.190762815304292,1,1
orn,1,46,0.001,-0.09087247331500088,15,14
orn,1,46,0.01,-0.09087407430800683,15,14
orn,1,46,0.1,-0.09089008613883667,15,14
orn,2,46,0.001,-0.08591469112995671,210,71
orn,2,46,0.01,-0.08585127513717848,210,71
orn,2,46,0.1,-0.08587528764433391,210,71
orn,3,46,0.001,-0.08904122533543046,2940,251
orn,3,46,0.01,-0.08869786113235595,2940,251
orn,3,46,0.1,-0.0894721977528545,2940,251
orn,4,46,0.001,-0.11627771056290757,41160,604
orn,4,46,0.01,-0.11441483830598471,41160,604
orn,4,46,0.1,-0.11541994631389063,41160,604
orn,5,46,0.001,-0.25059212132132336,576240,1061
orn,5,46,0.01,-0.24542797321623167,576240,1061
orn,5,46,0.1,-0.2476030148277624,576240,1061
orn,0,47,0.001,-2.432555429904423,1,1
orn,0,47,0.01,-2.432555325491077,1,1
orn,0,47,0.1,-2.4325542814314898,1,1
orn,1,47,0.001,-0.10362062919840627,15,14
orn,1,47,0.01,-0.1036228540713329,15,14
orn,1,47,0.1,-0.10364513767448068,15,14
orn,2,47,0.001,-0.09840292289824742,210,74
orn,2,47,0.01,-0.09815129537813308,210,74
orn,2,47,0.1,-0.09805289116997756,210,74
orn,3,47,0.001,-0.11962012980732217,2940,267
orn,3,47,0.01,-0.11869956384417554,2940,267
orn,3,47,0.1,-0.11924526565500854,2940,267
orn,4,47,0.001,-0.22633686497341238,41160,636
orn,4,47,0.01,-0.22359613560760364,41160,636
orn,4,47,0.1,-0.2247653163883027,41160,636
orn,5,47,0.001,-0.48370176561858386,576240,1100
orn,5,47,0.01,-0.47034919407848563,576240,1100
orn,5,47,0.1,-0.4683038546576391,576240,1100
orn,0,48,0.001,-2.1866085451066017,1,1
orn,0,48,0.01,-2.186608515667846,1,1
orn,0,48,0.1,-2.1866082213457756,1,1
orn,1,48,0.001,-0.09846882052234213,15,14
orn,1,48,0.01,-0.09847034491247557,15,14
orn,1,48,0.1,-0.0984855990494469,15,14
orn,2,48,0.001,-0.0933697908169644,210,70
orn,2,48,0.01,-0.09329487693789076,210,70
orn,2,48,0.1,-0.09332863485324457,210,70
orn,3,48,0.001,-0.10085009744954582,2940,261
orn,3,48,0.01,-0.10012686382901649,2940,261
orn,3,48,0.1,-0.1004097339221167,2940,261
orn,4,48,0.001,-0.13606809422452892,41160,628
orn,4,48,0.01,-0.1335097636847979,41160,628
orn,4,48,0.1,-0.13389577791195362,41160,628
orn,5,48,0.001,-0.35266006255720095,576240,1093
orn,5,48,0.01,-0.34791721993600944,576240,1093
orn,5,48,0.1,-0.3505946812976944,576240,1093
orn,0,49,0.001,-2.1515023652818055,1,1
orn,0,49,0.01,-2.151502360536057,1,1
orn,0,49,0.1,-2.151502313134661,1,1
orn,1,49,0.001,-0.08538728408817679,15,14
orn,1,49,0.01,-0.08538888791678463,15,14
orn,1,49,0.1,-0.08540493062165712,15,14
orn,2,49,0.001,-0.08042520475150684,210,74
orn,2,49,0.01,-0.08036988213064454,210,74
orn,2,49,0.1,-0.08038241199696933,210,74
orn,3,49,0.001,-0.08269677719237467,2940,251
orn,3,49,0.01,-0.08247209508282474,2940,251
orn,3,49,0.1,-0.08380813109452441,2940,251
orn,4,49,0.001,-0.1128348329864873,41160,554
orn,4,49,0.01,-0.1111709136862301,41160,554
orn,4,49,0.1,-0.11225695762595371,41160,554
orn,5,49,0.001,-0.21105790453828327,576240,930
orn,5,49,0.01,-0.20835861321473007,576240,930
orn,5,49,0.1,-0.21342223714086683,576240,930
orn,0,50,0.001,-2.172846496253373,1,1
orn,0,50,0.01,-2.172846506751088,1,1
orn,0,50,0.1,-2.1728466117764973,1,1
orn,1,50,0.001,-0.08517406690376642,15,14
orn,1,50,0.01,-0.08517550963521871,15,14
orn,1,50,0.1,-0.08518994566364232,15,14
orn,2,50,0.001,-0.08007854011416302,210,71
orn,2,50,0.01,-0.07999932823203233,210,71
orn,2,50,0.1,-0.08000002141697342,210,71
orn,3,50,0.001,-0.08507948543343971,2940,244
orn,3,50,0.01,-0.08402908772273851,2940,244
orn,3,50,0.1,-0.08368346236549741,2940,244
orn,4,50,0.001,-0.10757888291187578,41160,581
orn,4,50,0.01,-0.10601670753684268,41160,581
orn,4,50,0.1,-0.10664436927380429,41160,581
orn,5,50,0.001,-0.23359024476836643,576240,1013
orn,5,50,0.01,-0.22046766725831904,576240,1013
orn,5,50,0.1,-0.21588289707433775,576240,1013
pul,0,1,0.001,-2.2677001786754607,1,1
pul,0,1,0.01,-2.267700177693307,1,1
pul,0,1,0.1,-2.2677001678874897,1,1
pul,1,1,0.001,-0.06788554447618524,15,14
pul,1,1,0.01,-0.0678864871579425,15,14
pul,1,1,0.1,-0.06789592339629576,15,14
pul,2,1,0.001,-0.06444256776118559,210,71
pul,2,1,0.01,-0.06434694162243389,210,71
pul,2,1,0.1,-0.06429806368090585,210,71
pul,3,1,0.001,-0.06486705442588477,2940,266
pul,3,1,0.01,-0.06457186473520532,2940,266
pul,3,1,0.1,-0.06461542571189119,2940,266
pul,4,1,0.001,-0.08429191333614822,41160,667
pul,4,1,0.01,-0.08323549432716551,41160,667
pul,4,1,0.1,-0.08312283448709867,41160,667
pul,5,1,0.001,-0.13500666033993494,576240,1194
pul,5,1,0.01,-0.1328655322500221,576240,1194
pul,5,1,0.1,-0.13352886620721247,576240,1194
pul,0,2,0.001,-2.304587719016637,1,1
pul,0,2,0.01,-2.304587704449002,1,1
pul,0,2,0.1,-2.3045875587927505,1,1
pul,1,2,0.001,-0.07768224327925899,15,14
pul,1,2,0.01,-0.077674637191359,15,14
pul,1,2,0.1,-0.07767546330846693,15,14
pul,2,2,0.001,-0.07393661052972204,210,72
pul,2,2,0.01,-0.07382292333343475,210,72
pul,2,2,0.1,-0.07376317580096735,210,72
pul,3,2,0.001,-0.07769333341814115,2940,266
pul,3,2,0.01,-0.07729062355810615,2940,266
pul,3,2,0.1,-0.07724210708697431,2940,266
pul,4,2,0.001,-0.10211907224345435,41160,670
pul,4,2,0.01,-0.10067431975804303,41160,670
pul,4,2,0.1,-0.10084381144114515,41160,670
pul,5,2,0.001,-0.2158716423836219,576240,1192
pul,5,2,0.01,-0.213053660654085,576240,1192
pul,5,2,0.1,-0.21492504835462484,576240,1192
pul,0,3,0.001,-2.2259690497795637,1,1
pul,0,3,0.01,-2.2259690465583932,1,1
pul,0,3,0.1,-2.2259690143660995,1,1
pul,1,3,0.001,-0.08161966374276788,15,14
pul,1,3,0.01,-0.08162024014186188,15,14
pul,1,3,0.1,-0.0816261177648883,15,14
pul,2,3,0.001,-0.09500677210144948,210,71
pul,2,3,0.01,-0.08947127702547783,210,71
pul,2,3,0.1,-0.0856196424763763,210,71
pul,3,3,0.001,-0.09807071871961115,2940,261
pul,3,3,0.01,-0.09241343713294072,2940,261
pul,3,3,0.1,-0.08865447905750973,2940,261
pul,4,3,0.001,-0.11103423171689211,41160,643
pul,4,3,0.01,-0.10441502039824634,41160,643
pul,4,3,0.1,-0.10098147759878762,41160,643
pul,5,3,0.001,-0.18695317088806498,576240,1131
pul,5,3,0.01,-0.18239284936513595,576240,1131
pul,5,3,0.1,-0.1821827764334972,576240,1131
pul,0,4,0.001,-2.231886672214988,1,1
pul,0,4,0.01,-2.2318866704292137,1,1
pul,0,4,0.1,-2.2318866525900134,1,1
pul,1,4,0.001,-0.078449270426769,15,14
pul,1,4,0.01,-0.0784102430308177,15,14
pul,1,4,0.1,-0.0783778510795134,15,14
pul,2,4,0.001,-0.07552038091892184,210,74
pul,2,4,0.01,-0.07540730431167814,210,74
pul,2,4,0.1,-0.07535062316638484,210,74
pul,3,4,0.001,-0.07813106921324124,2940,272
pul,3,4,0.01,-0.0777766946212868,2940,272
pul,3,4,0.1,-0.0777209268575141,2940,272
pul,4,4,0.001,-0.09729925461660249,41160,671
pul,4,4,0.01,-0.09595924195650067,41160,671
pul,4,4,0.1,-0.09603084846023324,41160,671
pul,5,4,0.001,-0.21440445879186482,576240,1187
pul,5,4,0.01,-0.20958411847167602,576240,1187
pul,5,4,0.1,-0.2094670314439481,576240,1187
pul,0,5,0.001,-2.3385834260973883,1,1
pul,0,5,0.01,-2.3385834123134317,1,1
pul,0,5,0.1,-2.33858327449155,1,1
pul,1,5,0.001,-0.0769738099334246,15,14
pul,1,5,0.01,-0.07697482011339352,15,14
pul,1,5,0.1,-0.07698493802452867,15,14
pul,2,5,0.001,-0.0727211859399533,210,71
pul,2,5,0.01,-0.07268160160170666,210,71
pul,2,5,0.1,-0.07269047838472563,210,71
pul,3,5,0.001,-0.07331414571579269,2940,268
pul,3,5,0.01,-0.07291466631323186,2940,268
pul,3,5,0.1,-0.07286873621689285,2940,268
pul,4,5,0.001,-0.10676473293969596,41160,645
pul,4,5,0.01,-0.10545875453821602,41160,645
pul,4,5,0.1,-0.1056968834865186,41160,645
pul,5,5,0.001,-0.24034049081893183,576240,1153
pul,5,5,0.01,-0.23775968802908334,576240,1153
pul,5,5,0.1,-0.23949160474537326,576240,1153
pul,0,6,0.001,-2.2182304614467205,1,1
pul,0,6,0.01,-2.2182304600952825,1,1
pul,0,6,0.1,-2.2182304465994465,1,1
pul,1,6,0.001,-0.0753124461331954,15,14
pul,1,6,0.01,-0.0753132908286997,15,14
pul,1,6,0.1,-0.07532173930658757,15,14
pul,2,6,0.001,-0.0714239814276883,210,69
pul,2,6,0.01,-0.07139710614808688,210,69
pul,2,6,0.1,-0.0714150431414254,210,69
pul,3,6,0.001,-0.07144177309862487,2940,264
pul,3,6,0.01,-0.07101118961237264,2940,264
pul,3,6,0.1,-0.07097663678306554,2940,264
pul,4,6,0.001,-0.09612555690896786,41160,667
pul,4,6,0.01,-0.09451369233089567,41160,667
pul,4,6,0.1,-0.09534205167046374,41160,667
pul,5,6,0.001,-0.23852717079768399,576240,1197
pul,5,6,0.01,-0.23464737637489363,576240,1197
pul,5,6,0.1,-0.23634377045114452,576240,1197
pul,0,7,0.001,-2.2414218734011078,1,1
pul,0,7,0.01,-2.2414218787426554,1,1
pul,0,7,0.1,-2.241421932173416,1,1
pul,1,7,0.001,-0.06714048923731444,15,14
pul,1,7,0.01,-0.06714142471769623,15,14
pul,1,7,0.1,-0.06715078057334826,15,14
pul,2,7,0.001,-0.0636329009292479,210,69
pul,2,7,0.01,-0.06361825161053805,210,69
pul,2,7,0.1,-0.06364951108661811,210,69
pul,3,7,0.001,-0.0654792357039046,2940,255
pul,3,7,0.01,-0.06518782972095145,2940,255
pul,3,7,0.1,-0.06519826948143394,2940,255
pul,4,7,0.001,-0.08381435150668173,41160,648
pul,4,7,0.01,-0.08289076733944566,41160,648
pul,4,7,0.1,-0.08294287741179417,41160,648
pul,5,7,0.001,-0.1742486708900885,576240,1179
pul,5,7,0.01,-0.1720889747464679,576240,1179
pul,5,7,0.1,-0.17331628323238765,576240,1179
pul,0,8,0.001,-2.244087241406131,1,1
pul,0,8,0.01,-2.2440872425145595,1,1
pul,0,8,0.1,-2.2440872536153824,1,1
pul,1,8,0.001,-0.07058659271216162,15,14
pul,1,8,0.01,-0.07058751723491757,15,14
pul,1,8,0.1,-0.07059676382129179,15,14
pul,2,8,0.001,-0.06702432060196933,210,71
pul,2,8,0.01,-0.06699409302967788,210,71
pul,2,8,0.1,-0.06701156496987813,210,71
pul,3,8,0.001,-0.06807707643550999,2940,260
pul,3,8,0.01,-0.06777113014875039,2940,260
pul,3,8,0.1,-0.06771169863589845,2940,260
pul,4,8,0.001,-0.09310535957187353,41160,651
pul,4,8,0.01,-0.09198860259840576,41160,651
pul,4,8,0.1,-0.09252348597783874,41160,651
pul,5,8,0.001,-0.20257361074475558,576240,1189
pul,5,8,0.01,-0.20054422631097726,576240,1189
pul,5,8,0.1,-0.20410589812649993,576240,1189
pul,0,9,0.001,-2.240745210829907,1,1
pul,0,9,0.01,-2.2407452167423703,1,1
pul,0,9,0.1,-2.2407452758817694,1,1
pul,1,9,0.001,-0.06675594671527971,15,14
pul,1,9,0.01,-0.06675049155695731,15,14
pul,1,9,0.1,-0.0667532400749016,15,14
pul,2,9,0.001,-0.063166887818344,210,70
pul,2,9,0.01,-0.06313373678998668,210,70
pul,2,9,0.1,-0.06314611162883137,210,70
pul,3,9,0.001,-0.06371314648619572,2940,259
pul,3,9,0.01,-0.06341003979980615,2940,259
pul,3,9,0.1,-0.06335379464464874,2940,259
pul,4,9,0.001,-0.08595887163477932,41160,635
pul,4,9,0.01,-0.08504866825378643,41160,635
pul,4,9,0.1,-0.085622491353629,41160,635
pul,5,9,0.001,-0.16633176845457284,576240,1158
pul,5,9,0.01,-0.16398921184411816,576240,1158
pul,5,9,0.1,-0.16545291523792038,576240,1158
pul,0,10,0.001,-2.2489618352789904,1,1
pul,0,10,0.01,-2.2489618366055617,1,1
pul,0,10,0.1,-2.2489618498873463,1,1
pul,1,10,0.001,-0.06788648938207983,15,14
pul,1,10,0.01,-0.06788054232810589,15,14
pul,1,10,0.1,-0.0678831571785757,15,14
pul,2,10,0.001,-0.06442105070590555,210,71
pul,2,10,0.01,-0.06436437122259875,210,71
pul,2,10,0.1,-0.064356550461859,210,71
pul,3,10,0.001,-0.06659805031370426,2940,261
pul,3,10,0.01,-0.06625924064121236,2940,261
pul,3,10,0.1,-0.0662171184109944,2940,261
pul,4,10,0.001,-0.08853346399961892,41160,656
pul,4,10,0.01,-0.08748868341157635,41160,656
pul,4,10,0.1,-0.08753504604976653,41160,656
pul,5,10,0.001,-0.20677541927322768,576240,1156
pul,5,10,0.01,-0.20448882401780158,576240,1156
pul,5,10,0.1,-0.20513412191821537,576240,1156
pul,0,11,0.001,-2.3271516574966657,1,1
pul,0,11,0.01,-2.327151647599078,1,1
pul,0,11,0.1,-2.327151548640001,1,1
pul,1,11,0.001,-0.07559393219370704,15,14
pul,1,11,0.01,-0.07555918726931717,15,14
pul,1,11,0.1,-0.07553285733450937,15,14
pul,2,11,0.001,-0.07204390627362128,210,74
pul,2,11,0.01,-0.07195161558048496,210,74
pul,2,11,0.1,-0.07192784619384687,210,74
pul,3,11,0.001,-0.07653473934353283,2940,272
pul,3,11,0.01,-0.0760567427133176,2940,272
pul,3,11,0.1,-0.07592880338354116,2940,272
pul,4,11,0.001,-0.09138479733580634,41160,679
pul,4,11,0.01,-0.08991963191782965,41160,679
pul,4,11,0.1,-0.09029584412998881,41160,679
pul,5,11,0.001,-0.19745461255499674,576240,1211
pul,5,11,0.01,-0.19299835621152314,576240,1211
pul,5,11,0.1,-0.19263521487564816,576240,1211
pul,0,12,0.001,-2.276245717405667,1,1
pul,0,12,0.01,-2.276245708764817,1,1
pul,0,12,0.1,-2.2762456223747454,1,1
pul,1,12,0.001,-0.07329070617435593,15,14
pul,1,12,0.01,-0.0732837672571545,15,14
pul,1,12,0.1,-0.0732850518651255,15,14
pul,2,12,0.001,-0.06922873717709785,210,72
pul,2,12,0.01,-0.06918711619170022,210,72
pul,2,12,0.1,-0.06919519767494332,210,72
pul,3,12,0.001,-0.07190481327654433,2940,270
pul,3,12,0.01,-0.07139847554641837,2940,270
pul,3,12,0.1,-0.07123831668795445,2940,270
pul,4,12,0.001,-0.09196753155026136,41160,665
pul,4,12,0.01,-0.09037027918491759,41160,665
pul,4,12,0.1,-0.09032307627044618,41160,665
pul,5,12,0.001,-0.2198799550187642,576240,1189
pul,5,12,0.01,-0.21034393797531475,576240,1189
pul,5,12,0.1,-0.2062159683263053,576240,1189
pul,0,13,0.001,-2.286615415322969,1,1
pul,0,13,0.01,-2.2866154053800427,1,1
pul,0,13,0.1,-2.286615305970427,1,1
pul,1,13,0.001,-0.07658548608614255,15,14
pul,1,13,0.01,-0.07656963266423528,15,14
pul,1,13,0.1,-0.07656213178934945,15,14
pul,2,13,0.001,-0.07238915827908059,210,72
pul,2,13,0.01,-0.07235292216502517,210,72
pul,2,13,0.1,-0.07236851812011262,210,72
pul,3,13,0.001,-0.07542009068220454,2940,266
pul,3,13,0.01,-0.07491749536163504,2940,266
pul,3,13,0.1,-0.07479259581857488,2940,266
pul,4,13,0.001,-0.13361453866863268,41160,669
pul,4,13,0.01,-0.13183677471603736,41160,669
pul,4,13,0.1,-0.13150686713809506,41160,669
pul,5,13,0.001,-0.31903637820375086,576240,1191
pul,5,13,0.01,-0.31583227513157885,576240,1191
pul,5,13,0.1,-0.316552832306315,576240,1191
pul,0,14,0.001,-2.2246998532020954,1,1
pul,0,14,0.01,-2.224699854578555,1,1
pul,0,14,0.1,-2.2246998683606485,1,1
pul,1,14,0.001,-0.07482954482147845,15,14
pul,1,14,0.01,-0.07480032237001072,15,14
pul,1,14,0.1,-0.07477883493327167,15,14
pul,2,14,0.001,-0.07195890581840561,210,70
pul,2,14,0.01,-0.0719108670700651,210,70
pul,2,14,0.1,-0.07190462336912311,210,70
pul,3,14,0.001,-0.0738694912845354,2940,259
pul,3,14,0.01,-0.07349133943512548,2940,259
pul,3,14,0.1,-0.07335446369920468,2940,259
pul,4,14,0.001,-0.092057350570864,41160,627
pul,4,14,0.01,-0.09090306604768009,41160,627
pul,4,14,0.1,-0.09115676440481094,41160,627
pul,5,14,0.001,-0.1734992791978202,576240,1113
pul,5,14,0.01,-0.17111965028247883,576240,1113
pul,5,14,0.1,-0.17208358213844746,576240,1113
pul,0,15,0.001,-2.2572469424594748,1,1
pul,0,15,0.01,-2.257246942605982,1,1
pul,0,15,0.1,-2.2572469440868645,1,1
pul,1,15,0.001,-0.07516601157427637,15,14
pul,1,15,0.01,-0.07511948606323952,15,14
pul,1,15,0.1,-0.07508088659805123,15,14
pul,2,15,0.001,-0.07289288723611029,210,73
pul,2,15,0.01,-0.07283068464566009,210,73
pul,2,15,0.1,-0.07281840817625646,210,73
pul,3,15,0.001,-0.07420249627380725,2940,267
pul,3,15,0.01,-0.07381920199939035,2940,267
pul,3,15,0.1,-0.07378593323190821,2940,267
pul,4,15,0.001,-0.08941407580931053,41160,672
pul,4,15,0.01,-0.08825319696732327,41160,672
pul,4,15,0.1,-0.08820139352106074,41160,672
pul,5,15,0.001,-0.1932202597364582,576240,1254
pul,5,15,0.01,-0.1906393689523989,576240,1254
pul,5,15,0.1,-0.1911062753328568,576240,1254
pul,0,16,0.001,-2.2658207991425545,1,1
pul,0,16,0.01,-2.2658208022750794,1,1
pul,0,16,0.1,-2.265820833615723,1,1
pul,1,16,0.001,-0.06158123132949299,15,14
pul,1,16,0.01,-0.06158221338564134,15,14
pul,1,16,0.1,-0.06159203424491967,15,14
pul,2,16,0.001,-0.05783583638256533,210,68
pul,2,16,0.01,-0.05782726914808827,210,68
pul,2,16,0.1,-0.05786090009861632,210,68
pul,3,16,0.001,-0.05778323783987815,2940,257
pul,3,16,0.01,-0.0575011744020141,2940,257
pul,3,16,0.1,-0.05746901661875563,2940,257
pul,4,16,0.001,-0.07481569326460981,41160,629
pul,4,16,0.01,-0.0738875984270064,41160,629
pul,4,16,0.1,-0.0740803013300748,41160,629
pul,5,16,0.001,-0.1761563303883318,576240,1134
pul,5,16,0.01,-0.17411001939586954,576240,1134
pul,5,16,0.1,-0.17572466012487403,576240,1134
pul,0,17,0.001,-2.2109481273905893,1,1
pul,0,17,0.01,-2.21094812925481,1,1
pul,0,17,0.1,-2.210948147914529,1,1
pul,1,17,0.001,-0.06614070871752678,15,14
pul,1,17,0.01,-0.06613403919945475,15,14
pul,1,17,0.1,-0.06613506129514321,15,14
pul,2,17,0.001,-0.06228803770374748,210,72
pul,2,17,0.01,-0.06222546589855964,210,72
pul,2,17,0.1,-0.06220947449047761,210,72
pul,3,17,0.001,-0.06494138361123379,2940,264
pul,3,17,0.01,-0.0645948774727297,2940,264
pul,3,17,0.1,-0.0645479776219267,2940,264
pul,4,17,0.001,-0.08932789592170141,41160,640
pul,4,17,0.01,-0.08811380865930055,41160,640
pul,4,17,0.1,-0.08789145983065312,41160,640
pul,5,17,0.001,-0.1734423803147257,576240,1134
pul,5,17,0.01,-0.1710549525481202,576240,1134
pul,5,17,0.1,-0.17206142751417577,576240,1134
pul,0,18,0.001,-2.2909164870857164,1,1
pul,0,18,0.01,-2.2909164871051417,1,1
pul,0,18,0.1,-2.2909164873145422,1,1
pul,1,18,0.001,-0.06383581474798537,15,14
pul,1,18,0.01,-0.06383686405791632,15,14
pul,1,18,0.1,-0.06384735774421348,15,14
pul,2,18,0.001,-0.06025697976253145,210,69
pul,2,18,0.01,-0.06021633050954419,210,69
pul,2,18,0.1,-0.06021898201719995,210,69
pul,3,18,0.001,-0.061110146203808446,2940,253
pul,3,18,0.01,-0.060880261869794956,2940,253
pul,3,18,0.1,-0.060857850038404625,2940,253
pul,4,18,0.001,-0.07580313756138272,41160,615
pul,4,18,0.01,-0.07511822442726238,41160,615
pul,4,18,0.1,-0.07529258229999475,41160,615
pul,5,18,0.001,-0.16676132105294436,576240,1077
pul,5,18,0.01,-0.16458730640625396,576240,1077
pul,5,18,0.1,-0.16578229340616749,576240,1077
pul,0,19,0.001,-2.2293299587071305,1,1
pul,0,19,0.01,-2.2293299621481526,1,1
pul,0,19,0.1,-2.2293299965748443,1,1
pul,1,19,0.001,-0.06827314700341436,15,14
pul,1,19,0.01,-0.06826692948838264,15,14
pul,1,19,0.1,-0.06826855537953516,15,14
pul,2,19,0.001,-0.0647799373670923,210,71
pul,2,19,0.01,-0.06469295982675118,210,71
pul,2,19,0.1,-0.0646530281456541,210,71
pul,3,19,0.001,-0.06716370009631574,2940,264
pul,3,19,0.01,-0.06680710897162544,2940,264
pul,3,19,0.1,-0.06678877401094176,2940,264
pul,4,19,0.001,-0.08860960202302531,41160,645
pul,4,19,0.01,-0.0875853955721531,41160,645
pul,4,19,0.1,-0.08774098291493306,41160,645
pul,5,19,0.001,-0.16799334741245134,576240,1132
pul,5,19,0.01,-0.1658426910610876,576240,1132
pul,5,19,0.1,-0.16753803973000325,576240,1132
pul,0,20,0.001,-2.382592542773815,1,1
pul,0,20,0.01,-2.3825925209076972,1,1
pul,0,20,0.1,-2.382592302264598,1,1
pul,1,20,0.001,-0.0833684329883012,15,14
pul,1,20,0.01,-0.0833694190994693,15,14
pul,1,20,0.1,-0.08337928677470266,15,14
pul,2,20,0.001,-0.07908511989509501,210,70
pul,2,20,0.01,-0.0789778791464339,210,70
pul,2,20,0.1,-0.07893135551362893,210,70
pul,3,20,0.001,-0.08355717520533369,2940,272
pul,3,20,0.01,-0.08295150869500248,2940,272
pul,3,20,0.1,-0.08280518663836837,2940,272
pul,4,20,0.001,-0.11866023869553653,41160,689
pul,4,20,0.01,-0.11712037890326876,41160,689
pul,4,20,0.1,-0.11748341618075472,41160,689
pul,5,20,0.001,-0.2079199526588301,576240,1256
pul,5,20,0.01,-0.20495461542742763,576240,1256
pul,5,20,0.1,-0.2062995975567666,576240,1256
pul,0,21,0.001,-2.237796269309582,1,1
pul,0,21,0.01,-2.237796274815199,1,1
pul,0,21,0.1,-2.237796329886606,1,1
pul,1,21,0.001,-0.06596470454919313,15,14
pul,1,21,0.01,-0.06596563870571845,15,14
pul,1,21,0.1,-0.06597498090900836,15,14
pul,2,21,0.001,-0.06248965903916781,210,69
pul,2,21,0.01,-0.06246785778622165,210,69
pul,2,21,0.1,-0.062486288898288625,210,69
pul,3,21,0.001,-0.062243394071267985,2940,253
pul,3,21,0.01,-0.061985321509026414,2940,253
pul,3,21,0.1,-0.06193786538547892,2940,253
pul,4,21,0.001,-0.07791794898439791,41160,643
pul,4,21,0.01,-0.0769420064394435,41160,643
pul,4,21,0.1,-0.07768047500385376,41160,643
pul,5,21,0.001,-0.1500421538591375,576240,1150
pul,5,21,0.01,-0.1477141411150923,576240,1150
pul,5,21,0.1,-0.14953726966716407,576240,1150
pul,0,22,0.001,-2.2809058582184343,1,1
pul,0,22,0.01,-2.2809058607214077,1,1
pul,0,22,0.1,-2.2809058857643376,1,1
pul,1,22,0.001,-0.06706733167292891,15,14
pul,1,22,0.01,-0.06706836490549002,15,14
pul,1,22,0.1,-0.06707870052726772,15,14
pul,2,22,0.001,-0.06364452939302506,210,71
pul,2,22,0.01,-0.0635932048834366,210,71
pul,2,22,0.1,-0.06358725257391849,210,71
pul,3,22,0.001,-0.06500478415444759,2940,266
pul,3,22,0.01,-0.06473523921785114,2940,266
pul,3,22,0.1,-0.06471747279555505,2940,266
pul,4,22,0.001,-0.09259180028814688,41160,679
pul,4,22,0.01,-0.09157435260418144,41160,679
pul,4,22,0.1,-0.0919280412962343,41160,679
pul,5,22,0.001,-0.20049637755615707,576240,1242
pul,5,22,0.01,-0.19771623685905848,576240,1242
pul,5,22,0.1,-0.19869333546739526,576240,1242
pul,0,23,0.001,-2.20032750493728,1,1
pul,0,23,0.01,-2.2003275020525446,1,1
pul,0,23,0.1,-2.2003274732251046,1,1
pul,1,23,0.001,-0.07368330176921709,15,14
pul,1,23,0.01,-0.07368412622229208,15,14
pul,1,23,0.1,-0.07369237626456517,15,14
pul,2,23,0.001,-0.06980314181544013,210,70
pul,2,23,0.01,-0.06977433303771623,210,70
pul,2,23,0.1,-0.06979399629943214,210,70
pul,3,23,0.001,-0.07021024786094,2940,257
pul,3,23,0.01,-0.0697387117868386,2940,257
pul,3,23,0.1,-0.06981651921700355,2940,257
pul,4,23,0.001,-0.10483277771780194,41160,653
pul,4,23,0.01,-0.1031557422761641,41160,653
pul,4,23,0.1,-0.10341144379434544,41160,653
pul,5,23,0.001,-0.22246766681214467,576240,1175
pul,5,23,0.01,-0.2164250056578252,576240,1175
pul,5,23,0.1,-0.2159261621030333,576240,1175
pul,0,24,0.001,-2.260191222784571,1,1
pul,0,24,0.01,-2.260191220454301,1,1
pul,0,24,0.1,-2.260191197168534,1,1
pul,1,24,0.001,-0.06793358563464824,15,14
pul,1,24,0.01,-0.06793451652974102,15,14
pul,1,24,0.1,-0.06794383043853718,15,14
pul,2,24,0.001,-0.06424743102267862,210,71
pul,2,24,0.01,-0.06421682198639718,210,71
pul,2,24,0.1,-0.06423721887858129,210,71
pul,3,24,0.001,-0.06474338555292368,2940,265
pul,3,24,0.01,-0.06437134177788538,2940,265
pul,3,24,0.1,-0.06438460127203793,2940,265
pul,4,24,0.001,-0.08798096485365274,41160,645
pul,4,24,0.01,-0.0866710066473372,41160,645
pul,4,24,0.1,-0.086724159011985,41160,645
pul,5,24,0.001,-0.2211204541693194,576240,1149
pul,5,24,0.01,-0.21868690566913676,576240,1149
pul,5,24,0.1,-0.21950343060551414,576240,1149
pul,0,25,0.001,-2.2047422965105445,1,1
pul,0,25,0.01,-2.2047423024673556,1,1
pul,0,25,0.1,-2.2047423620517126,1,1
pul,1,25,0.001,-0.06640970310948628,15,14
pul,1,25,0.01,-0.06641056704655104,15,14
pul,1,25,0.1,-0.06641922081118815,15,14
pul,2,25,0.001,-0.06300683156368389,210,72
pul,2,25,0.01,-0.06299094718382148,210,72
pul,2,25,0.1,-0.06302134006822749,210,72
pul,3,25,0.001,-0.06316925187665795,2940,262
pul,3,25,0.01,-0.06277375875397449,2940,262
pul,3,25,0.1,-0.06275287273697171,2940,262
pul,4,25,0.001,-0.0968519729942832,41160,642
pul,4,25,0.01,-0.09582903068943044,41160,642
pul,4,25,0.1,-0.09598366277517954,41160,642
pul,5,25,0.001,-0.1877384850118402,576240,1152
pul,5,25,0.01,-0.18575892174831615,576240,1152
pul,5,25,0.1,-0.1879587547317492,576240,1152
pul,0,26,0.001,-2.270797066751196,1,1
pul,0,26,0.01,-2.2707970571846436,1,1
pul,0,26,0.1,-2.2707969615389287,1,1
pul,1,26,0.001,-0.0799191067550759,15,14
pul,1,26,0.01,-0.07986078609253344,15,14
pul,1,26,0.1,-0.07981042843992385,15,14
pul,2,26,0.001,-0.07744652807852702,210,74
pul,2,26,0.01,-0.07729070178792144,210,74
pul,2,26,0.1,-0.0771797020968735,210,74
pul,3,26,0.001,-0.08424722827184286,2940,270
pul,3,26,0.01,-0.08382464085870539,2940,270
pul,3,26,0.1,-0.08362940491586923,2940,270
pul,4,26,0.001,-0.1211354651118071,41160,667
pul,4,26,0.01,-0.11988607113802663,41160,667
pul,4,26,0.1,-0.12019266346394422,41160,667
pul,5,26,0.001,-0.267072892002692,576240,1175
pul,5,26,0.01,-0.26420480983307487,576240,1175
pul,5,26,0.1,-0.2650253031357741,576240,1175
pul,0,27,0.001,-2.2966980156824675,1,1
pul,0,27,0.01,-2.296698011772808,1,1
pul,0,27,0.1,-2.296697972692252,1,1
pul,1,27,0.001,-0.07126076197193727,15,14
pul,1,27,0.01,-0.07125483044003,15,14
pul,1,27,0.1,-0.07125714931378697,15,14
pul,2,27,0.001,-0.06748514664741924,210,72
pul,2,27,0.01,-0.06743656514535207,210,72
pul,2,27,0.1,-0.06744400987790229,210,72
pul,3,27,0.001,-0.06796782267635469,2940,276
pul,3,27,0.01,-0.06747727526735575,2940,276
pul,3,27,0.1,-0.06739486468586467,2940,276
pul,4,27,0.001,-0.10276308031785449,41160,692
pul,4,27,0.01,-0.10126521387217248,41160,692
pul,4,27,0.1,-0.10106383970917432,41160,692
pul,5,27,0.001,-0.25520363993044587,576240,1253
pul,5,27,0.01,-0.25254483673193323,576240,1253
pul,5,27,0.1,-0.25279798402335435,576240,1253
pul,0,28,0.001,-2.2769327962679884,1,1
pul,0,28,0.01,-2.2769327847790404,1,1
pul,0,28,0.1,-2.276932669909872,1,1
pul,1,28,0.001,-0.08412537885954682,15,14
pul,1,28,0.01,-0.08411759752177697,15,14
pul,1,28,0.1,-0.08411776894864376,15,14
pul,2,28,0.001,-0.07999487927872524,210,70
pul,2,28,0.01,-0.07990502019841984,210,70
pul,2,28,0.1,-0.07986457169988737,210,70
pul,3,28,0.001,-0.08416647283985595,2940,255
pul,3,28,0.01,-0.08382251140062039,2940,255
pul,3,28,0.1,-0.08379269311926271,2940,255
pul,4,28,0.001,-0.09492120188281955,41160,630
pul,4,28,0.01,-0.09369559666742681,41160,630
pul,4,28,0.1,-0.09382425245666126,41160,630
pul,5,28,0.001,-0.22366984869179646,576240,1153
pul,5,28,0.01,-0.2206256304571211,576240,1153
pul,5,28,0.1,-0.2227005669599753,576240,1153
pul,0,29,0.001,-2.234968516195741,1,1
pul,0,29,0.01,-2.2349685203431187,1,1
pul,0,29,0.1,-2.234968561833008,1,1
pul,1,29,0.001,-0.06169895296593965,15,14
pul,1,29,0.01,-0.06169988974356062,15,14
pul,1,29,0.1,-0.061709259155810256,15,14
pul,2,29,0.001,-0.05844253100238111,210,69
pul,2,29,0.01,-0.05842702501493669,210,69
pul,2,29,0.1,-0.0584593745737601,210,69
pul,3,29,0.001,-0.05856720058441707,2940,254
pul,3,29,0.01,-0.05828473399617073,2940,254
pul,3,29,0.1,-0.058260286046434615,2940,254
pul,4,29,0.001,-0.08070647200393474,41160,631
pul,4,29,0.01,-0.07969279735740606,41160,631
pul,4,29,0.1,-0.07967817220835662,41160,631
pul,5,29,0.001,-0.16230756641120925,576240,1130
pul,5,29,0.01,-0.16018923922921519,576240,1130
pul,5,29,0.1,-0.16134324601523084,576240,1130
pul,0,30,0.001,-2.214223139624699,1,1
pul,0,30,0.01,-2.2142231402080896,1,1
pul,0,30,0.1,-2.2142231460594086,1,1
pul,1,30,0.001,-0.07446908534119592,15,14
pul,1,30,0.01,-0.07446989898550024,15,14
pul,1,30,0.1,-0.07447805515308321,15,14
pul,2,30,0.001,-0.07065652688069604,210,72
pul,2,30,0.01,-0.0706246881304215,210,72
pul,2,30,0.1,-0.07064247461783689,210,72
pul,3,30,0.001,-0.07084709166755827,2940,265
pul,3,30,0.01,-0.07046352641271328,2940,265
pul,3,30,0.1,-0.07041971658012029,2940,265
pul,4,30,0.001,-0.08227117191045663,41160,662
pul,4,30,0.01,-0.08094673584003728,41160,662
pul,4,30,0.1,-0.0809056787365059,41160,662
pul,5,30,0.001,-0.17020029144212642,576240,1181
pul,5,30,0.01,-0.1672431196678544,576240,1181
pul,5,30,0.1,-0.16891305073875787,576240,1181
pul,0,31,0.001,-2.1869968429521895,1,1
pul,0,31,0.01,-2.1869968603566896,1,1
pul,0,31,0.1,-2.1869970344145666,1,1
pul,1,31,0.001,-0.062126107192170356,15,14
pul,1,31,0.01,-0.062127037182723346,15,14
pul,1,31,0.1,-0.06213633790002885,15,14
pul,2,31,0.001,-0.059290382172779404,210,70
pul,2,31,0.01,-0.05927242046480045,210,70
pul,2,31,0.1,-0.05929488629945961,210,70
pul,3,31,0.001,-0.06071108412547138,2940,261
pul,3,31,0.01,-0.06044317740156516,2940,261
pul,3,31,0.1,-0.06047204016354302,2940,261
pul,4,31,0.001,-0.07864509668972597,41160,657
pul,4,31,0.01,-0.0777539835859256,41160,657
pul,4,31,0.1,-0.07804667111500616,41160,657
pul,5,31,0.001,-0.1888978540993953,576240,1151
pul,5,31,0.01,-0.187082149537966,576240,1151
pul,5,31,0.1,-0.1899551281666895,576240,1151
pul,0,32,0.001,-2.229282739102443,1,1
pul,0,32,0.01,-2.2292827396244173,1,1
pul,0,32,0.1,-2.229282744861673,1,1
pul,1,32,0.001,-0.06968464528512029,15,14
pul,1,32,0.01,-0.06967797176331243,15,14
pul,1,32,0.1,-0.06967894337503254,15,14
pul,2,32,0.001,-0.06626320202438704,210,73
pul,2,32,0.01,-0.06614875826789307,210,73
pul,2,32,0.1,-0.06608799472155363,210,73
pul,3,32,0.001,-0.07010151478100843,2940,265
pul,3,32,0.01,-0.06977741241198342,2940,265
pul,3,32,0.1,-0.06983264109032526,2940,265
pul,4,32,0.001,-0.08775959475379978,41160,642
pul,4,32,0.01,-0.08675394411476448,41160,642
pul,4,32,0.1,-0.08754550364644904,41160,642
pul,5,32,0.001,-0.2005212345116798,576240,1134
pul,5,32,0.01,-0.19822536851341208,576240,1134
pul,5,32,0.1,-0.2007537598601186,576240,1134
pul,0,33,0.001,-2.2294696794907263,1,1
pul,0,33,0.01,-2.2294696796854665,1,1
pul,0,33,0.1,-2.2294696816500026,1,1
pul,1,33,0.001,-0.07400208531043768,15,14
pul,1,33,0.01,-0.07397360456648287,15,14
pul,1,33,0.1,-0.07395322067619221,15,14
pul,2,33,0.001,-0.0707226418825854,210,71
pul,2,33,0.01,-0.0706766684894617,210,71
pul,2,33,0.1,-0.07067985334915883,210,71
pul,3,33,0.001,-0.07063754965040155,2940,254
pul,3,33,0.01,-0.07027518545886303,2940,254
pul,3,33,0.1,-0.07014964060418477,2940,254
pul,4,33,0.001,-0.09399094093728864,41160,624
pul,4,33,0.01,-0.09301461742117863,41160,624
pul,4,33,0.1,-0.09364109445854535,41160,624
pul,5,33,0.001,-0.20648212394553478,576240,1106
pul,5,33,0.01,-0.20454627269491402,576240,1106
pul,5,33,0.1,-0.20617127543351346,576240,1106
pul,0,34,0.001,-2.2411809827667026,1,1
pul,0,34,0.01,-2.2411809826677582,1,1
pul,0,34,0.1,-2.2411809816954467,1,1
pul,1,34,0.001,-0.07342072118699489,15,14
pul,1,34,0.01,-0.0734142400045179,15,14
pul,1,34,0.1,-0.0734155949718411,15,14
pul,2,34,0.001,-0.07000597549664293,210,71
pul,2,34,0.01,-0.06993019455957587,210,71
pul,2,34,0.1,-0.0699005688218768,210,71
pul,3,34,0.001,-0.07705197765658096,2940,262
pul,3,34,0.01,-0.07673498050438701,2940,262
pul,3,34,0.1,-0.0767228337759839,2940,262
pul,4,34,0.001,-0.09936389638971685,41160,639
pul,4,34,0.01,-0.09830019153964856,41160,639
pul,4,34,0.1,-0.09859151018245092,41160,639
pul,5,34,0.001,-0.17763516950164346,576240,1120
pul,5,34,0.01,-0.1753994846913741,576240,1120
pul,5,34,0.1,-0.17664515729034289,576240,1120
pul,0,35,0.001,-2.2086558775749925,1,1
pul,0,35,0.01,-2.208655893729534,1,1
pul,0,35,0.1,-2.2086560552876024,1,1
pul,1,35,0.001,-0.06289269329910731,15,14
pul,1,35,0.01,-0.06287148363767359,15,14
pul,1,35,0.1,-0.06285773745308156,15,14
pul,2,35,0.001,-0.06048264057780415,210,72
pul,2,35,0.01,-0.060377626905432705,210,72
pul,2,35,0.1,-0.060319547919184,210,72
pul,3,35,0.001,-0.060868490185142565,2940,272
pul,3,35,0.01,-0.06064636236702471,2940,272
pul,3,35,0.1,-0.06082781196000245,2940,272
pul,4,35,0.001,-0.07401388203648024,41160,672
pul,4,35,0.01,-0.07315160513148652,41160,672
pul,4,35,0.1,-0.07370073051902289,41160,672
pul,5,35,0.001,-0.1607519885069137,576240,1202
pul,5,35,0.01,-0.15903778819677866,576240,1202
pul,5,35,0.1,-0.16121818768885834,576240,1202
pul,0,36,0.001,-2.281371488799276,1,1
pul,0,36,0.01,-2.2813714848917788,1,1
pul,0,36,0.1,-2.281371445834005,1,1
pul,1,36,0.001,-0.07398238872757741,15,14
pul,1,36,0.01,-0.0739391311838965,15,14
pul,1,36,0.1,-0.07390400860830694,15,14
pul,2,36,0.001,-0.07111437666832716,210,75
pul,2,36,0.01,-0.07104668539335754,210,75
pul,2,36,0.1,-0.07103244482833976,210,75
pul,3,36,0.001,-0.07166294584606821,2940,272
pul,3,36,0.01,-0.07127700707529895,2940,272
pul,3,36,0.1,-0.07124592930682436,2940,272
pul,4,36,0.001,-0.09468101762600599,41160,686
pul,4,36,0.01,-0.09340381605441492,41160,686
pul,4,36,0.1,-0.09361224264602183,41160,686
pul,5,36,0.001,-0.20279168441130033,576240,1219
pul,5,36,0.01,-0.1956124356137141,576240,1219
pul,5,36,0.1,-0.19367736022189835,576240,1219
pul,0,37,0.001,-2.260523754208615,1,1
pul,0,37,0.01,-2.2605237470196364,1,1
pul,0,37,0.1,-2.260523675149044,1,1
pul,1,37,0.001,-0.07494785287042699,15,14
pul,1,37,0.01,-0.07494876617956309,15,14
pul,1,37,0.1,-0.07495790174819783,15,14
pul,2,37,0.001,-0.07099150116787784,210,70
pul,2,37,0.01,-0.07093138956704804,210,70
pul,2,37,0.1,-0.07092106063356146,210,70
pul,3,37,0.001,-0.07689849855340639,2940,260
pul,3,37,0.01,-0.07651546879961338,2940,260
pul,3,37,0.1,-0.07650795121356414,2940,260
pul,4,37,0.001,-0.11725628461926825,41160,667
pul,4,37,0.01,-0.11617302831747306,41160,667
pul,4,37,0.1,-0.11709053409767463,41160,667
pul,5,37,0.001,-0.24107926693474327,576240,1180
pul,5,37,0.01,-0.23613705745713917,576240,1180
pul,5,37,0.1,-0.23635136597263234,576240,1180
pul,0,38,0.001,-2.288901431341548,1,1
pul,0,38,0.01,-2.28890142215146,1,1
pul,0,38,0.1,-2.288901330268867,1,1
pul,1,38,0.001,-0.0774886483404841,15,14
pul,1,38,0.01,-0.0774817728760215,15,14
pul,1,38,0.1,-0.07748312473897621,15,14
pul,2,38,0.001,-0.07322395411656575,210,72
pul,2,38,0.01,-0.07315982064537574,210,72
pul,2,38,0.1,-0.07314965831771218,210,72
pul,3,38,0.001,-0.07395549440349651,2940,264
pul,3,38,0.01,-0.07360379584308463,2940,264
pul,3,38,0.1,-0.07358569008187144,2940,264
pul,4,38,0.001,-0.10357449740802913,41160,682
pul,4,38,0.01,-0.10177200586377183,41160,682
pul,4,38,0.1,-0.10168438823774348,41160,682
pul,5,38,0.001,-0.25672009037459864,576240,1257
pul,5,38,0.01,-0.2525294957790728,576240,1257
pul,5,38,0.1,-0.2536125266917073,576240,1257
pul,0,39,0.001,-2.2646815705216916,1,1
pul,0,39,0.01,-2.2646815677117,1,1
pul,0,39,0.1,-2.2646815396293456,1,1
pul,1,39,0.001,-0.06892556741884437,15,14
pul,1,39,0.01,-0.06888883695598969,15,14
pul,1,39,0.1,-0.06886026015028221,15,14
pul,2,39,0.001,-0.06598033606765702,210,72
pul,2,39,0.01,-0.06591109219924897,210,72
pul,2,39,0.1,-0.06589649969066061,210,72
pul,3,39,0.001,-0.0666613739082602,2940,264
pul,3,39,0.01,-0.06632054184899158,2940,264
pul,3,39,0.1,-0.0662865822027338,2940,264
pul,4,39,0.001,-0.09853726745373677,41160,646
pul,4,39,0.01,-0.09734461450488979,41160,646
pul,4,39,0.1,-0.0975070348537898,41160,646
pul,5,39,0.001,-0.21750596862339328,576240,1144
pul,5,39,0.01,-0.21254752641119848,576240,1144
pul,5,39,0.1,-0.21205597833407072,576240,1144
pul,0,40,0.001,-2.2383898262499615,1,1
pul,0,40,0.01,-2.238389822141632,1,1
pul,0,40,0.1,-2.2383897810770916,1,1
pul,1,40,0.001,-0.07473382523247832,15,14
pul,1,40,0.01,-0.07472667153952839,15,14
pul,1,40,0.1,-0.07472742561451629,15,14
pul,2,40,0.001,-0.07102691916457732,210,72
pul,2,40,0.01,-0.07096844043009874,210,72
pul,2,40,0.1,-0.07096227782186515,210,72
pul,3,40,0.001,-0.07194964091259896,2940,265
pul,3,40,0.01,-0.07168911500789242,2940,265
pul,3,40,0.1,-0.07173496947445955,2940,265
pul,4,40,0.001,-0.09801610207308152,41160,639
pul,4,40,0.01,-0.09676476878950055,41160,639
pul,4,40,0.1,-0.09661117925826684,41160,639
pul,5,40,0.001,-0.21292229708019544,576240,1150
pul,5,40,0.01,-0.2101782772416033,576240,1150
pul,5,40,0.1,-0.21086768908613604,576240,1150
pul,0,41,0.001,-2.2004847645274195,1,1
pul,0,41,0.01,-2.200484773434361,1,1
pul,0,41,0.1,-2.2004848625191675,1,1
pul,1,41,0.001,-0.06743554271253517,15,14
pul,1,41,0.01,-0.0674364381630786,15,14
pul,1,41,0.1,-0.06744539429359035,15,14
pul,2,41,0.001,-0.06437916636705258,210,70
pul,2,41,0.01,-0.06436371951591198,210,70
pul,2,41,0.1,-0.06438888742707016,210,70
pul,3,41,0.001,-0.06450908947588035,2940,265
pul,3,41,0.01,-0.06421673715595182,2940,265
pul,3,41,0.1,-0.06415498235169008,2940,265
pul,4,41,0.001,-0.08295641133005993,41160,648
pul,4,41,0.01,-0.08208737707662717,41160,648
pul,4,41,0.1,-0.08263216290512561,41160,648
pul,5,41,0.001,-0.19975833860172468,576240,1115
pul,5,41,0.01,-0.19715196534973614,576240,1115
pul,5,41,0.1,-0.19808170077125847,576240,1115
pul,0,42,0.001,-2.2346939538157926,1,1
pul,0,42,0.01,-2.2346939437535216,1,1
pul,0,42,0.1,-2.234693843152769,1,1
pul,1,42,0.001,-0.07919244897304605,15,14
pul,1,42,0.01,-0.07918382653436487,15,14
pul,1,42,0.1,-0.07918212696861152,15,14
pul,2,42,0.001,-0.0747883964460007,210,72
pul,2,42,0.01,-0.07472909961361769,210,72
pul,2,42,0.1,-0.07472833924128139,210,72
pul,3,42,0.001,-0.07611876570482913,2940,271
pul,3,42,0.01,-0.0755993896494885,2940,271
pul,3,42,0.1,-0.07574903391279632,2940,271
pul,4,42,0.001,-0.1048853517367115,41160,682
pul,4,42,0.01,-0.10312885388804206,41160,682
pul,4,42,0.1,-0.10346520112921742,41160,682
pul,5,42,0.001,-0.26107867547759733,576240,1200
pul,5,42,0.01,-0.2579828287028493,576240,1200
pul,5,42,0.1,-0.2628578140550773,576240,1200
pul,0,43,0.001,-2.203118214929221,1,1
pul,0,43,0.01,-2.2031182192306953,1,1
pul,0,43,0.1,-2.203118262262427,1,1
pul,1,43,0.001,-0.06887819806184191,15,14
pul,1,43,0.01,-0.06887175593936205,15,14
pul,1,43,0.1,-0.06887311636311103,15,14
pul,2,43,0.001,-0.06528748022622217,210,71
pul,2,43,0.01,-0.065255873490753,210,71
pul,2,43,0.1,-0.06526884922940653,210,71
pul,3,43,0.001,-0.06544381430080594,2940,260
pul,3,43,0.01,-0.06516487670067622,2940,260
pul,3,43,0.1,-0.0651334019666031,2940,260
pul,4,43,0.001,-0.09479797236564005,41160,653
pul,4,43,0.01,-0.09356367734507504,41160,653
pul,4,43,0.1,-0.0939977214829673,41160,653
pul,5,43,0.001,-0.205417807133418,576240,1180
pul,5,43,0.01,-0.2024449246893352,576240,1180
pul,5,43,0.1,-0.2032866573648287,576240,1180
pul,0,44,0.001,-2.295464569094158,1,1
pul,0,44,0.01,-2.295464563848693,1,1
pul,0,44,0.1,-2.295464511410598,1,1
pul,1,44,0.001,-0.06819859066085524,15,14
pul,1,44,0.01,-0.06819249570502674,15,14
pul,1,44,0.1,-0.06819512557933652,15,14
pul,2,44,0.001,-0.06459014407225298,210,71
pul,2,44,0.01,-0.06453934526971279,210,71
pul,2,44,0.1,-0.06454024714167565,210,71
pul,3,44,0.001,-0.06521846248212305,2940,268
pul,3,44,0.01,-0.06477963746912452,2940,268
pul,3,44,0.1,-0.06469592452969712,2940,268
pul,4,44,0.001,-0.0997268106544361,41160,685
pul,4,44,0.01,-0.09826591435120553,41160,685
pul,4,44,0.1,-0.09823894122932506,41160,685
pul,5,44,0.001,-0.21484115885823696,576240,1242
pul,5,44,0.01,-0.21057307009041237,576240,1242
pul,5,44,0.1,-0.21097931291025407,576240,1242
pul,0,45,0.001,-2.313784741046719,1,1
pul,0,45,0.01,-2.3137847305340618,1,1
pul,0,45,0.1,-2.3137846254254315,1,1
pul,1,45,0.001,-0.07622675793702414,15,14
pul,1,45,0.01,-0.07619715160314167,15,14
pul,1,45,0.1,-0.07617611956672875,15,14
pul,2,45,0.001,-0.07270045322138781,210,73
pul,2,45,0.01,-0.07263745407866858,210,73
pul,2,45,0.1,-0.07262651354706426,210,73
pul,3,45,0.001,-0.07703156091109972,2940,270
pul,3,45,0.01,-0.07659674661746181,2940,270
pul,3,45,0.1,-0.07643141507586007,2940,270
pul,4,45,0.001,-0.09811334674231942,41160,659
pul,4,45,0.01,-0.09692251256116262,41160,659
pul,4,45,0.1,-0.09671354579678605,41160,659
pul,5,45,0.001,-0.20203186818862334,576240,1154
pul,5,45,0.01,-0.19943757941202628,576240,1154
pul,5,45,0.1,-0.2004947614881679,576240,1154
pul,0,46,0.001,-2.2405401545650987,1,1
pul,0,46,0.01,-2.240540152505961,1,1
pul,0,46,0.1,-2.2405401319324985,1,1
pul,1,46,0.001,-0.07734709641046533,15,14
pul,1,46,0.01,-0.07731721888671814,15,14
pul,1,46,0.1,-0.07729484079089119,15,14
pul,2,46,0.001,-0.07425131393226134,210,72
pul,2,46,0.01,-0.0741644560255516,210,72
pul,2,46,0.1,-0.0741255143507001,210,72
pul,3,46,0.001,-0.0773293311794645,2940,270
pul,3,46,0.01,-0.07695033565932106,2940,270
pul,3,46,0.1,-0.0769964147388343,2940,270
pul,4,46,0.001,-0.11343319859505159,41160,671
pul,4,46,0.01,-0.11211357532356266,41160,671
pul,4,46,0.1,-0.1127456301268519,41160,671
pul,5,46,0.001,-0.2384202091609202,576240,1204
pul,5,46,0.01,-0.23574319753319,576240,1204
pul,5,46,0.1,-0.23738791831489212,576240,1204
pul,0,47,0.001,-2.276800984677816,1,1
pul,0,47,0.01,-2.276800977296033,1,1
pul,0,47,0.1,-2.2768009034966576,1,1
pul,1,47,0.001,-0.07695891657145844,15,14
pul,1,47,0.01,-0.07695983659609874,15,14
pul,1,47,0.1,-0.07696903968897409,15,14
pul,2,47,0.001,-0.07309010101360937,210,70
pul,2,47,0.01,-0.0730716773557667,210,70
pul,2,47,0.1,-0.07310023572144168,210,70
pul,3,47,0.001,-0.07297222240390969,2940,260
pul,3,47,0.01,-0.07260299674129109,2940,260
pul,3,47,0.1,-0.07251829772975192,2940,260
pul,4,47,0.001,-0.10042591310604437,41160,665
pul,4,47,0.01,-0.09902143293228452,41160,665
pul,4,47,0.1,-0.09987483823770682,41160,665
pul,5,47,0.001,-0.22990292078745622,576240,1195
pul,5,47,0.01,-0.2269875476993066,576240,1195
pul,5,47,0.1,-0.2299911350872482,576240,1195
pul,0,48,0.001,-2.2630581696780956,1,1
pul,0,48,0.01,-2.26305816964916,1,1
pul,0,48,0.1,-2.263058169375664,1,1
pul,1,48,0.001,-0.06568392146623114,15,14
pul,1,48,0.01,-0.06568483663101805,15,14
pul,1,48,0.1,-0.06569400826113739,15,14
pul,2,48,0.001,-0.06285124036074506,210,71
pul,2,48,0.01,-0.0628042120934105,210,71
pul,2,48,0.1,-0.06293741849960366,210,71
pul,3,48,0.001,-0.07948650370923967,2940,260
pul,3,48,0.01,-0.07480480146593965,2940,260
pul,3,48,0.1,-0.07164407257615217,2940,260
pul,4,48,0.001,-0.10006380463402528,41160,667
pul,4,48,0.01,-0.09463467551977357,41160,667
pul,4,48,0.1,-0.0916942324588002,41160,667
pul,5,48,0.001,-0.20614375928123618,576240,1194
pul,5,48,0.01,-0.20236632098068955,576240,1194
pul,5,48,0.1,-0.20225203831419458,576240,1194
pul,0,49,0.001,-2.1990014800450868,1,1
pul,0,49,0.01,-2.1990014926333963,1,1
pul,0,49,0.1,-2.199001618530467,1,1
pul,1,49,0.001,-0.06613565045491553,15,14
pul,1,49,0.01,-0.06613652896917317,15,14
pul,1,49,0.1,-0.06614531632082636,15,14
pul,2,49,0.001,-0.06286769689072337,210,71
pul,2,49,0.01,-0.06282384702979597,210,71
pul,2,49,0.1,-0.06282190455081747,210,71
pul,3,49,0.001,-0.0681873954581525,2940,268
pul,3,49,0.01,-0.06780102198496045,2940,268
pul,3,49,0.1,-0.06772059756522175,2940,268
pul,4,49,0.001,-0.08983916756127128,41160,668
pul,4,49,0.01,-0.08883930393527102,41160,668
pul,4,49,0.1,-0.08923848797788446,41160,668
pul,5,49,0.001,-0.19110624277144345,576240,1233
pul,5,49,0.01,-0.18733647082335467,576240,1233
pul,5,49,0.1,-0.1875899765254159,576240,1233
pul,0,50,0.001,-2.229948166609096,1,1
pul,0,50,0.01,-2.2299481647046138,1,1
pul,0,50,0.1,-2.2299481456783106,1,1
pul,1,50,0.001,-0.06987458528696103,15,14
pul,1,50,0.01,-0.06987544377468462,15,14
pul,1,50,0.1,-0.06988403290729904,15,14
pul,2,50,0.001,-0.06592396262838418,210,71
pul,2,50,0.01,-0.0659055379325546,210,71
pul,2,50,0.1,-0.06593593587058644,210,71
pul,3,50,0.001,-0.065763533946975,2940,260
pul,3,50,0.01,-0.06545568918853696,2940,260
pul,3,50,0.1,-0.06544022325219542,2940,260
pul,4,50,0.001,-0.09101276411326939,41160,635
pul,4,50,0.01,-0.086587801604091,41160,635
pul,4,50,0.1,-0.08432301807628126,41160,635
pul,5,50,0.001,-0.23906967379770566,576240,1149
pul,5,50,0.01,-0.23002190885062268,576240,1149
pul,5,50,0.1,-0.22701067208739456,576240,1149
